passport,destination,requirement,max_stay_days,verified,source
AD,AE,visa_free,30,,
AD,AF,visa_required,,,
AD,AG,visa_free,180,,
AD,AL,visa_free,90,,
AD,AM,visa_free,180,,
AD,AO,visa_required,,,
AD,AR,visa_free,90,,
AD,AT,visa_free,90,,
AD,AU,eta,,,
AD,AZ,evisa,,,
AD,BA,visa_free,90,,
AD,BB,visa_free,90,,
AD,BD,visa_on_arrival,,,
AD,BE,visa_free,90,,
AD,BF,evisa,,,
AD,BG,visa_free,90,,
AD,BH,visa_on_arrival,,,
AD,BI,visa_on_arrival,,,
AD,BJ,evisa,,,
AD,BN,visa_required,,,
AD,BO,visa_free,90,,
AD,BR,visa_free,90,,
AD,BS,visa_free,90,,
AD,BT,evisa,,,
AD,BW,evisa,,,
AD,BY,visa_free,30,,
AD,BZ,visa_free,,,
AD,CA,eta,,,
AD,CD,evisa,,,
AD,CF,visa_required,,,
AD,CG,visa_required,,,
AD,CH,visa_free,90,,
AD,CI,eta,,,
AD,CL,visa_free,90,,
AD,CM,evisa,,,
AD,CN,visa_free,30,,https://www.fmprc.gov.cn/eng/xw/fyrbt/202602/t20260215_11860467.html
AD,CO,visa_free,90,,
AD,CR,visa_free,180,,
AD,CU,evisa,,,
AD,CV,visa_free,30,,
AD,CY,visa_free,90,,
AD,CZ,visa_free,90,,
AD,DE,visa_free,90,,
AD,DJ,visa_on_arrival,,,
AD,DK,visa_free,90,,
AD,DM,visa_free,21,,
AD,DO,visa_free,30,,
AD,DZ,visa_required,,,
AD,EC,visa_free,90,,
AD,EE,visa_free,90,,
AD,EG,visa_on_arrival,,,
AD,ER,visa_required,,,
AD,ES,visa_free,90,,
AD,ET,evisa,,,
AD,FI,visa_free,90,,
AD,FJ,visa_required,,,
AD,FM,visa_free,30,,
AD,FR,visa_free,90,,
AD,GA,evisa,,,
AD,GB,eta,,,
AD,GD,visa_required,,,
AD,GE,visa_free,365,,
AD,GH,visa_required,,,
AD,GM,visa_free,90,,
AD,GN,evisa,,,
AD,GQ,evisa,,,
AD,GR,visa_free,90,,
AD,GT,visa_free,90,,
AD,GW,visa_on_arrival,,,
AD,GY,evisa,,,
AD,HN,visa_free,90,,
AD,HR,visa_free,90,,
AD,HT,visa_free,90,,
AD,HU,visa_free,90,,
AD,ID,visa_on_arrival,,,
AD,IE,visa_free,90,,
AD,IL,eta,,,
AD,IN,evisa,,,
AD,IQ,evisa,,,
AD,IR,visa_on_arrival,,,
AD,IS,visa_free,90,,
AD,IT,visa_free,90,,
AD,JM,visa_on_arrival,,,
AD,JO,visa_on_arrival,,,
AD,JP,visa_free,90,,
AD,KE,eta,,,
AD,KG,visa_free,60,,
AD,KH,visa_on_arrival,,,
AD,KI,visa_required,,,
AD,KM,visa_on_arrival,,,
AD,KN,evisa,,,
AD,KP,visa_required,,,
AD,KR,eta,,,
AD,KW,visa_on_arrival,,,
AD,KZ,visa_free,90,,
AD,LA,visa_on_arrival,,,
AD,LB,visa_on_arrival,,,
AD,LC,visa_free,42,,
AD,LI,visa_free,90,,
AD,LK,eta,,,
AD,LR,evisa,,,
AD,LS,visa_required,,,
AD,LT,visa_free,90,,
AD,LU,visa_free,90,,
AD,LV,visa_free,90,,
AD,LY,evisa,,,
AD,MA,visa_free,90,,
AD,MC,visa_free,90,,
AD,MD,visa_free,90,,
AD,ME,visa_free,90,,
AD,MG,visa_on_arrival,,,
AD,MH,visa_on_arrival,,,
AD,MK,visa_free,90,,
AD,ML,visa_required,,,
AD,MM,visa_required,,,
AD,MN,evisa,,,
AD,MR,evisa,,,
AD,MT,visa_free,90,,
AD,MU,visa_on_arrival,,,
AD,MV,visa_on_arrival,,,
AD,MW,evisa,,,
AD,MX,visa_free,180,,
AD,MY,visa_free,30,,
AD,MZ,visa_on_arrival,,,
AD,NA,visa_on_arrival,,,
AD,NE,visa_required,,,
AD,NG,evisa,,,
AD,NI,visa_free,90,,
AD,NL,visa_free,90,,
AD,NO,visa_free,90,,
AD,NP,visa_on_arrival,,,
AD,NR,visa_required,,,
AD,NZ,eta,,,
AD,OM,visa_on_arrival,,,
AD,PA,visa_free,90,,
AD,PE,visa_free,180,,
AD,PG,eta,,,
AD,PH,visa_free,30,,
AD,PK,evisa,,,
AD,PL,visa_free,90,,
AD,PS,visa_free,,,
AD,PT,visa_free,90,,
AD,PW,visa_on_arrival,,,
AD,PY,visa_free,90,,
AD,QA,visa_on_arrival,,,
AD,RO,visa_free,90,,
AD,RS,visa_free,90,,
AD,RU,visa_free,90,,
AD,RW,visa_free,30,,
AD,SA,visa_on_arrival,,,
AD,SB,visa_on_arrival,,,
AD,SC,visa_free,90,,
AD,SD,visa_required,,,
AD,SE,visa_free,90,,
AD,SG,visa_free,30,,
AD,SI,visa_free,90,,
AD,SK,visa_free,90,,
AD,SL,evisa,,,
AD,SM,visa_free,90,,
AD,SN,visa_on_arrival,,,
AD,SO,evisa,,,
AD,SR,eta,,,
AD,SS,evisa,,,
AD,ST,visa_free,15,,
AD,SV,visa_free,180,,
AD,SY,evisa,,,
AD,SZ,visa_free,30,,
AD,TD,evisa,,,
AD,TG,evisa,,,
AD,TH,visa_free,60,,
AD,TJ,visa_free,30,,
AD,TL,visa_on_arrival,,,
AD,TM,visa_required,,,
AD,TN,visa_free,90,,
AD,TO,visa_required,,,
AD,TR,visa_free,90,,
AD,TT,visa_required,,,
AD,TV,visa_on_arrival,,,
AD,TW,visa_free,90,,
AD,TZ,visa_on_arrival,,,
AD,UA,visa_free,90,,
AD,UG,evisa,,,
AD,US,eta,,,
AD,UY,visa_free,90,,
AD,UZ,visa_free,30,,
AD,VA,visa_free,90,,
AD,VC,visa_free,90,,
AD,VE,visa_free,90,,
AD,VN,evisa,,,
AD,VU,visa_free,120,,
AD,WS,visa_on_arrival,,,
AD,XK,visa_free,90,,
AD,YE,visa_required,,,
AD,ZA,visa_free,90,,
AD,ZM,visa_free,90,,
AD,ZW,visa_on_arrival,,,
AE,AD,visa_free,90,,
AE,AF,visa_required,,,
AE,AG,visa_free,90,,
AE,AL,visa_free,90,,
AE,AM,visa_free,180,,
AE,AO,visa_free,30,,
AE,AR,visa_free,90,,
AE,AT,visa_free,90,,
AE,AU,evisa,,,
AE,AZ,visa_free,90,,
AE,BA,visa_free,90,,
AE,BB,visa_free,90,,
AE,BD,visa_on_arrival,,,
AE,BE,visa_free,90,,
AE,BF,visa_free,,,
AE,BG,visa_free,90,,
AE,BH,visa_free,,,
AE,BI,visa_on_arrival,,,
AE,BJ,evisa,,,
AE,BN,visa_free,30,,
AE,BO,visa_free,90,,
AE,BR,visa_free,90,,
AE,BS,visa_free,90,,
AE,BT,evisa,,,
AE,BW,visa_free,90,,
AE,BY,visa_free,90,,
AE,BZ,visa_required,,,
AE,CA,eta,,,
AE,CD,evisa,,,
AE,CF,visa_on_arrival,,,
AE,CG,visa_on_arrival,,,
AE,CH,visa_free,90,,
AE,CI,eta,,,
AE,CL,visa_free,90,,
AE,CM,evisa,,,
AE,CN,visa_free,30,,
AE,CO,visa_free,90,,
AE,CR,visa_free,180,,
AE,CU,visa_free,90,,
AE,CV,visa_on_arrival,,,
AE,CY,visa_free,90,,
AE,CZ,visa_free,90,,
AE,DE,visa_free,90,,
AE,DJ,visa_on_arrival,,,
AE,DK,visa_free,90,,
AE,DM,visa_free,180,,
AE,DO,visa_free,30,,
AE,DZ,visa_required,,,
AE,EC,visa_free,90,,
AE,EE,visa_free,90,,
AE,EG,visa_free,180,,
AE,ER,visa_required,,,
AE,ES,visa_free,90,,
AE,ET,visa_on_arrival,,,
AE,FI,visa_free,90,,
AE,FJ,visa_free,120,,
AE,FM,visa_free,30,,
AE,FR,visa_free,90,,
AE,GA,evisa,,,
AE,GB,eta,,,
AE,GD,visa_free,90,,
AE,GE,visa_free,90,,
AE,GH,visa_on_arrival,,,
AE,GM,visa_free,90,,
AE,GN,visa_on_arrival,,,
AE,GQ,visa_free,90,,
AE,GR,visa_free,90,,
AE,GT,visa_free,90,,
AE,GW,visa_on_arrival,,,
AE,GY,visa_free,90,,
AE,HN,visa_free,90,,
AE,HR,visa_free,90,,
AE,HT,visa_free,90,,
AE,HU,visa_free,90,,
AE,ID,visa_on_arrival,,,
AE,IE,visa_free,90,,
AE,IL,eta,,,
AE,IN,visa_on_arrival,,,
AE,IQ,visa_on_arrival,,,
AE,IR,visa_free,15,,
AE,IS,visa_free,90,,
AE,IT,visa_free,90,,
AE,JM,visa_on_arrival,,,
AE,JO,visa_free,90,,
AE,JP,visa_free,90,,
AE,KE,eta,,,
AE,KG,visa_free,60,,
AE,KH,visa_on_arrival,,,
AE,KI,visa_free,90,,
AE,KM,visa_on_arrival,,,
AE,KN,eta,,,
AE,KP,visa_required,,,
AE,KR,eta,,,https://overseas.mofa.go.kr/ch-en/brd/m_23429/view.do?seq=22
AE,KW,visa_free,,,
AE,KZ,visa_free,30,,
AE,LA,visa_on_arrival,,,
AE,LB,visa_free,180,,
AE,LC,visa_free,60,,
AE,LI,visa_free,90,,
AE,LK,eta,,,https://www.immigration.gov.lk/pages_e.php?id=14
AE,LR,evisa,,,
AE,LS,visa_required,,,
AE,LT,visa_free,90,,
AE,LU,visa_free,90,,
AE,LV,visa_free,90,,
AE,LY,evisa,,,
AE,MA,visa_free,90,,
AE,MC,visa_free,90,,
AE,MD,visa_free,90,,
AE,ME,visa_free,90,,
AE,MG,visa_on_arrival,,,
AE,MH,visa_on_arrival,,,
AE,MK,visa_free,90,,
AE,ML,visa_free,90,,
AE,MM,visa_required,,,
AE,MN,visa_free,30,,
AE,MR,evisa,,,
AE,MT,visa_free,90,,
AE,MU,visa_free,90,,
AE,MV,visa_on_arrival,,,
AE,MW,evisa,,,
AE,MX,visa_free,180,,
AE,MY,visa_free,90,,
AE,MZ,visa_free,30,,
AE,NA,visa_on_arrival,,,
AE,NE,visa_required,,,
AE,NG,evisa,,,
AE,NI,visa_free,90,,
AE,NL,visa_free,90,,
AE,NO,visa_free,90,,
AE,NP,visa_on_arrival,,,
AE,NR,visa_free,,,
AE,NZ,eta,,,
AE,OM,visa_free,,,
AE,PA,visa_free,90,,
AE,PE,visa_free,90,,
AE,PG,evisa,,,
AE,PH,visa_free,30,,
AE,PK,visa_free,90,,
AE,PL,visa_free,90,,
AE,PS,visa_free,,,
AE,PT,visa_free,90,,
AE,PW,visa_on_arrival,,,
AE,PY,visa_free,90,,
AE,QA,visa_free,,,
AE,RO,visa_free,90,,
AE,RS,visa_free,90,,
AE,RU,visa_free,90,,
AE,RW,visa_on_arrival,,,
AE,SA,visa_free,,,
AE,SB,visa_free,90,,
AE,SC,visa_free,90,,
AE,SD,visa_free,,,
AE,SE,visa_free,90,,
AE,SG,visa_free,30,,
AE,SI,visa_free,90,,
AE,SK,visa_free,90,,
AE,SL,visa_on_arrival,,,
AE,SM,visa_free,90,,
AE,SN,visa_free,90,,
AE,SO,evisa,,,
AE,SR,eta,,,
AE,SS,evisa,,,
AE,ST,visa_free,15,,
AE,SV,visa_free,180,,
AE,SY,visa_on_arrival,,,
AE,SZ,visa_free,30,,
AE,TD,visa_free,90,,
AE,TG,evisa,,,
AE,TH,visa_free,60,,
AE,TJ,visa_free,30,,
AE,TL,visa_on_arrival,,,
AE,TM,visa_required,,,
AE,TN,visa_free,90,,
AE,TO,visa_free,60,,
AE,TR,visa_free,90,,
AE,TT,visa_on_arrival,,,
AE,TV,visa_on_arrival,,,
AE,TW,evisa,,,
AE,TZ,visa_on_arrival,,,
AE,UA,visa_free,90,,
AE,UG,evisa,,,
AE,US,visa_required,,,
AE,UY,visa_free,90,,
AE,UZ,visa_free,30,,
AE,VA,visa_free,90,,
AE,VC,visa_free,90,,
AE,VE,visa_required,,,
AE,VN,evisa,,,
AE,VU,visa_free,120,,
AE,WS,visa_on_arrival,,,
AE,XK,visa_free,90,,
AE,YE,visa_on_arrival,,,
AE,ZA,visa_free,90,,
AE,ZM,visa_free,90,,
AE,ZW,visa_on_arrival,,,
AF,AD,visa_required,,,
AF,AE,evisa,,,
AF,AG,evisa,,,
AF,AL,evisa,,,
AF,AM,visa_required,,,
AF,AO,visa_required,,,
AF,AR,visa_required,,,
AF,AT,visa_required,,,
AF,AU,evisa,,,
AF,AZ,visa_required,,,
AF,BA,visa_required,,,
AF,BB,visa_required,,,
AF,BD,visa_required,,,
AF,BE,visa_required,,,
AF,BF,evisa,,,
AF,BG,visa_required,,,
AF,BH,evisa,,,
AF,BI,visa_on_arrival,,,
AF,BJ,evisa,,,
AF,BN,visa_required,,,
AF,BO,evisa,,,
AF,BR,visa_required,,,
AF,BS,evisa,,,
AF,BT,evisa,,,
AF,BW,evisa,,,
AF,BY,visa_required,,,
AF,BZ,visa_required,,,
AF,CA,visa_required,,,
AF,CD,evisa,,,
AF,CF,visa_required,,,
AF,CG,visa_required,,,
AF,CH,visa_required,,,
AF,CI,eta,,,
AF,CL,visa_required,,,
AF,CM,evisa,,,
AF,CN,visa_required,,,
AF,CO,evisa,,,
AF,CR,visa_required,,,
AF,CU,visa_required,,,
AF,CV,visa_required,,,
AF,CY,visa_required,,,
AF,CZ,visa_required,,,
AF,DE,visa_required,,,
AF,DJ,visa_on_arrival,,,
AF,DK,visa_required,,,
AF,DM,visa_free,21,,
AF,DO,visa_required,,,
AF,DZ,visa_required,,,
AF,EC,evisa,,,
AF,EE,visa_required,,,
AF,EG,visa_required,,,
AF,ER,visa_required,,,
AF,ES,visa_required,,,
AF,ET,evisa,,,
AF,FI,visa_required,,,
AF,FJ,visa_required,,,
AF,FM,visa_free,30,,
AF,FR,visa_required,,,
AF,GA,evisa,,,
AF,GB,visa_required,,,
AF,GD,visa_required,,,
AF,GE,visa_required,,,
AF,GH,visa_required,,,
AF,GM,visa_required,,,
AF,GN,evisa,,,
AF,GQ,evisa,,,
AF,GR,visa_required,,,
AF,GT,visa_required,,,
AF,GW,visa_on_arrival,,,
AF,GY,evisa,,,
AF,HN,visa_required,,,
AF,HR,visa_required,,,
AF,HT,visa_free,90,,
AF,HU,visa_required,,,
AF,ID,evisa,,,
AF,IE,visa_required,,,
AF,IL,evisa,,,
AF,IN,evisa,,,
AF,IQ,evisa,,,
AF,IR,visa_required,,,
AF,IS,visa_required,,,
AF,IT,visa_required,,,
AF,JM,visa_required,,,
AF,JO,visa_required,,,
AF,JP,visa_required,,,
AF,KE,eta,,,
AF,KG,evisa,,,
AF,KH,visa_on_arrival,,,
AF,KI,visa_required,,,
AF,KM,visa_on_arrival,,,
AF,KN,evisa,,,
AF,KP,visa_required,,,
AF,KR,evisa,,,
AF,KW,visa_required,,,
AF,KZ,evisa,,,
AF,LA,visa_required,,,
AF,LB,visa_required,,,
AF,LC,visa_required,,,
AF,LI,visa_required,,,
AF,LK,eta,,,
AF,LR,evisa,,,
AF,LS,visa_required,,,
AF,LT,visa_required,,,
AF,LU,visa_required,,,
AF,LV,visa_required,,,
AF,LY,evisa,,,
AF,MA,visa_required,,,
AF,MC,visa_required,,,
AF,MD,evisa,,,
AF,ME,visa_required,,,
AF,MG,visa_on_arrival,,,
AF,MH,visa_required,,,
AF,MK,visa_required,,,
AF,ML,visa_required,,,
AF,MM,visa_required,,,
AF,MN,visa_required,,,
AF,MR,evisa,,,
AF,MT,visa_required,,,
AF,MU,visa_required,,,
AF,MV,visa_on_arrival,,,
AF,MW,evisa,,,
AF,MX,visa_required,,,
AF,MY,evisa,,,
AF,MZ,visa_on_arrival,,,
AF,NA,evisa,,,
AF,NE,visa_required,,,
AF,NG,evisa,,,
AF,NI,visa_required,,,
AF,NL,visa_required,,,
AF,NO,visa_required,,,
AF,NP,visa_required,,,
AF,NR,visa_required,,,
AF,NZ,visa_required,,,
AF,OM,evisa,,,
AF,PA,visa_required,,,
AF,PE,visa_required,,,
AF,PG,evisa,,,
AF,PH,visa_required,,,
AF,PK,evisa,,,
AF,PL,visa_required,,,
AF,PS,visa_required,,,
AF,PT,visa_required,,,
AF,PW,visa_on_arrival,,,
AF,PY,visa_required,,,
AF,QA,evisa,,,
AF,RO,visa_required,,,
AF,RS,visa_required,,,
AF,RU,visa_required,,,
AF,RW,visa_on_arrival,,,
AF,SA,visa_required,,,
AF,SB,visa_required,,,
AF,SC,visa_free,90,,
AF,SD,visa_required,,,
AF,SE,visa_required,,,
AF,SG,evisa,,,
AF,SI,visa_required,,,
AF,SK,visa_required,,,
AF,SL,evisa,,,
AF,SM,visa_required,,,
AF,SN,visa_required,,,
AF,SO,evisa,,,
AF,SR,evisa,,,
AF,SS,evisa,,,
AF,ST,evisa,,,
AF,SV,evisa,,,
AF,SY,evisa,,,
AF,SZ,visa_required,,,
AF,TD,evisa,,,
AF,TG,evisa,,,
AF,TH,evisa,,,
AF,TJ,visa_required,,,
AF,TL,visa_on_arrival,,,
AF,TM,visa_required,,,
AF,TN,visa_required,,,
AF,TO,visa_required,,,
AF,TR,visa_required,,,
AF,TT,visa_required,,,
AF,TV,visa_on_arrival,,,
AF,TW,visa_required,,,
AF,TZ,evisa,,,
AF,UA,visa_required,,,
AF,UG,evisa,,,
AF,US,no_admission,,,
AF,UY,visa_required,,,
AF,UZ,visa_required,,,
AF,VA,visa_required,,,
AF,VC,visa_required,,,
AF,VE,visa_required,,,
AF,VN,evisa,,,
AF,VU,evisa,,,
AF,WS,visa_on_arrival,,,
AF,XK,visa_required,,,
AF,YE,visa_required,,,
AF,ZA,visa_required,,,
AF,ZM,evisa,,,
AF,ZW,evisa,,,
AG,AD,visa_free,90,,
AG,AE,evisa,,,
AG,AF,visa_required,,,
AG,AL,visa_free,90,,
AG,AM,visa_on_arrival,,,
AG,AO,visa_free,30,,
AG,AR,visa_required,,,
AG,AT,visa_free,90,,
AG,AU,evisa,,,
AG,AZ,visa_required,,,
AG,BA,visa_free,90,,
AG,BB,visa_free,,,
AG,BD,visa_on_arrival,,,
AG,BE,visa_free,90,,
AG,BF,evisa,,,
AG,BG,visa_free,90,,
AG,BH,evisa,,,
AG,BI,visa_on_arrival,,,
AG,BJ,evisa,,,
AG,BN,visa_required,,,
AG,BO,evisa,,,
AG,BR,visa_free,90,,
AG,BS,visa_free,240,,
AG,BT,evisa,,,
AG,BW,visa_free,90,,
AG,BY,visa_free,30,,
AG,BZ,visa_free,,,
AG,CA,visa_required,,,
AG,CD,evisa,,,
AG,CF,visa_required,,,
AG,CG,visa_required,,,
AG,CH,visa_free,90,,
AG,CI,eta,,,
AG,CL,visa_free,90,,
AG,CM,evisa,,,
AG,CN,visa_free,30,,
AG,CO,visa_free,90,,
AG,CR,visa_free,30,,
AG,CU,visa_free,30,,
AG,CV,visa_on_arrival,,,
AG,CY,visa_free,90,,
AG,CZ,visa_free,90,,
AG,DE,visa_free,90,,
AG,DJ,visa_on_arrival,,,
AG,DK,visa_free,90,,
AG,DM,visa_free,,,
AG,DO,visa_free,30,,
AG,DZ,visa_required,,,
AG,EC,visa_free,90,,
AG,EE,visa_free,90,,
AG,EG,visa_on_arrival,,,
AG,ER,visa_required,,,
AG,ES,visa_free,90,,
AG,ET,evisa,,,
AG,FI,visa_free,90,,
AG,FJ,visa_free,120,,
AG,FM,visa_free,30,,
AG,FR,visa_free,90,,
AG,GA,evisa,,,
AG,GB,eta,,,
AG,GD,visa_free,,,
AG,GE,visa_free,365,,
AG,GH,visa_required,,,
AG,GM,visa_free,90,,
AG,GN,evisa,,,
AG,GQ,evisa,,,
AG,GR,visa_free,90,,
AG,GT,visa_free,90,,
AG,GW,visa_on_arrival,,,
AG,GY,visa_free,180,,
AG,HN,visa_free,90,,
AG,HR,visa_free,90,,
AG,HT,visa_free,90,,
AG,HU,visa_free,90,,
AG,ID,evisa,,,
AG,IE,visa_free,90,,
AG,IL,evisa,,,
AG,IN,evisa,,,
AG,IQ,evisa,,,
AG,IR,visa_on_arrival,,,
AG,IS,visa_free,90,,
AG,IT,visa_free,90,,
AG,JM,visa_free,,,
AG,JO,visa_on_arrival,,,
AG,JP,visa_required,,,
AG,KE,eta,,,
AG,KG,evisa,,,
AG,KH,visa_on_arrival,,,
AG,KI,visa_free,90,,
AG,KM,visa_on_arrival,,,
AG,KN,visa_free,,,
AG,KP,visa_required,,,
AG,KR,eta,,,
AG,KW,visa_required,,,
AG,KZ,evisa,,,
AG,LA,visa_on_arrival,,,
AG,LB,visa_on_arrival,,,
AG,LC,visa_free,,,
AG,LI,visa_free,90,,
AG,LK,eta,,,
AG,LR,evisa,,,
AG,LS,visa_free,90,,
AG,LT,visa_free,90,,
AG,LU,visa_free,90,,
AG,LV,visa_free,90,,
AG,LY,evisa,,,
AG,MA,visa_required,,,
AG,MC,visa_free,90,,
AG,MD,visa_free,90,,
AG,ME,visa_free,90,,
AG,MG,visa_on_arrival,,,
AG,MH,visa_required,,,
AG,MK,visa_free,90,,
AG,ML,visa_required,,,
AG,MM,visa_required,,,
AG,MN,evisa,,,
AG,MR,evisa,,,
AG,MT,visa_free,90,,
AG,MU,visa_free,90,,
AG,MV,visa_on_arrival,,,
AG,MW,visa_free,90,,
AG,MX,visa_required,,,
AG,MY,visa_free,30,,
AG,MZ,visa_on_arrival,,,
AG,NA,visa_on_arrival,,,
AG,NE,visa_required,,,
AG,NG,evisa,,,
AG,NI,visa_free,90,,
AG,NL,visa_free,90,,
AG,NO,visa_free,90,,
AG,NP,visa_on_arrival,,,
AG,NR,visa_required,,,
AG,NZ,visa_required,,,
AG,OM,evisa,,,
AG,PA,visa_free,90,,
AG,PE,visa_free,180,,
AG,PG,eta,,,
AG,PH,visa_free,30,,
AG,PK,evisa,,,
AG,PL,visa_free,90,,
AG,PS,visa_free,,,
AG,PT,visa_free,90,,
AG,PW,visa_on_arrival,,,
AG,PY,visa_required,,,
AG,QA,visa_on_arrival,,,
AG,RO,visa_free,90,,
AG,RS,visa_free,90,,
AG,RU,visa_free,90,,
AG,RW,visa_free,30,,
AG,SA,evisa,,,
AG,SB,visa_on_arrival,,,
AG,SC,visa_free,90,,
AG,SD,visa_required,,,
AG,SE,visa_free,90,,
AG,SG,visa_free,30,,
AG,SI,visa_free,90,,
AG,SK,visa_free,90,,
AG,SL,visa_on_arrival,,,
AG,SM,visa_free,90,,
AG,SN,visa_required,,,
AG,SO,evisa,,,
AG,SR,visa_free,180,,
AG,SS,evisa,,,
AG,ST,evisa,,,
AG,SV,visa_free,180,,
AG,SY,evisa,,,
AG,SZ,visa_free,30,,
AG,TD,evisa,,,
AG,TG,evisa,,,
AG,TH,evisa,,,
AG,TJ,evisa,,,
AG,TL,visa_on_arrival,,,
AG,TM,visa_required,,,
AG,TN,visa_free,90,,
AG,TO,visa_required,,,
AG,TR,visa_on_arrival,,,
AG,TT,visa_free,,,
AG,TV,visa_on_arrival,,,
AG,TW,visa_required,,,
AG,TZ,visa_free,90,,
AG,UA,visa_free,90,,
AG,UG,visa_free,90,,
AG,US,visa_required,,,
AG,UY,visa_required,,,
AG,UZ,visa_free,30,,
AG,VA,visa_free,90,,
AG,VC,visa_free,,,
AG,VE,visa_free,90,,
AG,VN,evisa,,,
AG,VU,visa_free,120,,
AG,WS,visa_on_arrival,,,
AG,XK,visa_free,90,,
AG,YE,visa_required,,,
AG,ZA,visa_free,30,,
AG,ZM,visa_free,90,,
AG,ZW,visa_free,90,,
AL,AD,visa_free,90,,
AL,AE,visa_required,,2026-07-16,https://www.gdrfad.gov.ae/en/node/2086
AL,AF,visa_required,,,
AL,AG,visa_free,180,,
AL,AM,visa_free,180,,
AL,AO,visa_required,,,
AL,AR,visa_required,,,
AL,AT,visa_free,90,,
AL,AU,evisa,,,
AL,AZ,visa_free,90,,
AL,BA,visa_free,90,,
AL,BB,visa_free,28,,
AL,BD,visa_on_arrival,,,
AL,BE,visa_free,90,,
AL,BF,evisa,,,
AL,BG,visa_free,90,,
AL,BH,evisa,,,
AL,BI,visa_on_arrival,,,
AL,BJ,evisa,,,
AL,BN,visa_required,,,
AL,BO,evisa,,,
AL,BR,visa_free,90,,
AL,BS,evisa,,,
AL,BT,evisa,,,
AL,BW,evisa,,,
AL,BY,visa_free,30,,
AL,BZ,visa_required,,,
AL,CA,visa_required,,,
AL,CD,evisa,,,
AL,CF,visa_required,,,
AL,CG,visa_required,,,
AL,CH,visa_free,90,,
AL,CI,eta,,,
AL,CL,visa_free,90,,
AL,CM,evisa,,,
AL,CN,visa_free,90,,
AL,CO,visa_free,90,,
AL,CR,visa_required,,,
AL,CU,evisa,,,
AL,CV,visa_on_arrival,,,
AL,CY,visa_free,90,,
AL,CZ,visa_free,90,,
AL,DE,visa_free,90,,
AL,DJ,visa_on_arrival,,,
AL,DK,visa_free,90,,
AL,DM,visa_free,21,,
AL,DO,visa_free,30,,
AL,DZ,visa_required,,,
AL,EC,evisa,,,
AL,EE,visa_free,90,,
AL,EG,visa_on_arrival,,,
AL,ER,visa_required,,,
AL,ES,visa_free,90,,
AL,ET,evisa,,,
AL,FI,visa_free,90,,
AL,FJ,visa_required,,,
AL,FM,visa_free,30,,
AL,FR,visa_free,90,,
AL,GA,evisa,,,
AL,GB,visa_required,,,
AL,GD,visa_required,,,
AL,GE,visa_free,365,,
AL,GH,visa_required,,,
AL,GM,visa_free,90,,
AL,GN,evisa,,,
AL,GQ,evisa,,,
AL,GR,visa_free,90,,
AL,GT,visa_required,,,
AL,GW,visa_on_arrival,,,
AL,GY,visa_free,90,,
AL,HN,visa_required,,,
AL,HR,visa_free,90,,
AL,HT,visa_free,90,,
AL,HU,visa_free,90,,
AL,ID,visa_on_arrival,,,
AL,IE,visa_required,,,
AL,IL,eta,,,
AL,IN,evisa,,,
AL,IQ,evisa,,,
AL,IR,visa_on_arrival,,,
AL,IS,visa_free,90,,
AL,IT,visa_free,90,,
AL,JM,visa_on_arrival,,,
AL,JO,visa_on_arrival,,,
AL,JP,visa_required,,,
AL,KE,eta,,,
AL,KG,visa_free,60,,
AL,KH,visa_on_arrival,,,
AL,KI,visa_required,,,
AL,KM,visa_on_arrival,,,
AL,KN,evisa,,,
AL,KP,visa_required,,,
AL,KR,eta,,,
AL,KW,visa_required,,,
AL,KZ,visa_free,90,,
AL,LA,visa_on_arrival,,,
AL,LB,visa_required,,,
AL,LC,visa_required,,,
AL,LI,visa_free,90,,
AL,LK,eta,,,
AL,LR,evisa,,,
AL,LS,visa_required,,,
AL,LT,visa_free,90,,
AL,LU,visa_free,90,,
AL,LV,visa_free,90,,
AL,LY,evisa,,,
AL,MA,visa_required,,,
AL,MC,visa_free,90,,
AL,MD,visa_free,90,,
AL,ME,visa_free,90,,
AL,MG,visa_on_arrival,,,
AL,MH,visa_required,,,
AL,MK,visa_free,90,,
AL,ML,visa_required,,,
AL,MM,evisa,,,
AL,MN,evisa,,,
AL,MR,evisa,,,
AL,MT,visa_free,90,,
AL,MU,visa_on_arrival,,,
AL,MV,visa_on_arrival,,,
AL,MW,evisa,,,
AL,MX,visa_required,,,
AL,MY,visa_free,90,,
AL,MZ,visa_on_arrival,,,
AL,NA,evisa,,,
AL,NE,visa_required,,,
AL,NG,evisa,,,
AL,NI,visa_required,,,
AL,NL,visa_free,90,,
AL,NO,visa_free,90,,
AL,NP,visa_on_arrival,,,
AL,NR,visa_required,,,
AL,NZ,visa_required,,,
AL,OM,evisa,,,
AL,PA,visa_required,,,
AL,PE,visa_required,,,
AL,PG,evisa,,,
AL,PH,visa_required,,,
AL,PK,evisa,,,
AL,PL,visa_free,90,,
AL,PS,visa_free,,,
AL,PT,visa_free,90,,
AL,PW,visa_on_arrival,,,
AL,PY,visa_required,,,
AL,QA,evisa,,,
AL,RO,visa_free,90,,
AL,RS,visa_free,90,,
AL,RU,visa_required,,,
AL,RW,visa_free,30,,
AL,SA,visa_on_arrival,,,
AL,SB,visa_required,,,
AL,SC,visa_free,90,,
AL,SD,visa_required,,,
AL,SE,visa_free,90,,
AL,SG,visa_free,30,,
AL,SI,visa_free,90,,
AL,SK,visa_free,90,,
AL,SL,evisa,,,
AL,SM,visa_free,90,,
AL,SN,visa_required,,,
AL,SO,evisa,,,
AL,SR,eta,,,
AL,SS,evisa,,,
AL,ST,evisa,,,
AL,SV,visa_free,180,,
AL,SY,evisa,,,
AL,SZ,visa_required,,,
AL,TD,evisa,,,
AL,TG,evisa,,,
AL,TH,visa_free,60,,
AL,TJ,evisa,,,
AL,TL,visa_on_arrival,,,
AL,TM,visa_required,,,
AL,TN,visa_required,,,
AL,TO,visa_required,,,
AL,TR,visa_free,90,,
AL,TT,visa_free,30,,
AL,TV,visa_on_arrival,,,
AL,TW,visa_free,90,,
AL,TZ,visa_on_arrival,,,
AL,UA,visa_free,90,,
AL,UG,evisa,,,
AL,US,visa_required,,,
AL,UY,visa_required,,,
AL,UZ,evisa,,,
AL,VA,visa_free,90,,
AL,VC,visa_free,90,,
AL,VE,visa_required,,,
AL,VN,evisa,,,
AL,VU,evisa,,,
AL,WS,visa_on_arrival,,,
AL,XK,visa_free,90,,
AL,YE,visa_required,,,
AL,ZA,evisa,,,
AL,ZM,visa_free,90,,
AL,ZW,visa_on_arrival,,,
AM,AD,visa_required,,,
AM,AE,visa_free,90,,
AM,AF,visa_required,,,
AM,AG,visa_free,180,,
AM,AL,visa_free,90,,
AM,AO,visa_required,,,
AM,AR,visa_free,90,,
AM,AT,visa_required,,,
AM,AU,evisa,,,
AM,AZ,no_admission,,,
AM,BA,visa_required,,,
AM,BB,visa_free,28,,
AM,BD,visa_on_arrival,,,
AM,BE,visa_required,,,
AM,BF,evisa,,,
AM,BG,visa_required,,,
AM,BH,evisa,,,
AM,BI,visa_on_arrival,,,
AM,BJ,evisa,,,
AM,BN,visa_required,,,
AM,BO,evisa,,,
AM,BR,visa_free,90,,
AM,BS,visa_free,90,,
AM,BT,evisa,,,
AM,BW,evisa,,,
AM,BY,visa_free,,,
AM,BZ,visa_required,,,
AM,CA,visa_required,,,
AM,CD,evisa,,,
AM,CF,visa_required,,,
AM,CG,visa_required,,,
AM,CH,visa_required,,,
AM,CI,eta,,,
AM,CL,visa_required,,,
AM,CM,evisa,,,
AM,CN,visa_free,90,,
AM,CO,evisa,,,
AM,CR,visa_required,,,
AM,CU,evisa,,,
AM,CV,visa_required,,,
AM,CY,visa_required,,,
AM,CZ,visa_required,,,
AM,DE,visa_required,,,
AM,DJ,visa_on_arrival,,,
AM,DK,visa_required,,,
AM,DM,visa_free,21,,
AM,DO,visa_required,,,
AM,DZ,visa_required,,,
AM,EC,visa_free,90,,
AM,EE,visa_required,,,
AM,EG,visa_on_arrival,,,
AM,ER,visa_required,,,
AM,ES,visa_required,,,
AM,ET,evisa,,,
AM,FI,visa_required,,,
AM,FJ,visa_required,,,
AM,FM,visa_free,30,,
AM,FR,visa_required,,,
AM,GA,evisa,,,
AM,GB,visa_required,,,
AM,GD,visa_required,,,
AM,GE,visa_free,365,,
AM,GH,visa_required,,,
AM,GM,visa_required,,,
AM,GN,evisa,,,
AM,GQ,evisa,,,
AM,GR,visa_required,,,
AM,GT,visa_required,,,
AM,GW,visa_on_arrival,,,
AM,GY,evisa,,,
AM,HN,visa_required,,,
AM,HR,visa_required,,,
AM,HT,visa_free,90,,
AM,HU,visa_required,,,
AM,ID,visa_on_arrival,,,
AM,IE,visa_required,,,
AM,IL,evisa,,,
AM,IN,evisa,,,
AM,IQ,evisa,,,
AM,IR,visa_free,90,,
AM,IS,visa_required,,,
AM,IT,visa_required,,,
AM,JM,visa_on_arrival,,,
AM,JO,visa_on_arrival,,,
AM,JP,visa_required,,,
AM,KE,eta,,,
AM,KG,visa_free,,,
AM,KH,visa_on_arrival,,,
AM,KI,visa_required,,,
AM,KM,visa_on_arrival,,,
AM,KN,evisa,,,
AM,KP,visa_required,,,
AM,KR,evisa,,,
AM,KW,visa_required,,,
AM,KZ,visa_free,90,,
AM,LA,visa_on_arrival,,,
AM,LB,visa_on_arrival,,,
AM,LC,visa_required,,,
AM,LI,visa_required,,,
AM,LK,eta,,,
AM,LR,evisa,,,
AM,LS,visa_required,,,
AM,LT,visa_required,,,
AM,LU,visa_required,,,
AM,LV,visa_required,,,
AM,LY,evisa,,,
AM,MA,visa_required,,,
AM,MC,visa_required,,,
AM,MD,visa_free,90,,
AM,ME,visa_required,,,
AM,MG,visa_on_arrival,,,
AM,MH,visa_required,,,
AM,MK,visa_required,,,
AM,ML,visa_required,,,
AM,MM,visa_required,,,
AM,MN,evisa,,,
AM,MR,evisa,,,
AM,MT,visa_required,,,
AM,MU,visa_on_arrival,,,
AM,MV,visa_on_arrival,,,
AM,MW,evisa,,,
AM,MX,visa_required,,,
AM,MY,visa_free,30,,
AM,MZ,visa_on_arrival,,,
AM,NA,visa_on_arrival,,,
AM,NE,visa_required,,,
AM,NG,evisa,,,
AM,NI,visa_required,,,
AM,NL,visa_required,,,
AM,NO,visa_required,,,
AM,NP,visa_on_arrival,,,
AM,NR,visa_required,,,
AM,NZ,visa_required,,,
AM,OM,visa_free,14,,
AM,PA,visa_free,90,,
AM,PE,visa_required,,,
AM,PG,evisa,,,
AM,PH,visa_required,,,
AM,PK,visa_required,,,
AM,PL,visa_required,,,
AM,PS,visa_free,,,
AM,PT,visa_required,,,
AM,PW,visa_on_arrival,,,
AM,PY,visa_required,,,
AM,QA,visa_on_arrival,,,
AM,RO,visa_required,,,
AM,RS,visa_free,90,,
AM,RU,visa_free,90,,
AM,RW,visa_free,30,,
AM,SA,evisa,,,
AM,SB,visa_required,,,
AM,SC,visa_free,90,,
AM,SD,visa_required,,,
AM,SE,visa_required,,,
AM,SG,evisa,,,
AM,SI,visa_required,,,
AM,SK,visa_required,,,
AM,SL,evisa,,,
AM,SM,visa_required,,,
AM,SN,visa_on_arrival,,,
AM,SO,evisa,,,
AM,SR,eta,,,
AM,SS,evisa,,,
AM,ST,evisa,,,
AM,SV,evisa,,,
AM,SY,evisa,,,
AM,SZ,visa_required,,,
AM,TD,evisa,,,
AM,TG,evisa,,,
AM,TH,visa_on_arrival,,,
AM,TJ,visa_free,90,,
AM,TL,visa_on_arrival,,,
AM,TM,visa_required,,,
AM,TN,visa_required,,,
AM,TO,visa_required,,,
AM,TR,visa_on_arrival,,,
AM,TT,visa_required,,,
AM,TV,visa_on_arrival,,,
AM,TW,visa_required,,,
AM,TZ,visa_on_arrival,,,
AM,UA,visa_free,,,
AM,UG,evisa,,,
AM,US,visa_required,,,
AM,UY,visa_free,90,,
AM,UZ,visa_free,,,
AM,VA,visa_required,,,
AM,VC,visa_free,90,,
AM,VE,visa_required,,,
AM,VN,evisa,,,
AM,VU,evisa,,,
AM,WS,visa_on_arrival,,,
AM,XK,visa_required,,,
AM,YE,visa_required,,,
AM,ZA,visa_required,,,
AM,ZM,evisa,,,
AM,ZW,visa_on_arrival,,,
AO,AD,visa_required,,,
AO,AE,evisa,,,
AO,AF,visa_required,,,
AO,AG,evisa,,,
AO,AL,evisa,,,
AO,AM,visa_required,,,
AO,AR,visa_required,,,
AO,AT,visa_required,,,
AO,AU,evisa,,,
AO,AZ,visa_required,,,
AO,BA,visa_required,,,
AO,BB,visa_free,90,,
AO,BD,visa_on_arrival,,,
AO,BE,visa_required,,,
AO,BF,evisa,,,
AO,BG,visa_required,,,
AO,BH,evisa,,,
AO,BI,visa_on_arrival,,,
AO,BJ,visa_free,90,,
AO,BN,visa_required,,,
AO,BO,evisa,,,
AO,BR,visa_required,,,
AO,BS,evisa,,,
AO,BT,evisa,,,
AO,BW,visa_free,90,,
AO,BY,visa_required,,,
AO,BZ,visa_required,,,
AO,CA,visa_required,,,
AO,CD,evisa,,,
AO,CF,visa_required,,,
AO,CG,visa_required,,,
AO,CH,visa_required,,,
AO,CI,eta,,,
AO,CL,visa_required,,,
AO,CM,evisa,,,
AO,CN,visa_required,,,
AO,CO,evisa,,,
AO,CR,visa_required,,,
AO,CU,evisa,,,
AO,CV,visa_free,,,
AO,CY,visa_required,,,
AO,CZ,visa_required,,,
AO,DE,visa_required,,,
AO,DJ,visa_on_arrival,,,
AO,DK,visa_required,,,
AO,DM,visa_free,21,,
AO,DO,visa_required,,,
AO,DZ,visa_required,,,
AO,EC,evisa,,,
AO,EE,visa_required,,,
AO,EG,visa_required,,,
AO,ER,visa_required,,,
AO,ES,visa_required,,,
AO,ET,visa_on_arrival,,,
AO,FI,visa_required,,,
AO,FJ,visa_required,,,
AO,FM,visa_free,30,,
AO,FR,visa_required,,,
AO,GA,evisa,,,
AO,GB,visa_required,,,
AO,GD,visa_required,,,
AO,GE,evisa,,,
AO,GH,visa_on_arrival,,,
AO,GM,visa_free,90,,
AO,GN,evisa,,,
AO,GQ,evisa,,,
AO,GR,visa_required,,,
AO,GT,visa_required,,,
AO,GW,visa_on_arrival,,,
AO,GY,evisa,,,
AO,HN,visa_required,,,
AO,HR,visa_required,,,
AO,HT,visa_free,90,,
AO,HU,visa_required,,,
AO,ID,evisa,,,
AO,IE,visa_required,,,
AO,IL,evisa,,,
AO,IN,evisa,,,
AO,IQ,evisa,,,
AO,IR,visa_on_arrival,,,
AO,IS,visa_required,,,
AO,IT,visa_required,,,
AO,JM,visa_required,,,
AO,JO,visa_required,,,
AO,JP,visa_required,,,
AO,KE,visa_free,60,,
AO,KG,evisa,,,
AO,KH,visa_on_arrival,,,
AO,KI,visa_required,,,
AO,KM,visa_on_arrival,,,
AO,KN,evisa,,,
AO,KP,visa_required,,,
AO,KR,evisa,,,
AO,KW,visa_required,,,
AO,KZ,evisa,,,
AO,LA,visa_on_arrival,,,
AO,LB,visa_required,,,
AO,LC,visa_required,,,
AO,LI,visa_required,,,
AO,LK,eta,,,
AO,LR,evisa,,,
AO,LS,visa_required,,,
AO,LT,visa_required,,,
AO,LU,visa_required,,,
AO,LV,visa_required,,,
AO,LY,evisa,,,
AO,MA,visa_required,,,
AO,MC,visa_required,,,
AO,MD,evisa,,,
AO,ME,visa_required,,,
AO,MG,visa_on_arrival,,,
AO,MH,visa_required,,,
AO,MK,visa_required,,,
AO,ML,visa_required,,,
AO,MM,visa_required,,,
AO,MN,evisa,,,
AO,MR,evisa,,,
AO,MT,visa_required,,,
AO,MU,visa_free,90,,
AO,MV,visa_on_arrival,,,
AO,MW,evisa,,,
AO,MX,visa_required,,,
AO,MY,evisa,,,
AO,MZ,visa_free,30,,
AO,NA,visa_free,90,,
AO,NE,visa_required,,,
AO,NG,evisa,,,
AO,NI,visa_on_arrival,,,
AO,NL,visa_required,,,
AO,NO,visa_required,,,
AO,NP,visa_on_arrival,,,
AO,NR,visa_required,,,
AO,NZ,visa_required,,,
AO,OM,evisa,,,
AO,PA,visa_required,,,
AO,PE,visa_required,,,
AO,PG,evisa,,,
AO,PH,visa_free,30,,
AO,PK,evisa,,,
AO,PL,visa_required,,,
AO,PS,visa_required,,,
AO,PT,visa_required,,,
AO,PW,visa_on_arrival,,,
AO,PY,visa_required,,,
AO,QA,evisa,,,
AO,RO,visa_required,,,
AO,RS,visa_required,,,
AO,RU,visa_required,,,
AO,RW,visa_free,90,,
AO,SA,evisa,,,
AO,SB,visa_required,,,
AO,SC,visa_free,90,,
AO,SD,visa_required,,,
AO,SE,visa_required,,,
AO,SG,visa_free,30,,
AO,SI,visa_required,,,
AO,SK,visa_required,,,
AO,SL,visa_on_arrival,,,
AO,SM,visa_required,,,
AO,SN,visa_on_arrival,,,
AO,SO,evisa,,,
AO,SR,evisa,,,
AO,SS,evisa,,,
AO,ST,visa_free,,,
AO,SV,evisa,,,
AO,SY,evisa,,,
AO,SZ,visa_required,,,
AO,TD,evisa,,,
AO,TG,evisa,,,
AO,TH,evisa,,,
AO,TJ,evisa,,,
AO,TL,visa_on_arrival,,,
AO,TM,visa_required,,,
AO,TN,visa_free,90,,
AO,TO,visa_required,,,
AO,TR,visa_required,,,
AO,TT,visa_required,,,
AO,TV,visa_on_arrival,,,
AO,TW,visa_required,,,
AO,TZ,visa_on_arrival,,,
AO,UA,visa_required,,,
AO,UG,visa_free,90,,
AO,US,visa_required,,,
AO,UY,visa_required,,,
AO,UZ,evisa,,,
AO,VA,visa_required,,,
AO,VC,visa_free,90,,
AO,VE,visa_required,,,
AO,VN,evisa,,,
AO,VU,evisa,,,
AO,WS,visa_on_arrival,,,
AO,XK,visa_required,,,
AO,YE,visa_required,,,
AO,ZA,visa_free,30,,
AO,ZM,visa_free,90,,
AO,ZW,visa_free,90,,
AR,AD,visa_free,90,,
AR,AE,visa_free,90,,
AR,AF,visa_required,,,
AR,AG,visa_free,180,,
AR,AL,visa_free,90,,
AR,AM,visa_free,180,,
AR,AO,visa_free,30,,
AR,AT,visa_free,90,,
AR,AU,evisa,,,
AR,AZ,evisa,,,
AR,BA,visa_free,90,,
AR,BB,visa_free,90,,
AR,BD,visa_on_arrival,,,
AR,BE,visa_free,90,,
AR,BF,evisa,,,
AR,BG,visa_free,90,,
AR,BH,visa_on_arrival,,,
AR,BI,visa_on_arrival,,,
AR,BJ,evisa,,,
AR,BN,visa_required,,,
AR,BO,visa_free,90,,
AR,BR,visa_free,90,,
AR,BS,visa_free,90,,
AR,BT,evisa,,,
AR,BW,visa_free,90,,
AR,BY,visa_free,90,,
AR,BZ,visa_free,90,,
AR,CA,visa_required,,,
AR,CD,evisa,,,
AR,CF,visa_required,,,
AR,CG,visa_required,,,
AR,CH,visa_free,90,,
AR,CI,eta,,,
AR,CL,visa_free,90,,
AR,CM,evisa,,,
AR,CN,visa_free,30,,https://www.fmprc.gov.cn/eng/xw/fyrbt/202602/t20260215_11860467.html
AR,CO,visa_free,90,,
AR,CR,visa_free,180,,
AR,CU,evisa,,,
AR,CV,visa_on_arrival,,,
AR,CY,visa_free,90,,
AR,CZ,visa_free,90,,
AR,DE,visa_free,90,,
AR,DJ,visa_on_arrival,,,
AR,DK,visa_free,90,,
AR,DM,visa_free,180,,
AR,DO,visa_free,30,,
AR,DZ,visa_required,,,
AR,EC,visa_free,90,,
AR,EE,visa_free,90,,
AR,EG,visa_on_arrival,,,
AR,ER,visa_required,,,
AR,ES,visa_free,90,,
AR,ET,visa_on_arrival,,,
AR,FI,visa_free,90,,
AR,FJ,visa_free,120,,
AR,FM,visa_free,30,,
AR,FR,visa_free,90,,
AR,GA,evisa,,,
AR,GB,eta,,,
AR,GD,visa_free,30,,
AR,GE,visa_free,365,,
AR,GH,visa_required,,,
AR,GM,visa_required,,,
AR,GN,evisa,,,
AR,GQ,evisa,,,
AR,GR,visa_free,90,,
AR,GT,visa_free,90,,
AR,GW,visa_on_arrival,,,
AR,GY,visa_free,90,,
AR,HN,visa_free,90,,
AR,HR,visa_free,90,,
AR,HT,visa_free,90,,
AR,HU,visa_free,90,,
AR,ID,visa_on_arrival,,,
AR,IE,visa_free,90,,
AR,IL,eta,,,
AR,IN,evisa,,,
AR,IQ,evisa,,,
AR,IR,visa_on_arrival,,,
AR,IS,visa_free,90,,
AR,IT,visa_free,90,,
AR,JM,visa_free,30,,
AR,JO,visa_on_arrival,,,
AR,JP,visa_free,90,,
AR,KE,eta,,,
AR,KG,visa_free,60,,
AR,KH,visa_on_arrival,,,
AR,KI,visa_free,90,,
AR,KM,visa_on_arrival,,,
AR,KN,eta,,,
AR,KP,visa_required,,,
AR,KR,eta,,,
AR,KW,visa_required,,,
AR,KZ,visa_free,30,,
AR,LA,visa_on_arrival,,,
AR,LB,visa_on_arrival,,,
AR,LC,visa_free,42,,
AR,LI,visa_free,90,,
AR,LK,eta,,,
AR,LR,evisa,,,
AR,LS,visa_required,,,
AR,LT,visa_free,90,,
AR,LU,visa_free,90,,
AR,LV,visa_free,90,,
AR,LY,evisa,,,
AR,MA,visa_free,90,,
AR,MC,visa_free,90,,
AR,MD,visa_free,90,,
AR,ME,visa_free,90,,
AR,MG,visa_on_arrival,,,
AR,MH,visa_on_arrival,,,
AR,MK,visa_free,90,,
AR,ML,visa_required,,,
AR,MM,evisa,,,
AR,MN,visa_free,90,,
AR,MR,evisa,,,
AR,MT,visa_free,90,,
AR,MU,visa_free,90,,
AR,MV,visa_on_arrival,,,
AR,MW,evisa,,,
AR,MX,visa_free,180,,
AR,MY,visa_free,90,,
AR,MZ,visa_on_arrival,,,
AR,NA,visa_on_arrival,,,
AR,NE,visa_required,,,
AR,NG,evisa,,,
AR,NI,visa_free,90,,
AR,NL,visa_free,90,,
AR,NO,visa_free,90,,
AR,NP,visa_on_arrival,,,
AR,NR,visa_required,,,
AR,NZ,eta,,,
AR,OM,visa_on_arrival,,,
AR,PA,visa_free,90,,
AR,PE,visa_free,180,,
AR,PG,eta,,,
AR,PH,visa_free,30,,
AR,PK,evisa,,,
AR,PL,visa_free,90,,
AR,PS,visa_free,,,
AR,PT,visa_free,90,,
AR,PW,visa_on_arrival,,,
AR,PY,visa_free,90,,
AR,QA,visa_on_arrival,,,
AR,RO,visa_free,90,,
AR,RS,visa_free,90,,
AR,RU,visa_free,90,,
AR,RW,visa_on_arrival,,,
AR,SA,evisa,,,
AR,SB,visa_on_arrival,,,
AR,SC,visa_free,90,,
AR,SD,visa_required,,,
AR,SE,visa_free,90,,
AR,SG,visa_free,30,,
AR,SI,visa_free,90,,
AR,SK,visa_free,90,,
AR,SL,evisa,,,
AR,SM,visa_free,90,,
AR,SN,visa_on_arrival,,,
AR,SO,evisa,,,
AR,SR,visa_free,180,,
AR,SS,evisa,,,
AR,ST,evisa,,,
AR,SV,visa_free,180,,
AR,SY,evisa,,,
AR,SZ,visa_free,30,,
AR,TD,evisa,,,
AR,TG,evisa,,,
AR,TH,visa_free,90,,
AR,TJ,visa_free,30,,
AR,TL,visa_on_arrival,,,
AR,TM,visa_required,,,
AR,TN,visa_free,90,,
AR,TO,visa_required,,,
AR,TR,visa_free,90,,
AR,TT,visa_free,90,,
AR,TV,visa_on_arrival,,,
AR,TW,visa_required,,,
AR,TZ,visa_on_arrival,,,
AR,UA,visa_free,90,,
AR,UG,evisa,,,
AR,US,visa_required,,,
AR,UY,visa_free,90,,
AR,UZ,visa_free,30,,
AR,VA,visa_free,90,,
AR,VC,visa_free,90,,
AR,VE,visa_free,90,,
AR,VN,evisa,,,
AR,VU,visa_free,120,,
AR,WS,visa_on_arrival,,,
AR,XK,visa_free,90,,
AR,YE,visa_required,,,
AR,ZA,visa_free,90,,
AR,ZM,visa_free,90,,
AR,ZW,visa_on_arrival,,,
AT,AD,visa_free,,,
AT,AE,visa_free,90,,
AT,AF,visa_required,,,
AT,AG,visa_free,180,,
AT,AL,visa_free,90,,
AT,AM,visa_free,180,,
AT,AO,visa_free,30,,
AT,AR,visa_free,90,,
AT,AU,eta,,,
AT,AZ,evisa,,,
AT,BA,visa_free,90,,
AT,BB,visa_free,90,,
AT,BD,visa_on_arrival,,,
AT,BE,visa_free,,,
AT,BF,evisa,,,
AT,BG,visa_free,,,
AT,BH,visa_on_arrival,,,
AT,BI,visa_on_arrival,,,
AT,BJ,evisa,,,
AT,BN,visa_free,90,,
AT,BO,visa_free,90,,
AT,BR,visa_free,90,,
AT,BS,visa_free,90,,
AT,BT,evisa,,,
AT,BW,visa_free,90,,
AT,BY,visa_free,30,,
AT,BZ,visa_free,,,
AT,CA,eta,,,
AT,CD,evisa,,,
AT,CF,visa_required,,,
AT,CG,visa_required,,,
AT,CH,visa_free,,,
AT,CI,eta,,,
AT,CL,visa_free,90,,
AT,CM,evisa,,,
AT,CN,visa_free,30,,https://www.fmprc.gov.cn/eng/xw/fyrbt/202602/t20260215_11860467.html
AT,CO,visa_free,90,,
AT,CR,visa_free,180,,
AT,CU,evisa,,,
AT,CV,visa_free,30,,
AT,CY,visa_free,,,
AT,CZ,visa_free,,,
AT,DE,visa_free,,,
AT,DJ,visa_on_arrival,,,
AT,DK,visa_free,,,
AT,DM,visa_free,180,,
AT,DO,visa_free,30,,
AT,DZ,visa_required,,,
AT,EC,visa_free,90,,
AT,EE,visa_free,,,
AT,EG,visa_on_arrival,,,
AT,ER,visa_required,,,
AT,ES,visa_free,,,
AT,ET,visa_on_arrival,,,
AT,FI,visa_free,,,
AT,FJ,visa_free,120,,
AT,FM,visa_free,90,,
AT,FR,visa_free,,,
AT,GA,evisa,,,
AT,GB,eta,,,
AT,GD,visa_free,90,,
AT,GE,visa_free,365,,
AT,GH,visa_required,,,
AT,GM,visa_free,90,,
AT,GN,evisa,,,
AT,GQ,evisa,,,
AT,GR,visa_free,,,
AT,GT,visa_free,90,,
AT,GW,visa_on_arrival,,,
AT,GY,visa_free,90,,
AT,HN,visa_free,90,,
AT,HR,visa_free,,,
AT,HT,visa_free,90,,
AT,HU,visa_free,,,
AT,ID,visa_on_arrival,,,
AT,IE,visa_free,,,
AT,IL,eta,,,
AT,IN,evisa,,,
AT,IQ,evisa,,,
AT,IR,visa_on_arrival,,,
AT,IS,visa_free,,,
AT,IT,visa_free,,,
AT,JM,visa_free,90,,
AT,JO,visa_on_arrival,,,
AT,JP,visa_free,90,,
AT,KE,eta,,,
AT,KG,visa_free,60,,
AT,KH,visa_on_arrival,,,
AT,KI,visa_free,90,,
AT,KM,visa_on_arrival,,,
AT,KN,eta,,,
AT,KP,visa_required,,,
AT,KR,visa_free,90,,
AT,KW,visa_on_arrival,,,
AT,KZ,visa_free,30,,
AT,LA,visa_on_arrival,,,
AT,LB,visa_on_arrival,,,
AT,LC,visa_free,90,,
AT,LI,visa_free,,,
AT,LK,eta,,,
AT,LR,evisa,,,
AT,LS,visa_free,14,,
AT,LT,visa_free,,,
AT,LU,visa_free,,,
AT,LV,visa_free,,,
AT,LY,evisa,,,
AT,MA,visa_free,90,,
AT,MC,visa_free,,,
AT,MD,visa_free,90,,
AT,ME,visa_free,90,,
AT,MG,visa_on_arrival,,,
AT,MH,visa_free,90,,
AT,MK,visa_free,90,,
AT,ML,visa_required,,,
AT,MM,evisa,,,
AT,MN,visa_free,30,,
AT,MR,evisa,,,
AT,MT,visa_free,,,
AT,MU,visa_free,90,,
AT,MV,visa_on_arrival,,,
AT,MW,evisa,,,
AT,MX,visa_free,180,,
AT,MY,visa_free,90,,
AT,MZ,visa_on_arrival,,,
AT,NA,visa_on_arrival,,,
AT,NE,visa_required,,,
AT,NG,evisa,,,
AT,NI,visa_free,90,,
AT,NL,visa_free,,,
AT,NO,visa_free,,,
AT,NP,visa_on_arrival,,,
AT,NR,visa_required,,,
AT,NZ,eta,,,
AT,OM,visa_on_arrival,,,
AT,PA,visa_free,90,,
AT,PE,visa_free,90,,
AT,PG,eta,,,
AT,PH,visa_free,30,,
AT,PK,evisa,,,
AT,PL,visa_free,,,
AT,PS,visa_free,,,
AT,PT,visa_free,,,
AT,PW,visa_free,90,,
AT,PY,visa_free,90,,
AT,QA,visa_on_arrival,,,
AT,RO,visa_free,,,
AT,RS,visa_free,90,,
AT,RU,evisa,,,
AT,RW,visa_on_arrival,,,
AT,SA,visa_on_arrival,,,
AT,SB,visa_free,90,,
AT,SC,visa_free,90,,
AT,SD,visa_required,,,
AT,SE,visa_free,,,
AT,SG,visa_free,90,,
AT,SI,visa_free,,,
AT,SK,visa_free,,,
AT,SL,visa_on_arrival,,,
AT,SM,visa_free,,,
AT,SN,visa_free,90,,
AT,SO,evisa,,,
AT,SR,eta,,,
AT,SS,evisa,,,
AT,ST,visa_free,15,,
AT,SV,visa_free,180,,
AT,SY,evisa,,,
AT,SZ,visa_free,30,,
AT,TD,evisa,,,
AT,TG,evisa,,,
AT,TH,visa_free,60,,
AT,TJ,visa_free,30,,
AT,TL,visa_free,90,,
AT,TM,visa_required,,,
AT,TN,visa_free,90,,
AT,TO,visa_free,90,,
AT,TR,visa_free,90,,
AT,TT,visa_free,90,,
AT,TV,visa_free,90,,
AT,TW,visa_free,90,,
AT,TZ,visa_on_arrival,,,
AT,UA,visa_free,90,,
AT,UG,evisa,,,
AT,US,eta,,,
AT,UY,visa_free,90,,
AT,UZ,visa_free,30,,
AT,VA,visa_free,,,
AT,VC,visa_free,90,,
AT,VE,visa_free,90,,
AT,VN,evisa,,,
AT,VU,visa_free,120,,
AT,WS,visa_free,90,,
AT,XK,visa_free,90,,
AT,YE,visa_required,,,
AT,ZA,visa_free,90,,
AT,ZM,visa_free,90,,
AT,ZW,visa_on_arrival,,,
AU,AD,visa_free,90,,
AU,AE,visa_free,90,,
AU,AF,visa_required,,,
AU,AG,visa_free,180,,
AU,AL,visa_free,90,,
AU,AM,visa_free,180,,
AU,AO,visa_free,30,,
AU,AR,visa_free,90,,
AU,AT,visa_free,90,,
AU,AZ,evisa,,,
AU,BA,visa_free,90,,
AU,BB,visa_free,180,,
AU,BD,visa_on_arrival,,,
AU,BE,visa_free,90,,
AU,BF,evisa,,,
AU,BG,visa_free,90,,
AU,BH,visa_on_arrival,,,
AU,BI,visa_on_arrival,,,
AU,BJ,evisa,,,
AU,BN,visa_on_arrival,,,
AU,BO,visa_free,90,,
AU,BR,evisa,,,
AU,BS,visa_free,90,,
AU,BT,evisa,,,
AU,BW,visa_free,90,,
AU,BY,visa_free,30,,
AU,BZ,visa_free,,,
AU,CA,eta,,,
AU,CD,evisa,,,
AU,CF,visa_required,,,
AU,CG,visa_required,,,
AU,CH,visa_free,90,,
AU,CI,eta,,,
AU,CL,visa_free,90,,
AU,CM,evisa,,,
AU,CN,visa_free,30,,https://www.fmprc.gov.cn/eng/xw/fyrbt/202602/t20260215_11860467.html
AU,CO,visa_free,90,,
AU,CR,visa_free,180,,
AU,CU,evisa,,,
AU,CV,visa_on_arrival,,,
AU,CY,visa_free,90,,
AU,CZ,visa_free,90,,
AU,DE,visa_free,90,,
AU,DJ,visa_on_arrival,,,
AU,DK,visa_free,90,,
AU,DM,visa_free,180,,
AU,DO,visa_free,30,,
AU,DZ,visa_required,,,
AU,EC,visa_free,90,,
AU,EE,visa_free,90,,
AU,EG,visa_on_arrival,,,
AU,ER,visa_required,,,
AU,ES,visa_free,90,,
AU,ET,visa_on_arrival,,,
AU,FI,visa_free,90,,
AU,FJ,visa_free,120,,
AU,FM,visa_free,30,,
AU,FR,visa_free,90,,
AU,GA,evisa,,,
AU,GB,eta,,,https://www.gov.uk/eta
AU,GD,visa_free,90,,
AU,GE,visa_free,365,,
AU,GH,visa_required,,,
AU,GM,visa_free,90,,
AU,GN,evisa,,,
AU,GQ,evisa,,,
AU,GR,visa_free,90,,
AU,GT,visa_free,90,,
AU,GW,visa_on_arrival,,,
AU,GY,visa_free,90,,
AU,HN,visa_free,90,,
AU,HR,visa_free,90,,
AU,HT,visa_free,90,,
AU,HU,visa_free,90,,
AU,ID,visa_on_arrival,,,
AU,IE,visa_free,90,,
AU,IL,eta,,,
AU,IN,evisa,,,
AU,IQ,evisa,,,
AU,IR,visa_on_arrival,,,
AU,IS,visa_free,90,,
AU,IT,visa_free,90,,
AU,JM,visa_free,,,
AU,JO,visa_on_arrival,,,
AU,JP,visa_free,90,,
AU,KE,eta,,,
AU,KG,visa_free,60,,
AU,KH,visa_on_arrival,,,
AU,KI,visa_free,90,,
AU,KM,visa_on_arrival,,,
AU,KN,eta,,,
AU,KP,visa_required,,,
AU,KR,visa_free,90,,
AU,KW,visa_on_arrival,,,
AU,KZ,visa_free,30,,
AU,LA,visa_on_arrival,,,
AU,LB,visa_on_arrival,,,
AU,LC,visa_free,42,,
AU,LI,visa_free,90,,
AU,LK,eta,,,
AU,LR,evisa,,,
AU,LS,visa_free,,,
AU,LT,visa_free,90,,
AU,LU,visa_free,90,,
AU,LV,visa_free,90,,
AU,LY,evisa,,,
AU,MA,visa_free,90,,
AU,MC,visa_free,90,,
AU,MD,visa_free,90,,
AU,ME,visa_free,90,,
AU,MG,visa_on_arrival,,,
AU,MH,visa_on_arrival,,,
AU,MK,visa_free,90,,
AU,ML,visa_required,,,
AU,MM,evisa,,,
AU,MN,visa_free,30,,
AU,MR,evisa,,,
AU,MT,visa_free,90,,
AU,MU,visa_free,90,,
AU,MV,visa_on_arrival,,,
AU,MW,evisa,,,https://evisa.gov.mw/
AU,MX,visa_free,180,,
AU,MY,visa_free,90,,
AU,MZ,visa_on_arrival,,,
AU,NA,visa_on_arrival,,,
AU,NE,visa_required,,,
AU,NG,evisa,,,
AU,NI,visa_free,90,,
AU,NL,visa_free,90,,
AU,NO,visa_free,90,,
AU,NP,visa_on_arrival,,,
AU,NR,visa_required,,,
AU,NZ,visa_free,,,
AU,OM,visa_on_arrival,,,
AU,PA,visa_free,90,,
AU,PE,visa_free,180,,
AU,PG,eta,,,
AU,PH,visa_free,30,,
AU,PK,evisa,,,
AU,PL,visa_free,90,,
AU,PS,visa_free,,,
AU,PT,visa_free,90,,
AU,PW,visa_on_arrival,,,
AU,PY,visa_free,90,,
AU,QA,visa_on_arrival,,,
AU,RO,visa_free,90,,
AU,RS,visa_free,90,,
AU,RU,visa_required,,,
AU,RW,visa_free,30,,
AU,SA,visa_on_arrival,,,
AU,SB,visa_on_arrival,,,
AU,SC,visa_free,90,,
AU,SD,visa_required,,,
AU,SE,visa_free,90,,
AU,SG,visa_free,30,,
AU,SI,visa_free,90,,
AU,SK,visa_free,90,,
AU,SL,visa_on_arrival,,,
AU,SM,visa_free,90,,
AU,SN,visa_on_arrival,,,
AU,SO,evisa,,,
AU,SR,eta,,,
AU,SS,evisa,,,
AU,ST,evisa,,,
AU,SV,visa_free,180,,
AU,SY,evisa,,,
AU,SZ,visa_free,30,,
AU,TD,evisa,,,
AU,TG,evisa,,,
AU,TH,visa_free,60,,
AU,TJ,visa_free,30,,
AU,TL,visa_on_arrival,,,
AU,TM,visa_required,,,
AU,TN,visa_free,90,,
AU,TO,visa_on_arrival,,,
AU,TR,visa_on_arrival,,,
AU,TT,visa_on_arrival,,,
AU,TV,visa_on_arrival,,,
AU,TW,visa_free,90,,
AU,TZ,visa_on_arrival,,,
AU,UA,visa_free,90,,
AU,UG,evisa,,,
AU,US,eta,,,
AU,UY,visa_free,90,,
AU,UZ,visa_free,30,,
AU,VA,visa_free,90,,
AU,VC,visa_free,90,,
AU,VE,visa_free,90,,
AU,VN,evisa,,,
AU,VU,visa_free,120,,
AU,WS,visa_on_arrival,,,
AU,XK,visa_free,90,,
AU,YE,visa_required,,,
AU,ZA,visa_free,90,,
AU,ZM,visa_free,90,,
AU,ZW,visa_on_arrival,,,
AZ,AD,visa_required,,,
AZ,AE,visa_free,90,,
AZ,AF,visa_required,,,
AZ,AG,visa_free,180,,
AZ,AL,visa_free,90,,
AZ,AM,visa_free,180,,
AZ,AO,visa_required,,,
AZ,AR,visa_required,,,
AZ,AT,visa_required,,,
AZ,AU,evisa,,,
AZ,BA,visa_free,90,,
AZ,BB,visa_free,28,,
AZ,BD,visa_on_arrival,,,
AZ,BE,visa_required,,,
AZ,BF,evisa,,,
AZ,BG,visa_required,,,
AZ,BH,evisa,,,
AZ,BI,visa_on_arrival,,,
AZ,BJ,evisa,,,
AZ,BN,visa_required,,,
AZ,BO,evisa,,,
AZ,BR,visa_required,,,
AZ,BS,visa_free,90,,
AZ,BT,evisa,,,
AZ,BW,evisa,,,
AZ,BY,visa_free,,,
AZ,BZ,visa_required,,,
AZ,CA,visa_required,,,
AZ,CD,evisa,,,
AZ,CF,visa_required,,,
AZ,CG,visa_required,,,
AZ,CH,visa_required,,,
AZ,CI,eta,,,
AZ,CL,visa_required,,,
AZ,CM,evisa,,,
AZ,CN,visa_free,30,,
AZ,CO,visa_free,90,,
AZ,CR,visa_required,,,
AZ,CU,evisa,,,
AZ,CV,visa_required,,,
AZ,CY,visa_required,,,
AZ,CZ,visa_required,,,
AZ,DE,visa_required,,,
AZ,DJ,visa_on_arrival,,,
AZ,DK,visa_required,,,
AZ,DM,visa_free,21,,
AZ,DO,visa_required,,,
AZ,DZ,visa_required,,,
AZ,EC,visa_free,90,,
AZ,EE,visa_required,,,
AZ,EG,visa_on_arrival,,,
AZ,ER,visa_required,,,
AZ,ES,visa_required,,,
AZ,ET,evisa,,,
AZ,FI,visa_required,,,
AZ,FJ,visa_required,,,
AZ,FM,visa_free,30,,
AZ,FR,visa_required,,,
AZ,GA,evisa,,,
AZ,GB,visa_required,,,
AZ,GD,visa_free,,,
AZ,GE,visa_free,365,,
AZ,GH,visa_required,,,
AZ,GM,visa_required,,,
AZ,GN,evisa,,,
AZ,GQ,evisa,,,
AZ,GR,visa_required,,,
AZ,GT,visa_required,,,
AZ,GW,visa_on_arrival,,,
AZ,GY,evisa,,,
AZ,HN,visa_required,,,
AZ,HR,visa_required,,,
AZ,HT,visa_free,90,,
AZ,HU,visa_required,,,
AZ,ID,visa_on_arrival,,,
AZ,IE,visa_required,,,
AZ,IL,evisa,,,
AZ,IN,evisa,,,
AZ,IQ,evisa,,,
AZ,IR,visa_free,14,,
AZ,IS,visa_required,,,
AZ,IT,visa_required,,,
AZ,JM,visa_on_arrival,,,
AZ,JO,visa_on_arrival,,,
AZ,JP,visa_required,,,
AZ,KE,eta,,,
AZ,KG,visa_free,30,,
AZ,KH,visa_on_arrival,,,
AZ,KI,visa_required,,,
AZ,KM,visa_on_arrival,,,
AZ,KN,evisa,,,
AZ,KP,visa_required,,,
AZ,KR,evisa,,,
AZ,KW,visa_required,,,
AZ,KZ,visa_free,30,,
AZ,LA,visa_on_arrival,,,
AZ,LB,visa_on_arrival,,,
AZ,LC,visa_required,,,
AZ,LI,visa_required,,,
AZ,LK,eta,,,
AZ,LR,evisa,,,
AZ,LS,visa_required,,,
AZ,LT,visa_required,,,
AZ,LU,visa_required,,,
AZ,LV,visa_required,,,
AZ,LY,evisa,,,
AZ,MA,visa_free,90,,
AZ,MC,visa_required,,,
AZ,MD,visa_free,90,,
AZ,ME,visa_free,90,,
AZ,MG,visa_on_arrival,,,
AZ,MH,visa_on_arrival,,,
AZ,MK,visa_required,,,
AZ,ML,visa_required,,,
AZ,MM,visa_required,,,
AZ,MN,visa_required,,,
AZ,MR,evisa,,,
AZ,MT,visa_required,,,
AZ,MU,visa_on_arrival,,,
AZ,MV,visa_on_arrival,,,
AZ,MW,evisa,,,
AZ,MX,visa_required,,,
AZ,MY,visa_free,30,,
AZ,MZ,visa_on_arrival,,,
AZ,NA,visa_on_arrival,,,
AZ,NE,visa_required,,,
AZ,NG,evisa,,,
AZ,NI,visa_on_arrival,,,
AZ,NL,visa_required,,,
AZ,NO,visa_required,,,
AZ,NP,visa_on_arrival,,,
AZ,NR,visa_required,,,
AZ,NZ,visa_required,,,
AZ,OM,evisa,,,
AZ,PA,visa_required,,,
AZ,PE,visa_required,,,
AZ,PG,evisa,,,
AZ,PH,visa_required,,,
AZ,PK,evisa,,,
AZ,PL,visa_required,,,
AZ,PS,visa_free,,,
AZ,PT,visa_required,,,
AZ,PW,visa_on_arrival,,,
AZ,PY,visa_required,,,
AZ,QA,visa_on_arrival,,,
AZ,RO,visa_required,,,
AZ,RS,visa_free,90,,
AZ,RU,visa_free,90,,
AZ,RW,visa_on_arrival,,,
AZ,SA,visa_on_arrival,,,
AZ,SB,visa_required,,,
AZ,SC,visa_free,90,,
AZ,SD,visa_required,,,
AZ,SE,visa_required,,,
AZ,SG,evisa,,,
AZ,SI,visa_required,,,
AZ,SK,visa_required,,,
AZ,SL,evisa,,,
AZ,SM,visa_required,,,
AZ,SN,visa_required,,,
AZ,SO,evisa,,,
AZ,SR,eta,,,
AZ,SS,evisa,,,
AZ,ST,evisa,,,
AZ,SV,evisa,,,
AZ,SY,visa_on_arrival,,,
AZ,SZ,visa_free,30,,
AZ,TD,evisa,,,
AZ,TG,evisa,,,
AZ,TH,evisa,,,
AZ,TJ,visa_free,90,,
AZ,TL,visa_on_arrival,,,
AZ,TM,visa_required,,,
AZ,TN,visa_required,,,
AZ,TO,visa_required,,,
AZ,TR,visa_free,90,,
AZ,TT,visa_required,,,
AZ,TV,visa_on_arrival,,,
AZ,TW,visa_required,,,
AZ,TZ,visa_free,90,,
AZ,UA,visa_free,,,
AZ,UG,evisa,,,
AZ,US,visa_required,,,
AZ,UY,visa_required,,,
AZ,UZ,visa_free,,,
AZ,VA,visa_required,,,
AZ,VC,visa_free,90,,
AZ,VE,visa_required,,,
AZ,VN,evisa,,,
AZ,VU,visa_free,120,,
AZ,WS,visa_on_arrival,,,
AZ,XK,visa_required,,,
AZ,YE,visa_required,,,
AZ,ZA,visa_required,,,
AZ,ZM,evisa,,,
AZ,ZW,visa_on_arrival,,,
BA,AD,visa_free,90,,
BA,AE,visa_free,90,,
BA,AF,visa_required,,,
BA,AG,evisa,,,
BA,AL,visa_free,90,,
BA,AM,visa_on_arrival,,,
BA,AO,visa_required,,,
BA,AR,visa_free,90,,
BA,AT,visa_free,90,,
BA,AU,evisa,,,
BA,AZ,visa_free,90,,
BA,BB,visa_required,,,
BA,BD,visa_on_arrival,,,
BA,BE,visa_free,90,,
BA,BF,evisa,,,
BA,BG,visa_free,90,,
BA,BH,evisa,,,
BA,BI,visa_on_arrival,,,
BA,BJ,evisa,,,
BA,BN,visa_required,,,
BA,BO,evisa,,,
BA,BR,visa_free,90,,
BA,BS,evisa,,,
BA,BT,evisa,,,
BA,BW,evisa,,,
BA,BY,visa_free,30,,
BA,BZ,visa_required,,,
BA,CA,visa_required,,,
BA,CD,evisa,,,
BA,CF,visa_required,,,
BA,CG,visa_required,,,
BA,CH,visa_free,90,,
BA,CI,eta,,,
BA,CL,visa_free,90,,
BA,CM,evisa,,,
BA,CN,visa_free,90,,
BA,CO,visa_free,90,,
BA,CR,visa_required,,,
BA,CU,visa_free,90,,
BA,CV,visa_on_arrival,,,
BA,CY,visa_free,90,,
BA,CZ,visa_free,90,,
BA,DE,visa_free,90,,
BA,DJ,visa_on_arrival,,,
BA,DK,visa_free,90,,
BA,DM,visa_free,21,,
BA,DO,visa_free,30,,
BA,DZ,visa_required,,,
BA,EC,visa_free,90,,
BA,EE,visa_free,90,,
BA,EG,evisa,,,
BA,ER,visa_required,,,
BA,ES,visa_free,90,,
BA,ET,visa_on_arrival,,,
BA,FI,visa_free,90,,
BA,FJ,visa_required,,,
BA,FM,visa_free,30,,
BA,FR,visa_free,90,,
BA,GA,evisa,,,
BA,GB,visa_required,,,
BA,GD,visa_free,,,
BA,GE,visa_free,365,,
BA,GH,visa_required,,,
BA,GM,visa_free,90,,
BA,GN,evisa,,,
BA,GQ,evisa,,,
BA,GR,visa_free,90,,
BA,GT,visa_required,,,
BA,GW,visa_on_arrival,,,
BA,GY,evisa,,,
BA,HN,visa_required,,,
BA,HR,visa_free,90,,
BA,HT,visa_free,90,,
BA,HU,visa_free,90,,
BA,ID,visa_on_arrival,,,
BA,IE,visa_required,,,
BA,IL,evisa,,,
BA,IN,evisa,,,
BA,IQ,evisa,,,
BA,IR,visa_free,15,,
BA,IS,visa_free,90,,
BA,IT,visa_free,90,,
BA,JM,visa_on_arrival,,,
BA,JO,visa_on_arrival,,,
BA,JP,visa_required,,,
BA,KE,eta,,,
BA,KG,visa_free,60,,
BA,KH,visa_on_arrival,,,
BA,KI,visa_required,,,
BA,KM,visa_on_arrival,,,
BA,KN,evisa,,,
BA,KP,visa_required,,,
BA,KR,eta,,,
BA,KW,visa_required,,,
BA,KZ,evisa,,,
BA,LA,visa_on_arrival,,,
BA,LB,visa_required,,,
BA,LC,visa_free,42,,
BA,LI,visa_free,90,,
BA,LK,eta,,,
BA,LR,evisa,,,
BA,LS,visa_required,,,
BA,LT,visa_free,90,,
BA,LU,visa_free,90,,
BA,LV,visa_free,90,,
BA,LY,evisa,,,
BA,MA,visa_required,,,
BA,MC,visa_free,90,,
BA,MD,visa_free,90,,
BA,ME,visa_free,90,,
BA,MG,visa_on_arrival,,,
BA,MH,visa_on_arrival,,,
BA,MK,visa_free,90,,
BA,ML,visa_required,,,
BA,MM,evisa,,,
BA,MN,evisa,,,
BA,MR,evisa,,,
BA,MT,visa_free,90,,
BA,MU,visa_on_arrival,,,
BA,MV,visa_on_arrival,,,
BA,MW,evisa,,,
BA,MX,visa_required,,,
BA,MY,visa_free,90,,
BA,MZ,visa_on_arrival,,,
BA,NA,evisa,,,
BA,NE,visa_required,,,
BA,NG,evisa,,,
BA,NI,visa_required,,,
BA,NL,visa_free,90,,
BA,NO,visa_free,90,,
BA,NP,visa_on_arrival,,,
BA,NR,visa_required,,,
BA,NZ,visa_required,,,
BA,OM,visa_free,14,,
BA,PA,visa_free,90,,
BA,PE,visa_required,,,
BA,PG,evisa,,,
BA,PH,visa_required,,,
BA,PK,evisa,,,
BA,PL,visa_free,90,,
BA,PS,visa_free,,,
BA,PT,visa_free,90,,
BA,PW,visa_on_arrival,,,
BA,PY,visa_required,,,
BA,QA,visa_on_arrival,,,
BA,RO,visa_free,90,,
BA,RS,visa_free,90,,
BA,RU,visa_free,30,,
BA,RW,visa_on_arrival,,,
BA,SA,evisa,,,
BA,SB,visa_required,,,
BA,SC,visa_free,90,,
BA,SD,visa_required,,,
BA,SE,visa_free,90,,
BA,SG,visa_free,30,,
BA,SI,visa_free,90,,
BA,SK,visa_free,90,,
BA,SL,evisa,,,
BA,SM,visa_free,90,,
BA,SN,visa_required,,,
BA,SO,evisa,,,
BA,SR,eta,,,
BA,SS,evisa,,,
BA,ST,evisa,,,
BA,SV,evisa,,,
BA,SY,evisa,,,
BA,SZ,visa_free,30,,
BA,TD,evisa,,,
BA,TG,evisa,,,
BA,TH,evisa,,,
BA,TJ,visa_free,30,,
BA,TL,visa_on_arrival,,,
BA,TM,visa_required,,,
BA,TN,visa_free,90,,
BA,TO,visa_required,,,
BA,TR,visa_free,90,,
BA,TT,visa_free,30,,
BA,TV,visa_on_arrival,,,
BA,TW,evisa,,,
BA,TZ,visa_on_arrival,,,
BA,UA,visa_free,30,,
BA,UG,evisa,,,
BA,US,visa_required,,,
BA,UY,visa_required,,,
BA,UZ,visa_free,30,,
BA,VA,visa_free,90,,
BA,VC,visa_free,90,,
BA,VE,visa_required,,,
BA,VN,evisa,,,
BA,VU,evisa,,,
BA,WS,visa_on_arrival,,,
BA,XK,visa_required,,,
BA,YE,visa_required,,,
BA,ZA,visa_required,,,
BA,ZM,visa_free,90,,
BA,ZW,visa_on_arrival,,,
BB,AD,visa_free,90,,
BB,AE,visa_free,90,,
BB,AF,visa_required,,,
BB,AG,visa_free,180,,
BB,AL,visa_free,90,,
BB,AM,visa_on_arrival,,,
BB,AO,visa_free,30,,
BB,AR,visa_free,90,,
BB,AT,visa_free,90,,
BB,AU,evisa,,,
BB,AZ,evisa,,,
BB,BA,visa_free,90,,
BB,BD,visa_free,90,,
BB,BE,visa_free,90,,
BB,BF,evisa,,,
BB,BG,visa_free,90,,
BB,BH,evisa,,,
BB,BI,visa_on_arrival,,,
BB,BJ,evisa,,,
BB,BN,visa_required,,,
BB,BO,evisa,,,
BB,BR,visa_free,90,,
BB,BS,visa_free,90,,
BB,BT,evisa,,,
BB,BW,visa_free,90,,
BB,BY,visa_free,30,,
BB,BZ,visa_free,,,
BB,CA,eta,,,
BB,CD,evisa,,,
BB,CF,visa_required,,,
BB,CG,visa_required,,,
BB,CH,visa_free,90,,
BB,CI,eta,,,
BB,CL,visa_free,90,,
BB,CM,evisa,,,
BB,CN,visa_free,30,,
BB,CO,visa_free,90,,
BB,CR,visa_free,180,,
BB,CU,visa_free,28,,
BB,CV,visa_on_arrival,,,
BB,CY,visa_free,90,,
BB,CZ,visa_free,90,,
BB,DE,visa_free,90,,
BB,DJ,visa_on_arrival,,,
BB,DK,visa_free,90,,
BB,DM,visa_free,180,,
BB,DO,visa_free,30,,
BB,DZ,visa_required,,,
BB,EC,visa_free,90,,
BB,EE,visa_free,90,,
BB,EG,visa_on_arrival,,,
BB,ER,visa_required,,,
BB,ES,visa_free,90,,
BB,ET,evisa,,,
BB,FI,visa_free,90,,
BB,FJ,visa_free,120,,
BB,FM,visa_free,30,,
BB,FR,visa_free,90,,
BB,GA,evisa,,,
BB,GB,eta,,,
BB,GD,visa_free,90,,
BB,GE,visa_free,365,,
BB,GH,visa_free,60,,
BB,GM,visa_free,90,,
BB,GN,evisa,,,
BB,GQ,visa_free,,,
BB,GR,visa_free,90,,
BB,GT,visa_free,90,,
BB,GW,visa_on_arrival,,,
BB,GY,visa_free,180,,
BB,HN,visa_free,90,,
BB,HR,visa_free,90,,
BB,HT,visa_free,90,,
BB,HU,visa_free,90,,
BB,ID,evisa,,,
BB,IE,visa_free,90,,
BB,IL,eta,,,
BB,IN,evisa,,,
BB,IQ,evisa,,,
BB,IR,visa_on_arrival,,,
BB,IS,visa_free,90,,
BB,IT,visa_free,90,,
BB,JM,visa_free,,,
BB,JO,visa_on_arrival,,,
BB,JP,visa_free,90,,
BB,KE,visa_free,90,,
BB,KG,evisa,,,
BB,KH,visa_on_arrival,,,
BB,KI,visa_free,90,,
BB,KM,visa_on_arrival,,,
BB,KN,eta,,,
BB,KP,visa_required,,,
BB,KR,eta,,,
BB,KW,visa_required,,,
BB,KZ,evisa,,,
BB,LA,visa_on_arrival,,,
BB,LB,visa_on_arrival,,,
BB,LC,visa_free,42,,
BB,LI,visa_free,90,,
BB,LK,eta,,,
BB,LR,evisa,,,
BB,LS,visa_free,90,,
BB,LT,visa_free,90,,
BB,LU,visa_free,90,,
BB,LV,visa_free,90,,
BB,LY,evisa,,,
BB,MA,visa_required,,,
BB,MC,visa_free,90,,
BB,MD,visa_free,90,,
BB,ME,visa_free,90,,
BB,MG,visa_on_arrival,,,
BB,MH,visa_on_arrival,,,
BB,MK,visa_free,90,,
BB,ML,visa_required,,,
BB,MM,visa_required,,,
BB,MN,evisa,,,
BB,MR,evisa,,,
BB,MT,visa_free,90,,
BB,MU,visa_free,90,,
BB,MV,visa_on_arrival,,,
BB,MW,visa_free,90,,
BB,MX,visa_free,180,,
BB,MY,visa_free,30,,
BB,MZ,visa_on_arrival,,,
BB,NA,visa_on_arrival,,,
BB,NE,visa_required,,,
BB,NG,evisa,,,
BB,NI,visa_free,90,,
BB,NL,visa_free,90,,
BB,NO,visa_free,90,,
BB,NP,visa_on_arrival,,,
BB,NR,visa_required,,,
BB,NZ,visa_required,,,
BB,OM,evisa,,,
BB,PA,visa_free,90,,
BB,PE,visa_free,180,,
BB,PG,eta,,,
BB,PH,visa_free,30,,
BB,PK,evisa,,,
BB,PL,visa_free,90,,
BB,PS,visa_free,,,
BB,PT,visa_free,90,,
BB,PW,visa_on_arrival,,,
BB,PY,visa_required,,,
BB,QA,evisa,,,
BB,RO,visa_free,90,,
BB,RS,visa_free,30,,
BB,RU,evisa,,,
BB,RW,visa_free,30,,
BB,SA,visa_on_arrival,,,
BB,SB,visa_on_arrival,,,
BB,SC,visa_free,90,,
BB,SD,visa_required,,,
BB,SE,visa_free,90,,
BB,SG,visa_free,30,,
BB,SI,visa_free,90,,
BB,SK,visa_free,90,,
BB,SL,visa_on_arrival,,,
BB,SM,visa_free,90,,
BB,SN,visa_on_arrival,,,
BB,SO,evisa,,,
BB,SR,visa_free,180,,
BB,SS,evisa,,,
BB,ST,evisa,,,
BB,SV,visa_free,180,,
BB,SY,evisa,,,
BB,SZ,visa_free,30,,
BB,TD,evisa,,,
BB,TG,evisa,,,
BB,TH,evisa,,,
BB,TJ,evisa,,,
BB,TL,visa_on_arrival,,,
BB,TM,visa_required,,,
BB,TN,visa_free,90,,
BB,TO,visa_on_arrival,,,
BB,TR,evisa,,,
BB,TT,visa_free,,,
BB,TV,visa_on_arrival,,,
BB,TW,visa_required,,,
BB,TZ,visa_free,90,,
BB,UA,evisa,,,
BB,UG,visa_free,90,,
BB,US,visa_required,,,
BB,UY,visa_free,90,,
BB,UZ,visa_free,30,,
BB,VA,visa_free,90,,
BB,VC,visa_free,180,,
BB,VE,visa_free,90,,
BB,VN,evisa,,,
BB,VU,visa_free,120,,
BB,WS,visa_on_arrival,,,
BB,XK,visa_free,90,,
BB,YE,visa_required,,,
BB,ZA,visa_free,30,,
BB,ZM,visa_free,90,,
BB,ZW,visa_free,90,,
BD,AD,visa_required,,,
BD,AE,evisa,,,
BD,AF,visa_required,,,
BD,AG,evisa,,,
BD,AL,evisa,,,
BD,AM,visa_required,,,
BD,AO,visa_required,,,
BD,AR,visa_required,,,
BD,AT,visa_required,,,
BD,AU,evisa,,,
BD,AZ,visa_required,,,
BD,BA,visa_required,,,
BD,BB,visa_free,180,,
BD,BE,visa_required,,,
BD,BF,evisa,,,
BD,BG,visa_required,,,
BD,BH,evisa,,,
BD,BI,visa_on_arrival,,,
BD,BJ,evisa,,,
BD,BN,visa_required,,,
BD,BO,evisa,,,
BD,BR,visa_required,,,
BD,BS,visa_free,90,,
BD,BT,visa_free,14,,
BD,BW,evisa,,,
BD,BY,visa_required,,,
BD,BZ,visa_required,,,
BD,CA,visa_required,,,
BD,CD,evisa,,,
BD,CF,visa_required,,,
BD,CG,visa_required,,,
BD,CH,visa_required,,,
BD,CI,eta,,,
BD,CL,visa_required,,,
BD,CM,evisa,,,
BD,CN,visa_required,,,
BD,CO,evisa,,,
BD,CR,visa_required,,,
BD,CU,visa_required,,,
BD,CV,visa_required,,,
BD,CY,visa_required,,,
BD,CZ,visa_required,,,
BD,DE,visa_required,,,
BD,DJ,visa_on_arrival,,,
BD,DK,visa_required,,,
BD,DM,visa_free,180,,
BD,DO,visa_required,,,
BD,DZ,visa_required,,,
BD,EC,evisa,,,
BD,EE,visa_required,,,
BD,EG,visa_required,,,
BD,ER,visa_required,,,
BD,ES,visa_required,,,
BD,ET,evisa,,,
BD,FI,visa_required,,,
BD,FJ,visa_free,120,,
BD,FM,visa_free,30,,
BD,FR,visa_required,,,
BD,GA,evisa,,,
BD,GB,visa_required,,,
BD,GD,visa_free,90,,
BD,GE,visa_required,,,
BD,GH,visa_required,,,
BD,GM,visa_free,90,,
BD,GN,evisa,,,
BD,GQ,evisa,,,
BD,GR,visa_required,,,
BD,GT,visa_required,,,
BD,GW,visa_on_arrival,,,
BD,GY,evisa,,,
BD,HN,visa_required,,,
BD,HR,visa_required,,,
BD,HT,visa_free,90,,
BD,HU,visa_required,,,
BD,ID,evisa,,,
BD,IE,visa_required,,,
BD,IL,evisa,,,
BD,IN,visa_required,,,
BD,IQ,no_admission,,,
BD,IR,visa_required,,,
BD,IS,visa_required,,,
BD,IT,visa_required,,,
BD,JM,visa_free,,,
BD,JO,visa_required,,,
BD,JP,visa_required,,,
BD,KE,eta,,,
BD,KG,evisa,,,
BD,KH,visa_on_arrival,,,
BD,KI,visa_free,90,,
BD,KM,visa_on_arrival,,,
BD,KN,eta,,,
BD,KP,visa_required,,,
BD,KR,evisa,,,
BD,KW,visa_required,,,
BD,KZ,evisa,,,
BD,LA,visa_required,,,
BD,LB,visa_required,,,
BD,LC,visa_required,,,
BD,LI,visa_required,,,
BD,LK,eta,,,
BD,LR,evisa,,,
BD,LS,visa_required,,,
BD,LT,visa_required,,,
BD,LU,visa_required,,,
BD,LV,visa_required,,,
BD,LY,no_admission,,,
BD,MA,visa_required,,,
BD,MC,visa_required,,,
BD,MD,evisa,,,
BD,ME,visa_required,,,
BD,MG,visa_on_arrival,,,
BD,MH,visa_required,,,
BD,MK,visa_required,,,
BD,ML,visa_required,,,
BD,MM,evisa,,,
BD,MN,visa_required,,,
BD,MR,evisa,,,
BD,MT,visa_required,,,
BD,MU,visa_required,,,
BD,MV,visa_on_arrival,,,
BD,MW,evisa,,,
BD,MX,visa_required,,,
BD,MY,evisa,,,
BD,MZ,evisa,,,
BD,NA,evisa,,,
BD,NE,visa_required,,,
BD,NG,evisa,,,
BD,NI,visa_required,,,
BD,NL,visa_required,,,
BD,NO,visa_required,,,
BD,NP,visa_on_arrival,,,
BD,NR,visa_required,,,
BD,NZ,visa_required,,,
BD,OM,evisa,,,
BD,PA,visa_required,,,
BD,PE,visa_required,,,
BD,PG,evisa,,,
BD,PH,visa_required,,,
BD,PK,evisa,,,
BD,PL,visa_required,,,
BD,PS,visa_required,,,
BD,PT,visa_required,,,
BD,PW,visa_required,,,
BD,PY,visa_required,,,
BD,QA,evisa,,,
BD,RO,visa_required,,,
BD,RS,visa_required,,,
BD,RU,visa_required,,,
BD,RW,visa_free,30,,
BD,SA,visa_required,,,
BD,SB,visa_required,,,
BD,SC,visa_free,90,,
BD,SD,visa_required,,,
BD,SE,visa_required,,,
BD,SG,evisa,,,
BD,SI,visa_required,,,
BD,SK,visa_required,,,
BD,SL,visa_on_arrival,,,
BD,SM,visa_required,,,
BD,SN,visa_required,,,
BD,SO,evisa,,,
BD,SR,evisa,,,
BD,SS,evisa,,,
BD,ST,evisa,,,
BD,SV,evisa,,,
BD,SY,evisa,,,
BD,SZ,visa_required,,,
BD,TD,evisa,,,
BD,TG,evisa,,,
BD,TH,evisa,,,
BD,TJ,evisa,,,
BD,TL,visa_on_arrival,,,
BD,TM,visa_required,,,
BD,TN,visa_required,,,
BD,TO,visa_required,,,
BD,TR,visa_required,,,
BD,TT,visa_free,,,
BD,TV,visa_on_arrival,,,
BD,TW,visa_required,,,
BD,TZ,evisa,,,
BD,UA,visa_required,,,
BD,UG,evisa,,,
BD,US,visa_required,,,
BD,UY,visa_required,,,
BD,UZ,evisa,,,
BD,VA,visa_required,,,
BD,VC,visa_free,90,,
BD,VE,visa_required,,,
BD,VN,evisa,,,
BD,VU,visa_free,120,,
BD,WS,visa_on_arrival,,,
BD,XK,visa_required,,,
BD,YE,visa_required,,,
BD,ZA,visa_required,,,
BD,ZM,evisa,,,
BD,ZW,evisa,,,
BE,AD,visa_free,,,
BE,AE,visa_free,90,,
BE,AF,visa_required,,,
BE,AG,visa_free,180,,
BE,AL,visa_free,90,,
BE,AM,visa_free,180,,
BE,AO,visa_free,30,,
BE,AR,visa_free,90,,
BE,AT,visa_free,,,
BE,AU,eta,,,
BE,AZ,evisa,,,
BE,BA,visa_free,90,,
BE,BB,visa_free,90,,
BE,BD,visa_on_arrival,,,
BE,BF,evisa,,,
BE,BG,visa_free,,,
BE,BH,visa_on_arrival,,,
BE,BI,visa_on_arrival,,,
BE,BJ,evisa,,,
BE,BN,visa_free,90,,
BE,BO,visa_free,90,,
BE,BR,visa_free,90,,
BE,BS,visa_free,240,,
BE,BT,evisa,,,
BE,BW,visa_free,90,,
BE,BY,visa_free,30,,
BE,BZ,visa_free,,,
BE,CA,eta,,,
BE,CD,evisa,,,
BE,CF,visa_required,,,
BE,CG,visa_required,,,
BE,CH,visa_free,,,
BE,CI,eta,,,
BE,CL,visa_free,90,,
BE,CM,evisa,,,
BE,CN,visa_free,30,,https://www.fmprc.gov.cn/eng/xw/fyrbt/202602/t20260215_11860467.html
BE,CO,visa_free,90,,
BE,CR,visa_free,180,,
BE,CU,evisa,,,
BE,CV,visa_free,30,,
BE,CY,visa_free,,,
BE,CZ,visa_free,,,
BE,DE,visa_free,,,
BE,DJ,visa_on_arrival,,,
BE,DK,visa_free,,,
BE,DM,visa_free,180,,
BE,DO,visa_free,30,,
BE,DZ,visa_required,,,
BE,EC,visa_free,90,,
BE,EE,visa_free,,,
BE,EG,visa_on_arrival,,,
BE,ER,visa_required,,,
BE,ES,visa_free,,,
BE,ET,visa_on_arrival,,,
BE,FI,visa_free,,,
BE,FJ,visa_free,120,,
BE,FM,visa_free,90,,
BE,FR,visa_free,,,
BE,GA,evisa,,,
BE,GB,eta,,,
BE,GD,visa_free,90,,
BE,GE,visa_free,365,,
BE,GH,visa_required,,,
BE,GM,visa_free,90,,
BE,GN,evisa,,,
BE,GQ,evisa,,,
BE,GR,visa_free,,,
BE,GT,visa_free,90,,
BE,GW,visa_on_arrival,,,
BE,GY,visa_free,90,,
BE,HN,visa_free,90,,
BE,HR,visa_free,,,
BE,HT,visa_free,90,,
BE,HU,visa_free,,,
BE,ID,visa_on_arrival,,,
BE,IE,visa_free,,,
BE,IL,eta,,,
BE,IN,evisa,,,
BE,IQ,evisa,,,
BE,IR,visa_on_arrival,,,
BE,IS,visa_free,,,
BE,IT,visa_free,,,
BE,JM,visa_free,90,,
BE,JO,visa_on_arrival,,,
BE,JP,visa_free,90,,
BE,KE,eta,,,
BE,KG,visa_free,60,,
BE,KH,visa_on_arrival,,,
BE,KI,visa_free,90,,
BE,KM,visa_on_arrival,,,
BE,KN,eta,,,
BE,KP,visa_required,,,
BE,KR,visa_free,90,,
BE,KW,visa_on_arrival,,,
BE,KZ,visa_free,30,,
BE,LA,visa_on_arrival,,,
BE,LB,visa_on_arrival,,,
BE,LC,visa_free,90,,
BE,LI,visa_free,,,
BE,LK,eta,,,
BE,LR,visa_required,,,
BE,LS,visa_free,14,,
BE,LT,visa_free,,,
BE,LU,visa_free,,,
BE,LV,visa_free,,,
BE,LY,evisa,,,
BE,MA,visa_free,90,,
BE,MC,visa_free,,,
BE,MD,visa_free,90,,
BE,ME,visa_free,90,,
BE,MG,visa_on_arrival,,,
BE,MH,visa_free,90,,
BE,MK,visa_free,90,,
BE,ML,visa_required,,,
BE,MM,evisa,,,
BE,MN,visa_free,30,,
BE,MR,evisa,,,
BE,MT,visa_free,,,
BE,MU,visa_free,90,,
BE,MV,visa_on_arrival,,,
BE,MW,evisa,,,
BE,MX,visa_free,180,,
BE,MY,visa_free,90,,
BE,MZ,visa_free,30,,
BE,NA,visa_on_arrival,,,
BE,NE,visa_required,,,
BE,NG,evisa,,,
BE,NI,visa_free,90,,
BE,NL,visa_free,,,
BE,NO,visa_free,,,
BE,NP,visa_on_arrival,,,
BE,NR,visa_required,,,
BE,NZ,eta,,,
BE,OM,visa_on_arrival,,,
BE,PA,visa_free,90,,
BE,PE,visa_free,90,,
BE,PG,eta,,,
BE,PH,visa_free,30,,
BE,PK,evisa,,,
BE,PL,visa_free,,,
BE,PS,visa_free,,,
BE,PT,visa_free,,,
BE,PW,visa_free,90,,
BE,PY,visa_free,90,,
BE,QA,visa_on_arrival,,,
BE,RO,visa_free,,,
BE,RS,visa_free,90,,
BE,RU,evisa,,,
BE,RW,visa_free,30,,
BE,SA,visa_on_arrival,,,
BE,SB,visa_free,90,,
BE,SC,visa_free,90,,
BE,SD,visa_required,,,
BE,SE,visa_free,,,
BE,SG,visa_free,90,,
BE,SI,visa_free,,,
BE,SK,visa_free,,,
BE,SL,visa_on_arrival,,,
BE,SM,visa_free,,,
BE,SN,visa_free,90,,
BE,SO,evisa,,,
BE,SR,eta,,,
BE,SS,evisa,,,
BE,ST,visa_free,15,,
BE,SV,visa_free,180,,
BE,SY,evisa,,,
BE,SZ,visa_free,30,,
BE,TD,evisa,,,
BE,TG,evisa,,,
BE,TH,visa_free,60,,
BE,TJ,visa_free,30,,
BE,TL,visa_free,90,,
BE,TM,visa_required,,,
BE,TN,visa_free,90,,
BE,TO,visa_free,90,,
BE,TR,visa_free,90,,
BE,TT,visa_free,90,,
BE,TV,visa_free,90,,
BE,TW,visa_free,90,,
BE,TZ,visa_on_arrival,,,
BE,UA,visa_free,90,,
BE,UG,evisa,,,
BE,US,eta,,,
BE,UY,visa_free,90,,
BE,UZ,visa_free,30,,
BE,VA,visa_free,,,
BE,VC,visa_free,90,,
BE,VE,visa_free,90,,
BE,VN,visa_free,45,,
BE,VU,visa_free,120,,
BE,WS,visa_free,90,,
BE,XK,visa_free,90,,
BE,YE,visa_required,,,
BE,ZA,visa_free,90,,
BE,ZM,visa_free,90,,
BE,ZW,visa_on_arrival,,,
BF,AD,visa_required,,,
BF,AE,evisa,,,
BF,AF,visa_required,,,
BF,AG,evisa,,,
BF,AL,evisa,,,
BF,AM,visa_required,,,
BF,AO,visa_required,,,
BF,AR,visa_required,,,
BF,AT,visa_required,,,
BF,AU,evisa,,,
BF,AZ,visa_required,,,
BF,BA,visa_required,,,
BF,BB,visa_free,90,,
BF,BD,visa_free,90,,
BF,BE,visa_required,,,
BF,BG,visa_required,,,
BF,BH,evisa,,,
BF,BI,visa_on_arrival,,,
BF,BJ,visa_free,90,,
BF,BN,visa_required,,,
BF,BO,evisa,,,
BF,BR,visa_required,,,
BF,BS,evisa,,,
BF,BT,evisa,,,
BF,BW,evisa,,,
BF,BY,visa_required,,,
BF,BZ,visa_required,,,
BF,CA,visa_required,,,
BF,CD,evisa,,,
BF,CF,visa_free,90,,
BF,CG,visa_on_arrival,,,
BF,CH,visa_required,,,
BF,CI,visa_free,90,,
BF,CL,visa_required,,,
BF,CM,evisa,,,
BF,CN,visa_required,,,
BF,CO,evisa,,,
BF,CR,visa_required,,,
BF,CU,evisa,,,
BF,CV,visa_free,,,
BF,CY,visa_required,,,
BF,CZ,visa_required,,,
BF,DE,visa_required,,,
BF,DJ,visa_on_arrival,,,
BF,DK,visa_required,,,
BF,DM,visa_free,21,,
BF,DO,visa_required,,,
BF,DZ,visa_required,,,
BF,EC,visa_free,90,,
BF,EE,visa_required,,,
BF,EG,visa_required,,,
BF,ER,visa_required,,,
BF,ES,visa_required,,,
BF,ET,visa_on_arrival,,,
BF,FI,visa_required,,,
BF,FJ,visa_required,,,
BF,FM,visa_free,30,,
BF,FR,visa_required,,,
BF,GA,evisa,,,
BF,GB,visa_required,,,
BF,GD,visa_required,,,
BF,GE,evisa,,,
BF,GH,visa_free,90,,
BF,GM,visa_free,90,,
BF,GN,visa_free,,,
BF,GQ,evisa,,,
BF,GR,visa_required,,,
BF,GT,visa_required,,,
BF,GW,visa_free,,,
BF,GY,evisa,,,
BF,HN,visa_required,,,
BF,HR,visa_required,,,
BF,HT,visa_free,90,,
BF,HU,visa_required,,,
BF,ID,evisa,,,
BF,IE,visa_required,,,
BF,IL,evisa,,,
BF,IN,visa_required,,,
BF,IQ,evisa,,,
BF,IR,visa_on_arrival,,,
BF,IS,visa_required,,,
BF,IT,visa_required,,,
BF,JM,visa_required,,,
BF,JO,visa_required,,,
BF,JP,visa_required,,,
BF,KE,visa_free,60,,
BF,KG,evisa,,,
BF,KH,visa_on_arrival,,,
BF,KI,visa_required,,,
BF,KM,visa_on_arrival,,,
BF,KN,evisa,,,
BF,KP,visa_required,,,
BF,KR,evisa,,,
BF,KW,visa_required,,,
BF,KZ,evisa,,,
BF,LA,visa_on_arrival,,,
BF,LB,visa_required,,,
BF,LC,visa_on_arrival,,,
BF,LI,visa_required,,,
BF,LK,eta,,,
BF,LR,visa_free,,,
BF,LS,visa_required,,,
BF,LT,visa_required,,,
BF,LU,visa_required,,,
BF,LV,visa_required,,,
BF,LY,evisa,,,
BF,MA,eta,,,
BF,MC,visa_required,,,
BF,MD,evisa,,,
BF,ME,visa_required,,,
BF,MG,visa_on_arrival,,,
BF,MH,visa_required,,,
BF,MK,visa_required,,,
BF,ML,visa_free,,,
BF,MM,visa_required,,,
BF,MN,visa_required,,,
BF,MR,evisa,,,
BF,MT,visa_required,,,
BF,MU,visa_on_arrival,,,
BF,MV,visa_on_arrival,,,
BF,MW,evisa,,,
BF,MX,visa_required,,,
BF,MY,evisa,,,
BF,MZ,visa_on_arrival,,,
BF,NA,visa_on_arrival,,,
BF,NE,visa_free,,,
BF,NG,visa_free,,,
BF,NI,visa_on_arrival,,,
BF,NL,visa_required,,,
BF,NO,visa_required,,,
BF,NP,visa_on_arrival,,,
BF,NR,visa_required,,,
BF,NZ,visa_required,,,
BF,OM,evisa,,,
BF,PA,visa_required,,,
BF,PE,visa_required,,,
BF,PG,evisa,,,
BF,PH,visa_free,30,,
BF,PK,evisa,,,
BF,PL,visa_required,,,
BF,PS,visa_required,,,
BF,PT,visa_required,,,
BF,PW,visa_on_arrival,,,
BF,PY,visa_required,,,
BF,QA,evisa,,,
BF,RO,visa_required,,,
BF,RS,visa_required,,,
BF,RU,visa_required,,,
BF,RW,visa_free,30,,
BF,SA,evisa,,,
BF,SB,visa_required,,,
BF,SC,visa_free,90,,
BF,SD,visa_required,,,
BF,SE,visa_required,,,
BF,SG,visa_free,30,,
BF,SI,visa_required,,,
BF,SK,visa_required,,,
BF,SL,visa_free,,,
BF,SM,visa_required,,,
BF,SN,visa_free,90,,
BF,SO,evisa,,,
BF,SR,eta,,,
BF,SS,evisa,,,
BF,ST,evisa,,,
BF,SV,evisa,,,
BF,SY,evisa,,,
BF,SZ,visa_required,,,
BF,TD,visa_free,90,,
BF,TG,visa_free,,,
BF,TH,evisa,,,
BF,TJ,evisa,,,
BF,TL,visa_on_arrival,,,
BF,TM,visa_required,,,
BF,TN,visa_free,90,,
BF,TO,visa_required,,,
BF,TR,visa_required,,,
BF,TT,visa_required,,,
BF,TV,visa_on_arrival,,,
BF,TW,evisa,,,
BF,TZ,evisa,,,
BF,UA,visa_required,,,
BF,UG,evisa,,,
BF,US,visa_required,,,
BF,UY,visa_required,,,
BF,UZ,visa_required,,,
BF,VA,visa_required,,,
BF,VC,visa_free,30,,
BF,VE,visa_required,,,
BF,VN,evisa,,,
BF,VU,evisa,,,
BF,WS,visa_on_arrival,,,
BF,XK,visa_required,,,
BF,YE,visa_required,,,
BF,ZA,visa_required,,,
BF,ZM,evisa,,,
BF,ZW,evisa,,,
BG,AD,visa_free,,,
BG,AE,visa_free,90,,
BG,AF,visa_required,,,
BG,AG,visa_free,180,,
BG,AL,visa_free,90,,
BG,AM,visa_free,180,,
BG,AO,visa_free,30,,
BG,AR,visa_free,90,,
BG,AT,visa_free,,,
BG,AU,eta,,,
BG,AZ,evisa,,,
BG,BA,visa_free,90,,
BG,BB,visa_free,90,,
BG,BD,visa_on_arrival,,,
BG,BE,visa_free,,,
BG,BF,evisa,,,
BG,BH,visa_on_arrival,,,
BG,BI,visa_on_arrival,,,
BG,BJ,evisa,,,
BG,BN,visa_free,90,,
BG,BO,visa_free,90,,
BG,BR,visa_free,90,,
BG,BS,visa_free,90,,
BG,BT,evisa,,,
BG,BW,visa_free,90,,
BG,BY,visa_free,30,,
BG,BZ,visa_free,,,
BG,CA,eta,,,
BG,CD,evisa,,,
BG,CF,visa_required,,,
BG,CG,visa_required,,,
BG,CH,visa_free,,,
BG,CI,eta,,,
BG,CL,visa_free,90,,
BG,CM,evisa,,,
BG,CN,visa_free,30,,https://www.fmprc.gov.cn/eng/xw/fyrbt/202602/t20260215_11860467.html
BG,CO,visa_free,90,,
BG,CR,visa_free,180,,
BG,CU,evisa,,,
BG,CV,visa_free,30,,
BG,CY,visa_free,,,
BG,CZ,visa_free,,,
BG,DE,visa_free,,,
BG,DJ,visa_on_arrival,,,
BG,DK,visa_free,,,
BG,DM,visa_free,180,,
BG,DO,visa_free,30,,
BG,DZ,visa_required,,,
BG,EC,visa_free,90,,
BG,EE,visa_free,,,
BG,EG,visa_on_arrival,,,
BG,ER,visa_required,,,
BG,ES,visa_free,,,
BG,ET,visa_on_arrival,,,
BG,FI,visa_free,,,
BG,FJ,visa_free,120,,
BG,FM,visa_free,90,,
BG,FR,visa_free,,,
BG,GA,evisa,,,
BG,GB,eta,,,
BG,GD,visa_free,90,,
BG,GE,visa_free,365,,
BG,GH,visa_required,,,
BG,GM,visa_free,90,,
BG,GN,evisa,,,
BG,GQ,evisa,,,
BG,GR,visa_free,,,
BG,GT,visa_free,90,,
BG,GW,visa_on_arrival,,,
BG,GY,evisa,,,
BG,HN,visa_free,90,,
BG,HR,visa_free,,,
BG,HT,visa_free,90,,
BG,HU,visa_free,,,
BG,ID,visa_on_arrival,,,
BG,IE,visa_free,,,
BG,IL,eta,,,
BG,IN,evisa,,,
BG,IQ,evisa,,,
BG,IR,visa_on_arrival,,,
BG,IS,visa_free,,,
BG,IT,visa_free,,,
BG,JM,visa_on_arrival,,,
BG,JO,visa_on_arrival,,,
BG,JP,visa_free,90,,
BG,KE,eta,,,
BG,KG,visa_free,60,,
BG,KH,visa_on_arrival,,,
BG,KI,visa_free,90,,
BG,KM,visa_on_arrival,,,
BG,KN,eta,,,
BG,KP,visa_required,,,
BG,KR,visa_free,90,,
BG,KW,visa_on_arrival,,,
BG,KZ,visa_free,30,,
BG,LA,visa_on_arrival,,,
BG,LB,visa_on_arrival,,,
BG,LC,visa_free,90,,
BG,LI,visa_free,,,
BG,LK,eta,,,
BG,LR,evisa,,,
BG,LS,visa_free,14,,
BG,LT,visa_free,,,
BG,LU,visa_free,,,
BG,LV,visa_free,,,
BG,LY,evisa,,,
BG,MA,visa_free,90,,
BG,MC,visa_free,,,
BG,MD,visa_free,90,,
BG,ME,visa_free,90,,
BG,MG,visa_on_arrival,,,
BG,MH,visa_free,90,,
BG,MK,visa_free,90,,
BG,ML,visa_required,,,
BG,MM,evisa,,,
BG,MN,visa_free,30,,
BG,MR,evisa,,,
BG,MT,visa_free,,,
BG,MU,visa_free,90,,
BG,MV,visa_on_arrival,,,
BG,MW,evisa,,,
BG,MX,visa_free,180,,
BG,MY,visa_free,90,,
BG,MZ,visa_on_arrival,,,
BG,NA,visa_on_arrival,,,
BG,NE,visa_required,,,
BG,NG,evisa,,,
BG,NI,visa_free,90,,
BG,NL,visa_free,,,
BG,NO,visa_free,,,
BG,NP,visa_on_arrival,,,
BG,NR,visa_required,,,
BG,NZ,eta,,,
BG,OM,visa_on_arrival,,,
BG,PA,visa_free,90,,
BG,PE,visa_free,90,,
BG,PG,eta,,,
BG,PH,visa_free,30,,
BG,PK,evisa,,,
BG,PL,visa_free,,,
BG,PS,visa_free,,,
BG,PT,visa_free,,,
BG,PW,visa_free,90,,
BG,PY,visa_free,90,,
BG,QA,visa_on_arrival,,,
BG,RO,visa_free,,,
BG,RS,visa_free,90,,
BG,RU,evisa,,,
BG,RW,visa_free,30,,
BG,SA,visa_on_arrival,,,
BG,SB,visa_free,90,,
BG,SC,visa_free,90,,
BG,SD,visa_required,,,
BG,SE,visa_free,,,
BG,SG,visa_free,90,,
BG,SI,visa_free,,,
BG,SK,visa_free,,,
BG,SL,visa_on_arrival,,,
BG,SM,visa_free,,,
BG,SN,visa_free,90,,
BG,SO,evisa,,,
BG,SR,eta,,,
BG,SS,evisa,,,
BG,ST,visa_free,15,,
BG,SV,visa_free,180,,
BG,SY,evisa,,,
BG,SZ,visa_free,30,,
BG,TD,evisa,,,
BG,TG,evisa,,,
BG,TH,visa_free,60,,
BG,TJ,visa_free,30,,
BG,TL,visa_free,90,,
BG,TM,visa_required,,,
BG,TN,visa_free,60,,
BG,TO,visa_free,90,,
BG,TR,visa_free,90,,
BG,TT,visa_free,90,,
BG,TV,visa_free,90,,
BG,TW,visa_free,90,,
BG,TZ,visa_on_arrival,,,
BG,UA,visa_free,90,,
BG,UG,evisa,,,
BG,US,visa_required,,,
BG,UY,visa_free,90,,
BG,UZ,visa_free,30,,
BG,VA,visa_free,,,
BG,VC,visa_free,90,,
BG,VE,visa_free,90,,
BG,VN,visa_free,45,,
BG,VU,visa_free,120,,
BG,WS,visa_free,90,,
BG,XK,visa_free,90,,
BG,YE,visa_required,,,
BG,ZA,visa_free,90,,
BG,ZM,visa_free,90,,
BG,ZW,visa_on_arrival,,,
BH,AD,visa_required,,,
BH,AE,visa_free,,,
BH,AF,visa_required,,,
BH,AG,evisa,,,
BH,AL,evisa,,,
BH,AM,visa_free,180,,
BH,AO,visa_required,,,
BH,AR,visa_required,,,
BH,AT,visa_required,,,
BH,AU,evisa,,,
BH,AZ,visa_on_arrival,,,
BH,BA,visa_required,,,
BH,BB,visa_free,90,,
BH,BD,visa_on_arrival,,,
BH,BE,visa_required,,,
BH,BF,evisa,,,
BH,BG,visa_required,,,
BH,BI,visa_on_arrival,,,
BH,BJ,evisa,,,
BH,BN,visa_on_arrival,,,
BH,BO,evisa,,,
BH,BR,visa_required,,,
BH,BS,visa_free,90,,
BH,BT,evisa,,,
BH,BW,visa_free,90,,
BH,BY,visa_free,30,,
BH,BZ,visa_required,,,
BH,CA,visa_required,,,
BH,CD,evisa,,,
BH,CF,visa_required,,,
BH,CG,visa_required,,,
BH,CH,visa_required,,,
BH,CI,eta,,,
BH,CL,visa_required,,,
BH,CM,evisa,,,
BH,CN,visa_free,30,,https://www.fmprc.gov.cn/eng/xw/fyrbt/202602/t20260215_11860467.html
BH,CO,evisa,,,
BH,CR,visa_required,,,
BH,CU,evisa,,,
BH,CV,visa_required,,,
BH,CY,visa_required,,,
BH,CZ,visa_required,,,
BH,DE,visa_required,,,
BH,DJ,visa_on_arrival,,,
BH,DK,visa_required,,,
BH,DM,visa_free,21,,
BH,DO,visa_free,30,,
BH,DZ,visa_required,,,
BH,EC,visa_free,90,,
BH,EE,visa_required,,,
BH,EG,visa_free,180,,
BH,ER,visa_required,,,
BH,ES,visa_required,,,
BH,ET,visa_on_arrival,,,
BH,FI,visa_required,,,
BH,FJ,visa_required,,,
BH,FM,visa_free,30,,
BH,FR,visa_required,,,
BH,GA,evisa,,,
BH,GB,eta,,,
BH,GD,visa_required,,,
BH,GE,visa_free,365,,
BH,GH,visa_required,,,
BH,GM,visa_required,,,
BH,GN,evisa,,,
BH,GQ,evisa,,,
BH,GR,visa_required,,,
BH,GT,visa_free,90,,
BH,GW,visa_on_arrival,,,
BH,GY,evisa,,,
BH,HN,visa_free,90,,
BH,HR,visa_required,,,
BH,HT,visa_free,90,,
BH,HU,visa_required,,,
BH,ID,visa_on_arrival,,,
BH,IE,visa_required,,,
BH,IL,evisa,,,
BH,IN,evisa,,,
BH,IQ,visa_on_arrival,,,
BH,IR,visa_free,15,,
BH,IS,visa_required,,,
BH,IT,visa_required,,,
BH,JM,visa_required,,,
BH,JO,visa_free,90,,
BH,JP,visa_required,,,
BH,KE,eta,,,
BH,KG,visa_free,60,,
BH,KH,visa_on_arrival,,,
BH,KI,visa_required,,,
BH,KM,visa_on_arrival,,,
BH,KN,eta,,,
BH,KP,visa_required,,,
BH,KR,visa_free,30,,
BH,KW,visa_free,,,
BH,KZ,visa_free,30,,
BH,LA,visa_on_arrival,,,
BH,LB,visa_free,180,,
BH,LC,visa_required,,,
BH,LI,visa_required,,,
BH,LK,eta,,,
BH,LR,evisa,,,
BH,LS,visa_required,,,
BH,LT,visa_required,,,
BH,LU,visa_required,,,
BH,LV,visa_required,,,
BH,LY,evisa,,,
BH,MA,visa_free,90,,
BH,MC,visa_required,,,
BH,MD,evisa,,,
BH,ME,visa_free,90,,
BH,MG,visa_on_arrival,,,
BH,MH,visa_required,,,
BH,MK,visa_required,,,
BH,ML,visa_required,,,
BH,MM,visa_required,,,
BH,MN,visa_required,,,
BH,MR,evisa,,,
BH,MT,visa_required,,,
BH,MU,visa_free,90,,
BH,MV,visa_on_arrival,,,
BH,MW,evisa,,,
BH,MX,visa_required,,,
BH,MY,visa_free,90,,
BH,MZ,visa_on_arrival,,,
BH,NA,evisa,,,
BH,NE,visa_required,,,
BH,NG,evisa,,,
BH,NI,visa_free,90,,
BH,NL,visa_required,,,
BH,NO,visa_required,,,
BH,NP,visa_on_arrival,,,
BH,NR,visa_required,,,
BH,NZ,eta,,,
BH,OM,visa_free,,,
BH,PA,visa_required,,,
BH,PE,visa_required,,,
BH,PG,evisa,,,
BH,PH,visa_free,30,,
BH,PK,visa_free,90,,
BH,PL,visa_required,,,
BH,PS,visa_free,,,
BH,PT,visa_required,,,
BH,PW,visa_on_arrival,,,
BH,PY,visa_required,,,
BH,QA,visa_free,,,
BH,RO,visa_required,,,
BH,RS,visa_free,90,,
BH,RU,evisa,,,
BH,RW,visa_on_arrival,,,
BH,SA,visa_free,,,
BH,SB,visa_required,,,
BH,SC,visa_free,90,,
BH,SD,visa_required,,,
BH,SE,visa_required,,,
BH,SG,visa_free,30,,
BH,SI,visa_required,,,
BH,SK,visa_required,,,
BH,SL,visa_on_arrival,,,
BH,SM,visa_required,,,
BH,SN,visa_on_arrival,,,
BH,SO,evisa,,,
BH,SR,eta,,,
BH,SS,evisa,,,
BH,ST,evisa,,,
BH,SV,visa_free,180,,
BH,SY,visa_on_arrival,,,
BH,SZ,visa_required,,,
BH,TD,evisa,,,
BH,TG,evisa,,,
BH,TH,visa_free,60,,
BH,TJ,visa_free,30,,
BH,TL,visa_on_arrival,,,
BH,TM,visa_required,,,
BH,TN,visa_free,90,,
BH,TO,visa_required,,,
BH,TR,visa_free,90,,
BH,TT,visa_required,,,
BH,TV,visa_on_arrival,,,
BH,TW,evisa,,,
BH,TZ,visa_on_arrival,,,
BH,UA,visa_free,90,,
BH,UG,evisa,,,
BH,US,visa_required,,,
BH,UY,visa_required,,,
BH,UZ,visa_free,10,,
BH,VA,visa_required,,,
BH,VC,visa_free,90,,
BH,VE,visa_required,,,
BH,VN,evisa,,,
BH,VU,visa_free,120,,
BH,WS,visa_on_arrival,,,
BH,XK,visa_free,90,,
BH,YE,visa_on_arrival,,,
BH,ZA,visa_required,,,
BH,ZM,visa_free,90,,
BH,ZW,visa_on_arrival,,,
BI,AD,visa_required,,,
BI,AE,evisa,,,
BI,AF,visa_required,,,
BI,AG,evisa,,,
BI,AL,evisa,,,
BI,AM,visa_required,,,
BI,AO,visa_required,,,
BI,AR,visa_required,,,
BI,AT,visa_required,,,
BI,AU,evisa,,,
BI,AZ,visa_required,,,
BI,BA,visa_required,,,
BI,BB,visa_free,90,,
BI,BD,visa_on_arrival,,,
BI,BE,visa_required,,,
BI,BF,evisa,,,
BI,BG,visa_required,,,
BI,BH,evisa,,,
BI,BJ,visa_free,90,,
BI,BN,visa_required,,,
BI,BO,evisa,,,
BI,BR,visa_required,,,
BI,BS,evisa,,,
BI,BT,evisa,,,
BI,BW,evisa,,,
BI,BY,visa_required,,,
BI,BZ,visa_required,,,
BI,CA,visa_required,,,
BI,CD,visa_free,,,
BI,CF,visa_free,90,,
BI,CG,visa_required,,,
BI,CH,visa_required,,,
BI,CI,eta,,,
BI,CL,visa_required,,,
BI,CM,evisa,,,
BI,CN,visa_required,,,
BI,CO,evisa,,,
BI,CR,visa_required,,,
BI,CU,evisa,,,
BI,CV,visa_required,,,
BI,CY,visa_required,,,
BI,CZ,visa_required,,,
BI,DE,visa_required,,,
BI,DJ,visa_on_arrival,,,
BI,DK,visa_required,,,
BI,DM,visa_free,21,,
BI,DO,visa_required,,,
BI,DZ,visa_required,,,
BI,EC,visa_free,90,,
BI,EE,visa_required,,,
BI,EG,visa_required,,,
BI,ER,visa_required,,,
BI,ES,visa_required,,,
BI,ET,visa_on_arrival,,,
BI,FI,visa_required,,,
BI,FJ,visa_required,,,
BI,FM,visa_free,30,,
BI,FR,visa_required,,,
BI,GA,evisa,,,
BI,GB,visa_required,,,
BI,GD,visa_required,,,
BI,GE,evisa,,,
BI,GH,visa_on_arrival,,,
BI,GM,visa_free,90,,
BI,GN,evisa,,,
BI,GQ,evisa,,,
BI,GR,visa_required,,,
BI,GT,visa_required,,,
BI,GW,visa_on_arrival,,,
BI,GY,evisa,,,
BI,HN,visa_required,,,
BI,HR,visa_required,,,
BI,HT,visa_free,90,,
BI,HU,visa_required,,,
BI,ID,evisa,,,
BI,IE,visa_required,,,
BI,IL,evisa,,,
BI,IN,evisa,,,
BI,IQ,evisa,,,
BI,IR,visa_on_arrival,,,
BI,IS,visa_required,,,
BI,IT,visa_required,,,
BI,JM,visa_required,,,
BI,JO,visa_required,,,
BI,JP,visa_required,,,
BI,KE,visa_free,180,,
BI,KG,evisa,,,
BI,KH,visa_on_arrival,,,
BI,KI,visa_required,,,
BI,KM,visa_on_arrival,,,
BI,KN,evisa,,,
BI,KP,visa_required,,,
BI,KR,evisa,,,
BI,KW,visa_required,,,
BI,KZ,evisa,,,
BI,LA,visa_required,,,
BI,LB,visa_required,,,
BI,LC,visa_on_arrival,,,
BI,LI,visa_required,,,
BI,LK,eta,,,
BI,LR,evisa,,,
BI,LS,visa_required,,,
BI,LT,visa_required,,,
BI,LU,visa_required,,,
BI,LV,visa_required,,,
BI,LY,evisa,,,
BI,MA,visa_required,,,
BI,MC,visa_required,,,
BI,MD,evisa,,,
BI,ME,visa_required,,,
BI,MG,visa_required,,,
BI,MH,visa_required,,,
BI,MK,visa_required,,,
BI,ML,visa_required,,,
BI,MM,visa_required,,,
BI,MN,evisa,,,
BI,MR,evisa,,,
BI,MT,visa_required,,,
BI,MU,visa_free,90,,
BI,MV,visa_on_arrival,,,
BI,MW,evisa,,,
BI,MX,visa_required,,,
BI,MY,evisa,,,
BI,MZ,visa_on_arrival,,,
BI,NA,visa_on_arrival,,,
BI,NE,visa_required,,,
BI,NG,evisa,,,
BI,NI,visa_on_arrival,,,
BI,NL,visa_required,,,
BI,NO,visa_required,,,
BI,NP,visa_on_arrival,,,
BI,NR,visa_required,,,
BI,NZ,visa_required,,,
BI,OM,evisa,,,
BI,PA,visa_required,,,
BI,PE,visa_required,,,
BI,PG,evisa,,,
BI,PH,visa_free,30,,
BI,PK,evisa,,,
BI,PL,visa_required,,,
BI,PS,visa_required,,,
BI,PT,visa_required,,,
BI,PW,visa_on_arrival,,,
BI,PY,visa_required,,,
BI,QA,evisa,,,
BI,RO,visa_required,,,
BI,RS,visa_required,,,
BI,RU,visa_required,,,
BI,RW,visa_free,180,,
BI,SA,evisa,,,
BI,SB,visa_required,,,
BI,SC,visa_free,90,,
BI,SD,visa_required,,,
BI,SE,visa_required,,,
BI,SG,visa_free,30,,
BI,SI,visa_required,,,
BI,SK,visa_required,,,
BI,SL,visa_on_arrival,,,
BI,SM,visa_required,,,
BI,SN,visa_on_arrival,,,
BI,SO,visa_on_arrival,,,
BI,SR,eta,,,
BI,SS,visa_on_arrival,,,
BI,ST,evisa,,,
BI,SV,evisa,,,
BI,SY,evisa,,,
BI,SZ,visa_required,,,
BI,TD,evisa,,,
BI,TG,evisa,,,
BI,TH,evisa,,,
BI,TJ,evisa,,,
BI,TL,visa_on_arrival,,,
BI,TM,visa_required,,,
BI,TN,visa_required,,,
BI,TO,visa_required,,,
BI,TR,visa_required,,,
BI,TT,visa_required,,,
BI,TV,visa_on_arrival,,,
BI,TW,visa_required,,,
BI,TZ,visa_free,90,,
BI,UA,visa_required,,,
BI,UG,visa_free,90,,
BI,US,visa_required,,,
BI,UY,visa_required,,,
BI,UZ,visa_required,,,
BI,VA,visa_required,,,
BI,VC,visa_free,90,,
BI,VE,visa_required,,,
BI,VN,evisa,,,
BI,VU,evisa,,,
BI,WS,visa_on_arrival,,,
BI,XK,visa_required,,,
BI,YE,visa_required,,,
BI,ZA,visa_required,,,
BI,ZM,visa_on_arrival,,,
BI,ZW,visa_on_arrival,,,
BJ,AD,visa_required,,,
BJ,AE,evisa,,,
BJ,AF,visa_required,,,
BJ,AG,evisa,,,
BJ,AL,evisa,,,
BJ,AM,visa_required,,,
BJ,AO,visa_required,,,
BJ,AR,visa_required,,,
BJ,AT,visa_required,,,
BJ,AU,evisa,,,
BJ,AZ,visa_required,,,
BJ,BA,visa_required,,,
BJ,BB,visa_free,90,,
BJ,BD,visa_on_arrival,,,
BJ,BE,visa_required,,,
BJ,BF,visa_free,,,
BJ,BG,visa_required,,,
BJ,BH,evisa,,,
BJ,BI,visa_on_arrival,,,
BJ,BN,visa_required,,,
BJ,BO,evisa,,,
BJ,BR,visa_required,,,
BJ,BS,visa_free,90,,
BJ,BT,evisa,,,
BJ,BW,evisa,,,
BJ,BY,visa_required,,,
BJ,BZ,visa_required,,,
BJ,CA,visa_required,,,
BJ,CD,evisa,,,
BJ,CF,visa_free,90,,
BJ,CG,visa_on_arrival,,,
BJ,CH,visa_required,,,
BJ,CI,visa_free,90,,
BJ,CL,visa_required,,,
BJ,CM,evisa,,,
BJ,CN,visa_required,,,
BJ,CO,evisa,,,
BJ,CR,visa_required,,,
BJ,CU,visa_free,90,,
BJ,CV,visa_free,,,
BJ,CY,visa_required,,,
BJ,CZ,visa_required,,,
BJ,DE,visa_required,,,
BJ,DJ,visa_on_arrival,,,
BJ,DK,visa_required,,,
BJ,DM,visa_free,21,,
BJ,DO,visa_required,,,
BJ,DZ,visa_required,,,
BJ,EC,visa_free,90,,
BJ,EE,visa_required,,,
BJ,EG,visa_required,,,
BJ,ER,visa_required,,,
BJ,ES,visa_required,,,
BJ,ET,visa_on_arrival,,,
BJ,FI,visa_required,,,
BJ,FJ,visa_required,,,
BJ,FM,visa_free,30,,
BJ,FR,visa_required,,,
BJ,GA,evisa,,,
BJ,GB,visa_required,,,
BJ,GD,visa_required,,,
BJ,GE,evisa,,,
BJ,GH,visa_free,90,,
BJ,GM,visa_free,90,,
BJ,GN,visa_free,,,
BJ,GQ,evisa,,,
BJ,GR,visa_required,,,
BJ,GT,visa_required,,,
BJ,GW,visa_free,,,
BJ,GY,evisa,,,
BJ,HN,visa_required,,,
BJ,HR,visa_required,,,
BJ,HT,visa_free,90,,
BJ,HU,visa_required,,,
BJ,ID,evisa,,,
BJ,IE,visa_required,,,
BJ,IL,evisa,,,
BJ,IN,evisa,,,
BJ,IQ,evisa,,,
BJ,IR,visa_on_arrival,,,
BJ,IS,visa_required,,,
BJ,IT,visa_required,,,
BJ,JM,visa_required,,,
BJ,JO,visa_required,,,
BJ,JP,visa_required,,,
BJ,KE,visa_free,60,,
BJ,KG,evisa,,,
BJ,KH,visa_on_arrival,,,
BJ,KI,visa_required,,,
BJ,KM,visa_on_arrival,,,
BJ,KN,evisa,,,
BJ,KP,visa_required,,,
BJ,KR,evisa,,,
BJ,KW,visa_required,,,
BJ,KZ,evisa,,,
BJ,LA,visa_on_arrival,,,
BJ,LB,visa_required,,,
BJ,LC,visa_on_arrival,,,
BJ,LI,visa_required,,,
BJ,LK,eta,,,
BJ,LR,visa_free,,,
BJ,LS,visa_required,,,
BJ,LT,visa_required,,,
BJ,LU,visa_required,,,
BJ,LV,visa_required,,,
BJ,LY,evisa,,,
BJ,MA,evisa,,,
BJ,MC,visa_required,,,
BJ,MD,evisa,,,
BJ,ME,visa_required,,,
BJ,MG,visa_on_arrival,,,
BJ,MH,visa_required,,,
BJ,MK,visa_required,,,
BJ,ML,visa_free,,,
BJ,MM,visa_required,,,
BJ,MN,evisa,,,
BJ,MR,evisa,,,
BJ,MT,visa_required,,,
BJ,MU,visa_free,90,,
BJ,MV,visa_on_arrival,,,
BJ,MW,visa_free,,,
BJ,MX,visa_required,,,
BJ,MY,visa_free,30,,
BJ,MZ,visa_on_arrival,,,
BJ,NA,visa_on_arrival,,,
BJ,NE,visa_free,,,
BJ,NG,visa_free,,,
BJ,NI,visa_on_arrival,,,
BJ,NL,visa_required,,,
BJ,NO,visa_required,,,
BJ,NP,visa_on_arrival,,,
BJ,NR,visa_required,,,
BJ,NZ,visa_required,,,
BJ,OM,evisa,,,
BJ,PA,visa_required,,,
BJ,PE,visa_required,,,
BJ,PG,evisa,,,
BJ,PH,visa_free,30,,
BJ,PK,evisa,,,
BJ,PL,visa_required,,,
BJ,PS,visa_required,,,
BJ,PT,visa_required,,,
BJ,PW,visa_on_arrival,,,
BJ,PY,visa_required,,,
BJ,QA,evisa,,,
BJ,RO,visa_required,,,
BJ,RS,visa_required,,,
BJ,RU,visa_required,,,
BJ,RW,visa_free,90,,
BJ,SA,evisa,,,
BJ,SB,visa_required,,,
BJ,SC,visa_free,90,,
BJ,SD,visa_required,,,
BJ,SE,visa_required,,,
BJ,SG,visa_free,30,,
BJ,SI,visa_required,,,
BJ,SK,visa_required,,,
BJ,SL,visa_free,,,
BJ,SM,visa_required,,,
BJ,SN,visa_free,90,,
BJ,SO,evisa,,,
BJ,SR,eta,,,
BJ,SS,evisa,,,
BJ,ST,evisa,,,
BJ,SV,evisa,,,
BJ,SY,evisa,,,
BJ,SZ,visa_required,,,
BJ,TD,visa_free,90,,
BJ,TG,visa_free,,,
BJ,TH,evisa,,,
BJ,TJ,evisa,,,
BJ,TL,visa_on_arrival,,,
BJ,TM,visa_required,,,
BJ,TN,visa_free,90,,
BJ,TO,visa_required,,,
BJ,TR,visa_required,,,
BJ,TT,visa_required,,,
BJ,TV,visa_on_arrival,,,
BJ,TW,visa_required,,,
BJ,TZ,visa_on_arrival,,,
BJ,UA,visa_required,,,
BJ,UG,evisa,,,
BJ,US,visa_required,,,
BJ,UY,visa_required,,,
BJ,UZ,visa_required,,,
BJ,VA,visa_required,,,
BJ,VC,visa_free,90,,
BJ,VE,visa_required,,,
BJ,VN,evisa,,,
BJ,VU,evisa,,,
BJ,WS,visa_on_arrival,,,
BJ,XK,visa_required,,,
BJ,YE,visa_required,,,
BJ,ZA,visa_free,30,,
BJ,ZM,evisa,,,
BJ,ZW,evisa,,,
BN,AD,visa_free,90,,
BN,AE,visa_free,30,,
BN,AF,visa_required,,,
BN,AG,visa_free,180,,
BN,AL,visa_free,90,,
BN,AM,evisa,,,
BN,AO,visa_required,,,
BN,AR,visa_required,,,
BN,AT,visa_free,90,,
BN,AU,eta,,,
BN,AZ,evisa,,,
BN,BA,visa_free,90,,
BN,BB,visa_free,180,,
BN,BD,visa_required,,,
BN,BE,visa_free,90,,
BN,BF,evisa,,,
BN,BG,visa_free,90,,
BN,BH,visa_on_arrival,,,
BN,BI,visa_on_arrival,,,
BN,BJ,evisa,,,
BN,BO,evisa,,,
BN,BR,visa_required,,,
BN,BS,visa_free,90,,
BN,BT,evisa,,,
BN,BW,visa_free,90,,
BN,BY,visa_required,,,
BN,BZ,visa_free,,,
BN,CA,eta,,,
BN,CD,evisa,,,
BN,CF,visa_required,,,
BN,CG,visa_required,,,
BN,CH,visa_free,90,,
BN,CI,eta,,,
BN,CL,visa_required,,,
BN,CM,evisa,,,
BN,CN,visa_free,30,,
BN,CO,visa_free,90,,
BN,CR,visa_free,30,,
BN,CU,evisa,,,
BN,CV,visa_required,,,
BN,CY,visa_free,90,,
BN,CZ,visa_free,90,,
BN,DE,visa_free,90,,
BN,DJ,visa_on_arrival,,,
BN,DK,visa_free,90,,
BN,DM,visa_free,180,,
BN,DO,visa_free,30,,
BN,DZ,visa_required,,,
BN,EC,visa_free,90,,
BN,EE,visa_free,90,,
BN,EG,visa_on_arrival,,,
BN,ER,visa_required,,,
BN,ES,visa_free,90,,
BN,ET,evisa,,,
BN,FI,visa_free,90,,
BN,FJ,visa_free,120,,
BN,FM,visa_free,30,,
BN,FR,visa_free,90,,
BN,GA,evisa,,,
BN,GB,eta,,,
BN,GD,visa_free,90,,
BN,GE,visa_free,365,,
BN,GH,visa_required,,,
BN,GM,visa_free,90,,
BN,GN,evisa,,,
BN,GQ,evisa,,,
BN,GR,visa_free,90,,
BN,GT,visa_free,90,,
BN,GW,visa_on_arrival,,,
BN,GY,evisa,,,
BN,HN,visa_free,90,,
BN,HR,visa_free,90,,
BN,HT,visa_free,90,,
BN,HU,visa_free,90,,
BN,ID,visa_free,30,,
BN,IE,visa_free,90,,
BN,IL,evisa,,,
BN,IN,evisa,,,
BN,IQ,evisa,,,
BN,IR,visa_free,15,,
BN,IS,visa_free,90,,
BN,IT,visa_free,90,,
BN,JM,visa_free,,,
BN,JO,visa_on_arrival,,,
BN,JP,visa_free,30,,
BN,KE,visa_free,90,,
BN,KG,visa_free,60,,
BN,KH,visa_free,14,,
BN,KI,visa_free,90,,
BN,KM,visa_on_arrival,,,
BN,KN,eta,,,
BN,KP,visa_required,,,
BN,KR,visa_free,30,,
BN,KW,visa_on_arrival,,,
BN,KZ,evisa,,,
BN,LA,visa_free,14,,
BN,LB,visa_required,,,
BN,LC,visa_free,42,,
BN,LI,visa_free,90,,
BN,LK,eta,,,
BN,LR,evisa,,,
BN,LS,visa_free,90,,
BN,LT,visa_free,90,,
BN,LU,visa_free,90,,
BN,LV,visa_free,90,,
BN,LY,evisa,,,
BN,MA,visa_required,,,
BN,MC,visa_free,90,,
BN,MD,visa_free,90,,
BN,ME,visa_free,90,,
BN,MG,visa_on_arrival,,,
BN,MH,visa_on_arrival,,,
BN,MK,visa_free,90,,
BN,ML,visa_required,,,
BN,MM,visa_free,14,,
BN,MN,evisa,,,
BN,MR,evisa,,,
BN,MT,visa_free,90,,
BN,MU,visa_free,90,,
BN,MV,visa_on_arrival,,,
BN,MW,evisa,,,
BN,MX,visa_required,,,
BN,MY,visa_free,30,,
BN,MZ,visa_on_arrival,,,
BN,NA,visa_on_arrival,,,
BN,NE,visa_required,,,
BN,NG,evisa,,,
BN,NI,visa_free,90,,
BN,NL,visa_free,90,,
BN,NO,visa_free,90,,
BN,NP,visa_on_arrival,,,
BN,NR,visa_required,,,
BN,NZ,eta,,,
BN,OM,visa_free,30,,
BN,PA,visa_free,90,,
BN,PE,visa_free,180,,
BN,PG,eta,,,
BN,PH,visa_free,30,,
BN,PK,evisa,,,
BN,PL,visa_free,90,,
BN,PS,visa_free,,,
BN,PT,visa_free,90,,
BN,PW,visa_on_arrival,,,
BN,PY,visa_required,,,
BN,QA,visa_on_arrival,,,
BN,RO,visa_free,90,,
BN,RS,visa_required,,,
BN,RU,visa_free,14,,
BN,RW,visa_free,30,,
BN,SA,visa_on_arrival,,,
BN,SB,visa_on_arrival,,,
BN,SC,visa_free,90,,
BN,SD,visa_required,,,
BN,SE,visa_free,90,,
BN,SG,visa_free,30,,
BN,SI,visa_free,90,,
BN,SK,visa_free,90,,
BN,SL,visa_on_arrival,,,
BN,SM,visa_free,90,,
BN,SN,visa_on_arrival,,,
BN,SO,evisa,,,
BN,SR,eta,,,
BN,SS,evisa,,,
BN,ST,evisa,,,
BN,SV,visa_free,180,,
BN,SY,evisa,,,
BN,SZ,visa_free,30,,
BN,TD,evisa,,,
BN,TG,evisa,,,
BN,TH,visa_free,60,,
BN,TJ,evisa,,,
BN,TL,visa_on_arrival,,,
BN,TM,visa_required,,,
BN,TN,visa_free,90,,
BN,TO,visa_on_arrival,,,
BN,TR,visa_free,90,,
BN,TT,visa_free,,,
BN,TV,visa_on_arrival,,,
BN,TW,visa_free,14,,https://www.boca.gov.tw/cp-220-8253-ff790-2.html
BN,TZ,visa_free,90,,
BN,UA,visa_free,30,,
BN,UG,evisa,,,
BN,US,eta,,,
BN,UY,visa_required,,,
BN,UZ,visa_free,30,,
BN,VA,visa_free,90,,
BN,VC,visa_free,90,,
BN,VE,visa_required,,,
BN,VN,visa_free,14,,https://mofa.gov.vn/tin-chi-tiet/chi-tiet/viet-nam-39-s-visa-exemption-list-57163-596.html
BN,VU,visa_free,120,,
BN,WS,visa_on_arrival,,,
BN,XK,visa_free,90,,
BN,YE,visa_required,,,
BN,ZA,visa_required,,,
BN,ZM,visa_free,90,,
BN,ZW,visa_on_arrival,,,
BO,AD,visa_required,,,
BO,AE,evisa,,,
BO,AF,visa_required,,,
BO,AG,visa_free,90,,
BO,AL,evisa,,,
BO,AM,evisa,,,
BO,AO,visa_required,,,
BO,AR,visa_free,90,,
BO,AT,visa_required,,,
BO,AU,evisa,,,
BO,AZ,evisa,,,
BO,BA,visa_required,,,
BO,BB,visa_free,90,,
BO,BD,visa_on_arrival,,,
BO,BE,visa_required,,,
BO,BF,evisa,,,
BO,BG,visa_required,,,
BO,BH,visa_on_arrival,,,
BO,BI,visa_on_arrival,,,
BO,BJ,evisa,,,
BO,BN,visa_required,,,
BO,BR,visa_free,90,,
BO,BS,visa_free,90,,
BO,BT,evisa,,,
BO,BW,evisa,,,
BO,BY,visa_required,,,
BO,BZ,visa_free,30,,
BO,CA,visa_required,,,
BO,CD,evisa,,,
BO,CF,visa_required,,,
BO,CG,visa_required,,,
BO,CH,visa_required,,,
BO,CI,eta,,,
BO,CL,visa_free,90,,
BO,CM,evisa,,,
BO,CN,visa_required,,,
BO,CO,visa_free,90,,
BO,CR,visa_free,30,,
BO,CU,evisa,,,
BO,CV,visa_required,,,
BO,CY,visa_required,,,
BO,CZ,visa_required,,,
BO,DE,visa_required,,,
BO,DJ,visa_on_arrival,,,
BO,DK,visa_required,,,
BO,DM,visa_free,21,,
BO,DO,visa_free,30,,
BO,DZ,visa_required,,,
BO,EC,visa_free,90,,
BO,EE,visa_required,,,
BO,EG,visa_on_arrival,,,
BO,ER,visa_required,,,
BO,ES,visa_required,,,
BO,ET,evisa,,,
BO,FI,visa_required,,,
BO,FJ,visa_required,,,
BO,FM,visa_free,30,,
BO,FR,visa_required,,,
BO,GA,evisa,,,
BO,GB,visa_required,,,
BO,GD,visa_required,,,
BO,GE,evisa,,,
BO,GH,visa_required,,,
BO,GM,visa_required,,,
BO,GN,evisa,,,
BO,GQ,evisa,,,
BO,GR,visa_required,,,
BO,GT,visa_required,,,
BO,GW,visa_on_arrival,,,
BO,GY,evisa,,,
BO,HN,visa_required,,,
BO,HR,visa_required,,,
BO,HT,visa_free,90,,
BO,HU,visa_required,,,
BO,ID,evisa,,,
BO,IE,visa_required,,,
BO,IL,evisa,,,
BO,IN,evisa,,,
BO,IQ,evisa,,,
BO,IR,visa_on_arrival,,,
BO,IS,visa_required,,,
BO,IT,visa_required,,,
BO,JM,visa_free,30,,
BO,JO,visa_on_arrival,,,
BO,JP,visa_required,,,
BO,KE,eta,,,
BO,KG,evisa,,,
BO,KH,visa_on_arrival,,,
BO,KI,visa_free,90,,
BO,KM,visa_on_arrival,,,
BO,KN,eta,,,
BO,KP,visa_required,,,
BO,KR,evisa,,,
BO,KW,visa_required,,,
BO,KZ,evisa,,,
BO,LA,visa_on_arrival,,,
BO,LB,visa_required,,,
BO,LC,visa_on_arrival,,,
BO,LI,visa_required,,,
BO,LK,eta,,,
BO,LR,evisa,,,
BO,LS,visa_required,,,
BO,LT,visa_required,,,
BO,LU,visa_required,,,
BO,LV,visa_required,,,
BO,LY,evisa,,,
BO,MA,visa_required,,,
BO,MC,visa_required,,,
BO,MD,evisa,,,
BO,ME,visa_required,,,
BO,MG,visa_on_arrival,,,
BO,MH,visa_required,,,
BO,MK,visa_required,,,
BO,ML,visa_required,,,
BO,MM,evisa,,,
BO,MN,evisa,,,
BO,MR,evisa,,,
BO,MT,visa_required,,,
BO,MU,visa_on_arrival,,,
BO,MV,visa_on_arrival,,,
BO,MW,evisa,,,
BO,MX,visa_free,180,,
BO,MY,visa_free,30,,
BO,MZ,visa_on_arrival,,,
BO,NA,visa_on_arrival,,,
BO,NE,visa_required,,,
BO,NG,evisa,,,
BO,NI,visa_on_arrival,,,
BO,NL,visa_required,,,
BO,NO,visa_required,,,
BO,NP,visa_on_arrival,,,
BO,NR,visa_required,,,
BO,NZ,visa_required,,,
BO,OM,visa_on_arrival,,,
BO,PA,visa_free,90,,
BO,PE,visa_free,180,,
BO,PG,evisa,,,
BO,PH,visa_free,30,,
BO,PK,evisa,,,
BO,PL,visa_required,,,
BO,PS,visa_free,,,
BO,PT,visa_required,,,
BO,PW,visa_on_arrival,,,
BO,PY,visa_free,90,,
BO,QA,visa_on_arrival,,,
BO,RO,visa_required,,,
BO,RS,visa_required,,,
BO,RU,visa_free,90,,
BO,RW,visa_on_arrival,,,
BO,SA,evisa,,,
BO,SB,visa_required,,,
BO,SC,visa_free,90,,
BO,SD,visa_required,,,
BO,SE,visa_required,,,
BO,SG,visa_free,30,,
BO,SI,visa_required,,,
BO,SK,visa_required,,,
BO,SL,visa_on_arrival,,,
BO,SM,visa_required,,,
BO,SN,visa_required,,,
BO,SO,evisa,,,
BO,SR,eta,,,
BO,SS,evisa,,,
BO,ST,evisa,,,
BO,SV,visa_free,90,,
BO,SY,evisa,,,
BO,SZ,visa_required,,,
BO,TD,evisa,,,
BO,TG,evisa,,,
BO,TH,visa_on_arrival,,,
BO,TJ,evisa,,,
BO,TL,visa_on_arrival,,,
BO,TM,visa_required,,,
BO,TN,visa_required,,,
BO,TO,visa_required,,,
BO,TR,visa_free,90,,
BO,TT,visa_required,,,
BO,TV,visa_on_arrival,,,
BO,TW,visa_required,,,
BO,TZ,visa_on_arrival,,,
BO,UA,evisa,,,
BO,UG,evisa,,,
BO,US,visa_required,,,
BO,UY,visa_free,90,,
BO,UZ,evisa,,,
BO,VA,visa_required,,,
BO,VC,visa_free,90,,
BO,VE,visa_free,90,,
BO,VN,evisa,,,
BO,VU,evisa,,,
BO,WS,visa_on_arrival,,,
BO,XK,visa_required,,,
BO,YE,visa_required,,,
BO,ZA,visa_free,30,,
BO,ZM,visa_on_arrival,,,
BO,ZW,evisa,,,
BR,AD,visa_free,90,,
BR,AE,visa_free,90,,
BR,AF,visa_required,,,
BR,AG,visa_free,180,,
BR,AL,visa_free,90,,
BR,AM,visa_free,180,,
BR,AO,visa_free,30,,
BR,AR,visa_free,90,,
BR,AT,visa_free,90,,
BR,AU,evisa,,,
BR,AZ,evisa,,,
BR,BA,visa_free,90,,
BR,BB,visa_free,180,,
BR,BD,visa_required,,,
BR,BE,visa_free,90,,
BR,BF,evisa,,,
BR,BG,visa_free,90,,
BR,BH,visa_on_arrival,,,
BR,BI,visa_on_arrival,,,
BR,BJ,evisa,,,
BR,BN,visa_required,,,
BR,BO,visa_free,90,,
BR,BS,visa_free,90,,
BR,BT,evisa,,,
BR,BW,visa_free,90,,
BR,BY,visa_free,90,,
BR,BZ,visa_free,90,,
BR,CA,visa_required,,,
BR,CD,evisa,,,
BR,CF,visa_required,,,
BR,CG,visa_required,,,
BR,CH,visa_free,90,,
BR,CI,eta,,,
BR,CL,visa_free,90,,
BR,CM,evisa,,,
BR,CN,visa_free,30,,https://www.fmprc.gov.cn/eng/xw/fyrbt/202602/t20260215_11860467.html
BR,CO,visa_free,90,,
BR,CR,visa_free,180,,
BR,CU,evisa,,,
BR,CV,visa_free,30,,
BR,CY,visa_free,90,,
BR,CZ,visa_free,90,,
BR,DE,visa_free,90,,
BR,DJ,visa_on_arrival,,,
BR,DK,visa_free,90,,
BR,DM,visa_free,90,,
BR,DO,visa_free,30,,
BR,DZ,visa_required,,,
BR,EC,visa_free,90,,
BR,EE,visa_free,90,,
BR,EG,visa_on_arrival,,,
BR,ER,visa_required,,,
BR,ES,visa_free,90,,
BR,ET,visa_on_arrival,,,
BR,FI,visa_free,90,,
BR,FJ,visa_free,120,,
BR,FM,visa_free,30,,
BR,FR,visa_free,90,,
BR,GA,evisa,,,
BR,GB,eta,,,
BR,GD,visa_free,90,,
BR,GE,visa_free,365,,
BR,GH,visa_required,,,
BR,GM,visa_required,,,
BR,GN,evisa,,,
BR,GQ,evisa,,,
BR,GR,visa_free,90,,
BR,GT,visa_free,90,,
BR,GW,visa_on_arrival,,,
BR,GY,visa_free,90,,
BR,HN,visa_free,90,,
BR,HR,visa_free,90,,
BR,HT,visa_free,90,,
BR,HU,visa_free,90,,
BR,ID,visa_free,30,,https://jdih.kemenimipas.go.id/
BR,IE,visa_free,90,,
BR,IL,eta,,,
BR,IN,evisa,,,
BR,IQ,evisa,,,
BR,IR,visa_free,15,,
BR,IS,visa_free,90,,
BR,IT,visa_free,90,,
BR,JM,visa_free,90,,
BR,JO,visa_on_arrival,,,
BR,JP,visa_free,90,,
BR,KE,eta,,,
BR,KG,visa_free,60,,
BR,KH,visa_on_arrival,,,
BR,KI,visa_free,90,,
BR,KM,visa_on_arrival,,,
BR,KN,eta,,,
BR,KP,visa_required,,,
BR,KR,eta,,,
BR,KW,visa_required,,,
BR,KZ,visa_free,30,,
BR,LA,visa_on_arrival,,,
BR,LB,visa_on_arrival,,,
BR,LC,visa_free,42,,
BR,LI,visa_free,90,,
BR,LK,eta,,,https://www.immigration.gov.lk/pages_e.php?id=14
BR,LR,evisa,,,
BR,LS,visa_required,,,
BR,LT,visa_free,90,,
BR,LU,visa_free,90,,
BR,LV,visa_free,90,,
BR,LY,evisa,,,
BR,MA,visa_free,90,,
BR,MC,visa_free,90,,
BR,MD,visa_free,90,,
BR,ME,visa_free,90,,
BR,MG,visa_on_arrival,,,
BR,MH,visa_on_arrival,,,
BR,MK,visa_free,90,,
BR,ML,visa_required,,,
BR,MM,evisa,,,
BR,MN,visa_free,90,,
BR,MR,evisa,,,
BR,MT,visa_free,90,,
BR,MU,visa_free,90,,
BR,MV,visa_on_arrival,,,
BR,MW,evisa,,,
BR,MX,visa_required,,,
BR,MY,visa_free,90,,
BR,MZ,visa_on_arrival,,,
BR,NA,visa_free,90,,
BR,NE,visa_required,,,
BR,NG,evisa,,,
BR,NI,visa_free,90,,
BR,NL,visa_free,90,,
BR,NO,visa_free,90,,
BR,NP,visa_on_arrival,,,
BR,NR,visa_required,,,
BR,NZ,eta,,,
BR,OM,visa_on_arrival,,,
BR,PA,visa_free,90,,
BR,PE,visa_free,180,,
BR,PG,eta,,,
BR,PH,visa_free,60,,
BR,PK,evisa,,,
BR,PL,visa_free,90,,
BR,PS,visa_free,,,
BR,PT,visa_free,90,,
BR,PW,visa_on_arrival,,,
BR,PY,visa_free,90,,
BR,QA,visa_on_arrival,,,
BR,RO,visa_free,90,,
BR,RS,visa_free,90,,
BR,RU,visa_free,90,,
BR,RW,visa_on_arrival,,,
BR,SA,evisa,,,
BR,SB,visa_on_arrival,,,
BR,SC,visa_free,90,,
BR,SD,visa_required,,,
BR,SE,visa_free,90,,
BR,SG,visa_free,30,,
BR,SI,visa_free,90,,
BR,SK,visa_free,90,,
BR,SL,visa_on_arrival,,,
BR,SM,visa_free,90,,
BR,SN,visa_free,90,,
BR,SO,evisa,,,
BR,SR,visa_free,180,,
BR,SS,evisa,,,
BR,ST,visa_free,,,
BR,SV,visa_free,180,,
BR,SY,evisa,,,
BR,SZ,visa_free,30,,
BR,TD,evisa,,,
BR,TG,evisa,,,
BR,TH,visa_free,90,,
BR,TJ,visa_free,30,,
BR,TL,visa_on_arrival,,,
BR,TM,visa_required,,,
BR,TN,visa_free,90,,
BR,TO,visa_on_arrival,,,
BR,TR,visa_free,90,,
BR,TT,visa_free,90,,
BR,TV,visa_on_arrival,,,
BR,TW,visa_required,,,
BR,TZ,visa_on_arrival,,,
BR,UA,visa_free,90,,
BR,UG,evisa,,,
BR,US,visa_required,,,
BR,UY,visa_free,90,,
BR,UZ,visa_free,30,,
BR,VA,visa_free,90,,
BR,VC,visa_free,90,,
BR,VE,visa_free,90,,
BR,VN,evisa,,,
BR,VU,visa_free,120,,
BR,WS,visa_on_arrival,,,
BR,XK,visa_free,90,,
BR,YE,visa_required,,,
BR,ZA,visa_free,90,,
BR,ZM,visa_on_arrival,,,
BR,ZW,visa_on_arrival,,,
BS,AD,visa_free,90,,
BS,AE,visa_free,90,,
BS,AF,visa_required,,,
BS,AG,visa_free,180,,
BS,AL,visa_free,90,,
BS,AM,visa_on_arrival,,,
BS,AO,visa_free,30,,
BS,AR,visa_required,,,
BS,AT,visa_free,90,,
BS,AU,evisa,,,
BS,AZ,evisa,,,
BS,BA,visa_free,90,,
BS,BB,visa_free,,,
BS,BD,visa_on_arrival,,,
BS,BE,visa_free,90,,
BS,BF,evisa,,,
BS,BG,visa_free,90,,
BS,BH,evisa,,,
BS,BI,visa_on_arrival,,,
BS,BJ,visa_free,90,,
BS,BN,visa_required,,,
BS,BO,evisa,,,
BS,BR,visa_free,90,,
BS,BT,evisa,,,
BS,BW,visa_free,90,,
BS,BY,visa_required,,,
BS,BZ,visa_free,,,
BS,CA,eta,,,
BS,CD,evisa,,,
BS,CF,visa_required,,,
BS,CG,visa_required,,,
BS,CH,visa_free,90,,
BS,CI,eta,,,
BS,CL,visa_free,90,,
BS,CM,evisa,,,
BS,CN,visa_free,30,,
BS,CO,visa_free,90,,
BS,CR,visa_free,180,,
BS,CU,evisa,,,
BS,CV,visa_on_arrival,,,
BS,CY,visa_free,90,,
BS,CZ,visa_free,90,,
BS,DE,visa_free,90,,
BS,DJ,visa_on_arrival,,,
BS,DK,visa_free,90,,
BS,DM,visa_free,180,,
BS,DO,visa_free,30,,
BS,DZ,visa_required,,,
BS,EC,visa_free,90,,
BS,EE,visa_free,90,,
BS,EG,visa_on_arrival,,,
BS,ER,visa_required,,,
BS,ES,visa_free,90,,
BS,ET,evisa,,,
BS,FI,visa_free,90,,
BS,FJ,visa_free,120,,
BS,FM,visa_free,30,,
BS,FR,visa_free,90,,
BS,GA,evisa,,,
BS,GB,eta,,,
BS,GD,visa_free,90,,
BS,GE,visa_free,365,,
BS,GH,visa_free,90,,
BS,GM,visa_free,90,,
BS,GN,evisa,,,
BS,GQ,evisa,,,
BS,GR,visa_free,90,,
BS,GT,visa_free,90,,
BS,GW,visa_on_arrival,,,
BS,GY,visa_free,90,,
BS,HN,visa_free,90,,
BS,HR,visa_free,90,,
BS,HT,visa_free,90,,
BS,HU,visa_free,90,,
BS,ID,evisa,,,
BS,IE,visa_free,90,,
BS,IL,eta,,,
BS,IN,evisa,,,
BS,IQ,evisa,,,
BS,IR,visa_on_arrival,,,
BS,IS,visa_free,90,,
BS,IT,visa_free,90,,
BS,JM,visa_free,,,
BS,JO,visa_on_arrival,,,
BS,JP,visa_free,90,,
BS,KE,visa_free,90,,
BS,KG,evisa,,,
BS,KH,visa_on_arrival,,,
BS,KI,visa_free,90,,
BS,KM,visa_on_arrival,,,
BS,KN,eta,,,
BS,KP,visa_required,,,
BS,KR,eta,,,
BS,KW,visa_required,,,
BS,KZ,evisa,,,
BS,LA,visa_on_arrival,,,
BS,LB,visa_on_arrival,,,
BS,LC,visa_free,42,,
BS,LI,visa_free,90,,
BS,LK,eta,,,
BS,LR,evisa,,,
BS,LS,visa_free,90,,
BS,LT,visa_free,90,,
BS,LU,visa_free,90,,
BS,LV,visa_free,90,,
BS,LY,evisa,,,
BS,MA,visa_required,,,
BS,MC,visa_free,90,,
BS,MD,visa_free,90,,
BS,ME,visa_free,90,,
BS,MG,visa_on_arrival,,,
BS,MH,visa_required,,,
BS,MK,visa_free,90,,
BS,ML,visa_required,,,
BS,MM,visa_required,,,
BS,MN,evisa,,,
BS,MR,evisa,,,
BS,MT,visa_free,90,,
BS,MU,visa_free,90,,
BS,MV,visa_on_arrival,,,
BS,MW,visa_free,90,,
BS,MX,visa_free,180,,
BS,MY,visa_free,30,,
BS,MZ,visa_on_arrival,,,
BS,NA,visa_on_arrival,,,
BS,NE,visa_required,,,
BS,NG,evisa,,,
BS,NI,visa_free,90,,
BS,NL,visa_free,90,,
BS,NO,visa_free,90,,
BS,NP,visa_on_arrival,,,
BS,NR,visa_required,,,
BS,NZ,visa_required,,,
BS,OM,evisa,,,
BS,PA,visa_free,90,,
BS,PE,visa_free,180,,
BS,PG,eta,,,
BS,PH,visa_free,30,,
BS,PK,evisa,,,
BS,PL,visa_free,90,,
BS,PS,visa_free,,,
BS,PT,visa_free,90,,
BS,PW,visa_on_arrival,,,
BS,PY,visa_free,90,,
BS,QA,visa_on_arrival,,,
BS,RO,visa_free,90,,
BS,RS,visa_free,30,,
BS,RU,visa_required,,,
BS,RW,visa_free,30,,
BS,SA,visa_on_arrival,,,
BS,SB,visa_on_arrival,,,
BS,SC,visa_free,90,,
BS,SD,visa_required,,,
BS,SE,visa_free,90,,
BS,SG,visa_free,30,,
BS,SI,visa_free,90,,
BS,SK,visa_free,90,,
BS,SL,visa_on_arrival,,,
BS,SM,visa_free,90,,
BS,SN,visa_on_arrival,,,
BS,SO,evisa,,,
BS,SR,visa_free,180,,
BS,SS,evisa,,,
BS,ST,evisa,,,
BS,SV,visa_free,180,,
BS,SY,evisa,,,
BS,SZ,visa_free,30,,
BS,TD,evisa,,,
BS,TG,evisa,,,
BS,TH,evisa,,,
BS,TJ,visa_free,30,,
BS,TL,visa_on_arrival,,,
BS,TM,visa_required,,,
BS,TN,visa_required,,,
BS,TO,visa_on_arrival,,,
BS,TR,visa_on_arrival,,,
BS,TT,visa_free,,,
BS,TV,visa_on_arrival,,,
BS,TW,visa_required,,,
BS,TZ,visa_free,90,,
BS,UA,evisa,,,
BS,UG,visa_free,90,,
BS,US,visa_required,,,
BS,UY,visa_free,90,,
BS,UZ,visa_free,30,,
BS,VA,visa_free,90,,
BS,VC,visa_free,180,,
BS,VE,visa_required,,,
BS,VN,evisa,,,
BS,VU,visa_free,120,,
BS,WS,visa_on_arrival,,,
BS,XK,visa_free,90,,
BS,YE,visa_required,,,
BS,ZA,visa_free,30,,
BS,ZM,visa_free,90,,
BS,ZW,visa_free,90,,
BT,AD,visa_required,,,
BT,AE,evisa,,,
BT,AF,visa_required,,,
BT,AG,evisa,,,
BT,AL,evisa,,,
BT,AM,evisa,,,
BT,AO,visa_required,,,
BT,AR,visa_required,,,
BT,AT,visa_required,,,
BT,AU,evisa,,,
BT,AZ,visa_required,,,
BT,BA,visa_required,,,
BT,BB,visa_free,90,,
BT,BD,visa_free,90,,
BT,BE,visa_required,,,
BT,BF,evisa,,,
BT,BG,visa_required,,,
BT,BH,evisa,,,
BT,BI,visa_on_arrival,,,
BT,BJ,evisa,,,
BT,BN,visa_required,,,
BT,BO,evisa,,,
BT,BR,visa_required,,,
BT,BS,evisa,,,
BT,BW,evisa,,,
BT,BY,visa_required,,,
BT,BZ,visa_required,,,
BT,CA,visa_required,,,
BT,CD,evisa,,,
BT,CF,visa_required,,,
BT,CG,visa_required,,,
BT,CH,visa_required,,,
BT,CI,eta,,,
BT,CL,visa_required,,,
BT,CM,evisa,,,
BT,CN,visa_required,,,
BT,CO,visa_free,90,,
BT,CR,visa_required,,,
BT,CU,evisa,,,
BT,CV,visa_required,,,
BT,CY,visa_required,,,
BT,CZ,visa_required,,,
BT,DE,visa_required,,,
BT,DJ,visa_on_arrival,,,
BT,DK,visa_required,,,
BT,DM,visa_free,21,,
BT,DO,visa_required,,,
BT,DZ,visa_required,,,
BT,EC,visa_free,90,,
BT,EE,visa_required,,,
BT,EG,visa_on_arrival,,,
BT,ER,visa_required,,,
BT,ES,visa_required,,,
BT,ET,evisa,,,
BT,FI,visa_required,,,
BT,FJ,visa_required,,,
BT,FM,visa_free,30,,
BT,FR,visa_required,,,
BT,GA,evisa,,,
BT,GB,visa_required,,,
BT,GD,visa_required,,,
BT,GE,evisa,,,
BT,GH,visa_required,,,
BT,GM,visa_required,,,
BT,GN,evisa,,,
BT,GQ,evisa,,,
BT,GR,visa_required,,,
BT,GT,visa_required,,,
BT,GW,visa_on_arrival,,,
BT,GY,evisa,,,
BT,HN,visa_required,,,
BT,HR,visa_required,,,
BT,HT,visa_free,90,,
BT,HU,visa_required,,,
BT,ID,evisa,,,
BT,IE,visa_required,,,
BT,IL,evisa,,,
BT,IN,visa_free,,,
BT,IQ,evisa,,,
BT,IR,visa_on_arrival,,,
BT,IS,visa_required,,,
BT,IT,visa_required,,,
BT,JM,visa_required,,,
BT,JO,visa_on_arrival,,,
BT,JP,visa_required,,,
BT,KE,eta,,,
BT,KG,evisa,,,
BT,KH,visa_on_arrival,,,
BT,KI,visa_required,,,
BT,KM,visa_on_arrival,,,
BT,KN,evisa,,,
BT,KP,visa_required,,,
BT,KR,evisa,,,
BT,KW,visa_on_arrival,,,
BT,KZ,evisa,,,
BT,LA,visa_on_arrival,,,
BT,LB,visa_on_arrival,,,
BT,LC,visa_on_arrival,,,
BT,LI,visa_required,,,
BT,LK,eta,,,
BT,LR,evisa,,,
BT,LS,visa_required,,,
BT,LT,visa_required,,,
BT,LU,visa_required,,,
BT,LV,visa_required,,,
BT,LY,evisa,,,
BT,MA,visa_required,,,
BT,MC,visa_required,,,
BT,MD,evisa,,,
BT,ME,visa_required,,,
BT,MG,visa_on_arrival,,,
BT,MH,visa_required,,,
BT,MK,visa_required,,,
BT,ML,visa_required,,,
BT,MM,evisa,,,
BT,MN,evisa,,,
BT,MR,evisa,,,
BT,MT,visa_required,,,
BT,MU,visa_on_arrival,,,
BT,MV,visa_on_arrival,,,
BT,MW,evisa,,,
BT,MX,visa_required,,,
BT,MY,visa_required,,,
BT,MZ,visa_on_arrival,,,
BT,NA,evisa,,,
BT,NE,visa_required,,,
BT,NG,evisa,,,
BT,NI,visa_on_arrival,,,
BT,NL,visa_required,,,
BT,NO,visa_required,,,
BT,NP,visa_on_arrival,,,
BT,NR,visa_required,,,
BT,NZ,visa_required,,,
BT,OM,evisa,,,
BT,PA,visa_free,90,,
BT,PE,visa_required,,,
BT,PG,evisa,,,
BT,PH,visa_free,30,,
BT,PK,evisa,,,
BT,PL,visa_required,,,
BT,PS,visa_free,,,
BT,PT,visa_required,,,
BT,PW,visa_on_arrival,,,
BT,PY,visa_required,,,
BT,QA,evisa,,,
BT,RO,visa_required,,,
BT,RS,visa_required,,,
BT,RU,evisa,,,
BT,RW,visa_on_arrival,,,
BT,SA,evisa,,,
BT,SB,visa_required,,,
BT,SC,visa_free,90,,
BT,SD,visa_required,,,
BT,SE,visa_required,,,
BT,SG,visa_free,30,,
BT,SI,visa_required,,,
BT,SK,visa_required,,,
BT,SL,evisa,,,
BT,SM,visa_required,,,
BT,SN,visa_required,,,
BT,SO,evisa,,,
BT,SR,eta,,,
BT,SS,evisa,,,
BT,ST,evisa,,,
BT,SV,evisa,,,
BT,SY,evisa,,,
BT,SZ,visa_required,,,
BT,TD,evisa,,,
BT,TG,evisa,,,
BT,TH,visa_free,60,,
BT,TJ,evisa,,,
BT,TL,visa_on_arrival,,,
BT,TM,visa_required,,,
BT,TN,visa_required,,,
BT,TO,visa_required,,,
BT,TR,visa_required,,,
BT,TT,visa_required,,,
BT,TV,visa_on_arrival,,,
BT,TW,visa_required,,,
BT,TZ,visa_on_arrival,,,
BT,UA,evisa,,,
BT,UG,evisa,,,
BT,US,visa_required,,,
BT,UY,visa_required,,,
BT,UZ,visa_required,,,
BT,VA,visa_required,,,
BT,VC,visa_free,90,,
BT,VE,visa_required,,,
BT,VN,evisa,,,
BT,VU,evisa,,,
BT,WS,visa_on_arrival,,,
BT,XK,visa_required,,,
BT,YE,visa_required,,,
BT,ZA,visa_required,,,
BT,ZM,visa_free,90,,
BT,ZW,visa_on_arrival,,,
BW,AD,visa_required,,,
BW,AE,evisa,,,
BW,AF,visa_required,,,
BW,AG,visa_free,180,,
BW,AL,evisa,,,
BW,AM,visa_required,,,
BW,AO,visa_free,30,,
BW,AR,visa_required,,,
BW,AT,visa_required,,,
BW,AU,evisa,,,
BW,AZ,visa_required,,,
BW,BA,visa_required,,,
BW,BB,visa_free,180,,
BW,BD,visa_free,90,,
BW,BE,visa_required,,,
BW,BF,evisa,,,
BW,BG,visa_required,,,
BW,BH,evisa,,,
BW,BI,visa_on_arrival,,,
BW,BJ,visa_free,90,,
BW,BN,visa_required,,,
BW,BO,evisa,,,
BW,BR,visa_free,90,,
BW,BS,visa_free,90,,
BW,BT,evisa,,,
BW,BY,visa_required,,,
BW,BZ,visa_free,,,
BW,CA,visa_required,,,
BW,CD,evisa,,,
BW,CF,visa_required,,,
BW,CG,visa_required,,,
BW,CH,visa_required,,,
BW,CI,eta,,,
BW,CL,visa_required,,,
BW,CM,evisa,,,
BW,CN,visa_required,,,
BW,CO,evisa,,,
BW,CR,visa_required,,,
BW,CU,evisa,,,
BW,CV,visa_required,,,
BW,CY,visa_required,,,
BW,CZ,visa_required,,,
BW,DE,visa_required,,,
BW,DJ,visa_on_arrival,,,
BW,DK,visa_required,,,
BW,DM,visa_free,180,,
BW,DO,visa_free,30,,
BW,DZ,visa_required,,,
BW,EC,visa_free,90,,
BW,EE,visa_required,,,
BW,EG,visa_required,,,
BW,ER,visa_required,,,
BW,ES,visa_required,,,
BW,ET,visa_on_arrival,,,
BW,FI,visa_required,,,
BW,FJ,visa_free,120,,
BW,FM,visa_free,30,,
BW,FR,visa_required,,,
BW,GA,evisa,,,
BW,GB,visa_required,,,
BW,GD,visa_free,90,,
BW,GE,visa_free,365,,
BW,GH,visa_free,60,,
BW,GM,visa_free,90,,
BW,GN,evisa,,,
BW,GQ,evisa,,,
BW,GR,visa_required,,,
BW,GT,visa_required,,,
BW,GW,visa_on_arrival,,,
BW,GY,visa_free,90,,
BW,HN,visa_required,,,
BW,HR,visa_required,,,
BW,HT,visa_free,90,,
BW,HU,visa_required,,,
BW,ID,evisa,,,
BW,IE,visa_required,,,
BW,IL,eta,,,
BW,IN,evisa,,,
BW,IQ,evisa,,,
BW,IR,visa_on_arrival,,,
BW,IS,visa_required,,,
BW,IT,visa_required,,,
BW,JM,visa_free,,,
BW,JO,visa_required,,,
BW,JP,visa_required,,,
BW,KE,visa_free,90,,
BW,KG,evisa,,,
BW,KH,visa_on_arrival,,,
BW,KI,visa_free,90,,
BW,KM,visa_on_arrival,,,
BW,KN,eta,,,
BW,KP,visa_required,,,
BW,KR,eta,,,
BW,KW,visa_required,,,
BW,KZ,evisa,,,
BW,LA,visa_on_arrival,,,
BW,LB,visa_required,,,
BW,LC,visa_free,42,,
BW,LI,visa_required,,,
BW,LK,eta,,,
BW,LR,evisa,,,
BW,LS,visa_free,,,
BW,LT,visa_required,,,
BW,LU,visa_required,,,
BW,LV,visa_required,,,
BW,LY,evisa,,,
BW,MA,visa_required,,,
BW,MC,visa_required,,,
BW,MD,evisa,,,
BW,ME,visa_required,,,
BW,MG,visa_on_arrival,,,
BW,MH,visa_required,,,
BW,MK,visa_required,,,
BW,ML,visa_required,,,
BW,MM,visa_required,,,
BW,MN,evisa,,,
BW,MR,evisa,,,
BW,MT,visa_required,,,
BW,MU,visa_free,90,,
BW,MV,visa_on_arrival,,,
BW,MW,visa_free,90,,
BW,MX,visa_required,,,
BW,MY,visa_free,30,,
BW,MZ,visa_free,,,
BW,NA,visa_free,90,,
BW,NE,visa_required,,,
BW,NG,evisa,,,
BW,NI,visa_required,,,
BW,NL,visa_required,,,
BW,NO,visa_required,,,
BW,NP,visa_on_arrival,,,
BW,NR,visa_required,,,
BW,NZ,visa_required,,,
BW,OM,evisa,,,
BW,PA,visa_free,90,,
BW,PE,visa_required,,,
BW,PG,eta,,,
BW,PH,visa_free,30,,
BW,PK,evisa,,,
BW,PL,visa_required,,,
BW,PS,visa_required,,,
BW,PT,visa_required,,,
BW,PW,visa_on_arrival,,,
BW,PY,visa_required,,,
BW,QA,evisa,,,
BW,RO,visa_required,,,
BW,RS,visa_required,,,
BW,RU,visa_free,30,,
BW,RW,visa_free,30,,
BW,SA,evisa,,,
BW,SB,visa_required,,,
BW,SC,visa_free,90,,
BW,SD,visa_required,,,
BW,SE,visa_required,,,
BW,SG,visa_free,30,,
BW,SI,visa_required,,,
BW,SK,visa_required,,,
BW,SL,visa_on_arrival,,,
BW,SM,visa_required,,,
BW,SN,visa_on_arrival,,,
BW,SO,evisa,,,
BW,SR,eta,,,
BW,SS,evisa,,,
BW,ST,evisa,,,
BW,SV,evisa,,,
BW,SY,evisa,,,
BW,SZ,visa_free,30,,
BW,TD,evisa,,,
BW,TG,evisa,,,
BW,TH,evisa,,,
BW,TJ,visa_required,,,
BW,TL,visa_on_arrival,,,
BW,TM,visa_required,,,
BW,TN,visa_required,,,
BW,TO,visa_required,,,
BW,TR,visa_required,,,
BW,TT,visa_free,,,
BW,TV,visa_on_arrival,,,
BW,TW,visa_required,,,
BW,TZ,visa_free,90,,
BW,UA,visa_required,,,
BW,UG,visa_free,90,,
BW,US,visa_required,,,
BW,UY,visa_required,,,
BW,UZ,visa_required,,,
BW,VA,visa_required,,,
BW,VC,visa_free,90,,
BW,VE,visa_required,,,
BW,VN,evisa,,,
BW,VU,visa_free,120,,
BW,WS,visa_on_arrival,,,
BW,XK,visa_free,90,,
BW,YE,visa_required,,,
BW,ZA,visa_free,90,,
BW,ZM,visa_free,90,,
BW,ZW,visa_free,90,,
BY,AD,visa_required,,,
BY,AE,visa_free,90,,
BY,AF,visa_required,,,
BY,AG,visa_free,180,,
BY,AL,evisa,,,
BY,AM,visa_free,180,,
BY,AO,visa_required,,,
BY,AR,visa_free,90,,
BY,AT,visa_required,,,
BY,AU,evisa,,,
BY,AZ,visa_free,90,,
BY,BA,visa_required,,,
BY,BB,visa_free,28,,
BY,BD,visa_on_arrival,,,
BY,BE,visa_required,,,
BY,BF,evisa,,,
BY,BG,visa_required,,,
BY,BH,evisa,,,
BY,BI,visa_on_arrival,,,
BY,BJ,evisa,,,
BY,BN,visa_required,,,
BY,BO,evisa,,,
BY,BR,visa_free,90,,
BY,BS,evisa,,,
BY,BT,evisa,,,
BY,BW,evisa,,,
BY,BZ,visa_required,,,
BY,CA,visa_required,,,
BY,CD,evisa,,,
BY,CF,visa_required,,,
BY,CG,visa_required,,,
BY,CH,visa_required,,,
BY,CI,eta,,,
BY,CL,visa_required,,,
BY,CM,evisa,,,
BY,CN,visa_free,30,,
BY,CO,visa_free,90,,
BY,CR,visa_required,,,
BY,CU,visa_free,30,,
BY,CV,visa_required,,2026-07-15,https://ease.gov.cv/
BY,CY,visa_required,,,
BY,CZ,visa_required,,,
BY,DE,visa_required,,,
BY,DJ,evisa,,2026-07-15,https://www.evisa.gouv.dj/
BY,DK,visa_required,,,
BY,DM,visa_free,21,,
BY,DO,visa_required,,,
BY,DZ,visa_required,,,
BY,EC,visa_free,90,,
BY,EE,visa_required,,,
BY,EG,visa_on_arrival,,,
BY,ER,visa_required,,,
BY,ES,visa_required,,,
BY,ET,visa_on_arrival,,,https://www.evisa.gov.et/
BY,FI,visa_required,,,
BY,FJ,visa_required,,,
BY,FM,visa_free,30,,
BY,FR,visa_required,,,
BY,GA,evisa,,,
BY,GB,visa_required,,,
BY,GD,visa_on_arrival,,2026-07-15,https://gndembassyprc.mofa.gov.gd/who-needs-a-visa/
BY,GE,visa_free,365,,
BY,GH,visa_required,,,
BY,GM,visa_required,,,
BY,GN,evisa,,,
BY,GQ,evisa,,,
BY,GR,visa_required,,,
BY,GT,visa_required,,,
BY,GW,visa_on_arrival,,,
BY,GY,evisa,,,
BY,HN,visa_free,90,,
BY,HR,visa_required,,,
BY,HT,visa_free,90,,
BY,HU,visa_required,,,
BY,ID,visa_free,30,2026-07-09,https://jdih.kemenimipas.go.id/
BY,IE,visa_required,,,
BY,IL,eta,,,
BY,IN,evisa,,,
BY,IQ,evisa,,,
BY,IR,visa_free,15,,
BY,IS,visa_required,,,
BY,IT,visa_required,,,
BY,JM,visa_required,,2026-07-15,https://www.pica.gov.jm/immigration/entry-visa-requirements
BY,JO,visa_on_arrival,,,
BY,JP,visa_required,,,
BY,KE,eta,,,
BY,KG,visa_free,,,
BY,KH,visa_on_arrival,,,
BY,KI,visa_required,,,
BY,KM,visa_on_arrival,,,
BY,KN,eta,,,
BY,KP,visa_required,,,
BY,KR,evisa,,,
BY,KW,visa_required,,,
BY,KZ,visa_free,90,,
BY,LA,visa_on_arrival,,,
BY,LB,visa_on_arrival,,,
BY,LC,visa_required,,,
BY,LI,visa_required,,,
BY,LK,eta,,,https://www.immigration.gov.lk/pages_e.php?id=14
BY,LR,evisa,,,
BY,LS,visa_required,,,
BY,LT,visa_required,,,
BY,LU,visa_required,,,
BY,LV,visa_required,,,
BY,LY,evisa,,,
BY,MA,visa_required,,,
BY,MC,visa_required,,,
BY,MD,visa_free,90,,
BY,ME,visa_free,30,2026-08-08,https://www.gov.me/en/article/montenegro-fully-aligns-its-visa-policy-with-the-european-union-citizens-of-numerous-countries-can-now-apply-for-a-montenegrin-visa
BY,MG,visa_on_arrival,,,
BY,MH,visa_required,,,
BY,MK,visa_required,,,
BY,ML,visa_required,,,
BY,MM,evisa,,,
BY,MN,visa_free,90,,
BY,MR,evisa,,,
BY,MT,visa_required,,,
BY,MU,visa_on_arrival,,,
BY,MV,visa_on_arrival,,,
BY,MW,evisa,,,
BY,MX,visa_required,,,
BY,MY,visa_free,30,,
BY,MZ,visa_on_arrival,,,
BY,NA,visa_on_arrival,,,
BY,NE,visa_required,,,
BY,NG,evisa,,,
BY,NI,visa_free,90,,
BY,NL,visa_required,,,
BY,NO,visa_required,,,
BY,NP,visa_on_arrival,,,
BY,NR,visa_required,,,
BY,NZ,visa_required,,,
BY,OM,visa_free,30,2026-07-15,https://www.fm.gov.om/en/39389/
BY,PA,visa_free,90,,
BY,PE,visa_free,180,,
BY,PG,evisa,,,
BY,PH,visa_required,,,
BY,PK,evisa,,,
BY,PL,visa_required,,,
BY,PS,visa_free,,,
BY,PT,visa_required,,,
BY,PW,visa_on_arrival,,,
BY,PY,visa_required,,,
BY,QA,visa_on_arrival,,,
BY,RO,visa_required,,,
BY,RS,visa_free,30,,
BY,RU,visa_free,90,,
BY,RW,visa_on_arrival,,,
BY,SA,evisa,,,
BY,SB,visa_required,,,
BY,SC,visa_free,90,,
BY,SD,visa_required,,,
BY,SE,visa_required,,,
BY,SG,evisa,,,
BY,SI,visa_required,,,
BY,SK,visa_required,,,
BY,SL,evisa,,,
BY,SM,visa_required,,,
BY,SN,visa_required,,,
BY,SO,evisa,,,
BY,SR,eta,,,
BY,SS,evisa,,,
BY,ST,evisa,,,
BY,SV,evisa,,,
BY,SY,visa_on_arrival,,,
BY,SZ,visa_required,,,
BY,TD,evisa,,,
BY,TG,evisa,,,
BY,TH,visa_on_arrival,,,
BY,TJ,visa_free,90,,
BY,TL,visa_on_arrival,,,
BY,TM,visa_required,,,
BY,TN,visa_free,90,,
BY,TO,visa_required,,,
BY,TR,visa_free,30,,
BY,TT,visa_required,,,
BY,TV,visa_on_arrival,,,
BY,TW,visa_required,,,
BY,TZ,visa_on_arrival,,,
BY,UA,visa_free,,,
BY,UG,evisa,,,
BY,US,visa_required,,,
BY,UY,visa_required,,,
BY,UZ,visa_free,,,
BY,VA,visa_required,,,
BY,VC,visa_free,90,,
BY,VE,visa_free,90,,
BY,VN,visa_free,30,,https://mofa.gov.vn/tin-chi-tiet/chi-tiet/viet-nam-39-s-visa-exemption-list-57163-596.html
BY,VU,visa_free,120,,
BY,WS,visa_on_arrival,,,
BY,XK,visa_required,,,
BY,YE,visa_required,,,
BY,ZA,evisa,,,
BY,ZM,visa_on_arrival,,,
BY,ZW,visa_on_arrival,,,
BZ,AD,visa_required,,,
BZ,AE,evisa,,,
BZ,AF,visa_required,,,
BZ,AG,visa_free,180,,
BZ,AL,evisa,,,
BZ,AM,evisa,,,
BZ,AO,visa_free,30,,
BZ,AR,visa_required,,,
BZ,AT,visa_required,,,
BZ,AU,evisa,,,
BZ,AZ,visa_required,,,
BZ,BA,visa_required,,,
BZ,BB,visa_free,180,,
BZ,BD,visa_required,,,
BZ,BE,visa_required,,,
BZ,BF,evisa,,,
BZ,BG,visa_required,,,
BZ,BH,evisa,,,
BZ,BI,visa_on_arrival,,,
BZ,BJ,visa_free,90,,
BZ,BN,visa_required,,,
BZ,BO,evisa,,,
BZ,BR,visa_free,90,,
BZ,BS,visa_free,90,,
BZ,BT,evisa,,,
BZ,BW,visa_free,90,,
BZ,BY,visa_required,,,
BZ,CA,visa_required,,,
BZ,CD,evisa,,,
BZ,CF,visa_required,,,
BZ,CG,visa_required,,,
BZ,CH,visa_required,,,
BZ,CI,eta,,,
BZ,CL,visa_free,90,,
BZ,CM,evisa,,,
BZ,CN,visa_required,,,
BZ,CO,visa_free,90,,
BZ,CR,visa_free,30,,
BZ,CU,evisa,,,
BZ,CV,visa_on_arrival,,,
BZ,CY,visa_required,,,
BZ,CZ,visa_required,,,
BZ,DE,visa_required,,,
BZ,DJ,visa_on_arrival,,,
BZ,DK,visa_required,,,
BZ,DM,visa_free,180,,
BZ,DO,visa_free,30,,
BZ,DZ,visa_required,,,
BZ,EC,visa_free,90,,
BZ,EE,visa_required,,,
BZ,EG,visa_on_arrival,,,
BZ,ER,visa_required,,,
BZ,ES,visa_required,,,
BZ,ET,evisa,,,
BZ,FI,visa_required,,,
BZ,FJ,visa_free,120,,
BZ,FM,visa_free,30,,
BZ,FR,visa_required,,,
BZ,GA,evisa,,,
BZ,GB,eta,,,
BZ,GD,visa_free,90,,
BZ,GE,visa_free,365,,
BZ,GH,visa_required,,,
BZ,GM,visa_free,90,,
BZ,GN,evisa,,,
BZ,GQ,evisa,,,
BZ,GR,visa_required,,,
BZ,GT,visa_free,90,,
BZ,GW,visa_on_arrival,,,
BZ,GY,visa_free,180,,
BZ,HN,visa_free,90,,
BZ,HR,visa_required,,,
BZ,HT,visa_free,90,,
BZ,HU,visa_required,,,
BZ,ID,evisa,,,
BZ,IE,visa_free,90,,
BZ,IL,eta,,,
BZ,IN,evisa,,,
BZ,IQ,evisa,,,
BZ,IR,visa_on_arrival,,,
BZ,IS,visa_required,,,
BZ,IT,visa_required,,,
BZ,JM,visa_free,,,
BZ,JO,visa_required,,,
BZ,JP,visa_required,,,
BZ,KE,visa_free,90,,
BZ,KG,evisa,,,
BZ,KH,visa_on_arrival,,,
BZ,KI,visa_free,90,,
BZ,KM,visa_on_arrival,,,
BZ,KN,eta,,,
BZ,KP,visa_required,,,
BZ,KR,evisa,,,
BZ,KW,visa_required,,,
BZ,KZ,evisa,,,
BZ,LA,visa_on_arrival,,,
BZ,LB,visa_on_arrival,,,
BZ,LC,visa_free,42,,
BZ,LI,visa_required,,,
BZ,LK,eta,,,
BZ,LR,evisa,,,
BZ,LS,visa_free,90,,
BZ,LT,visa_required,,,
BZ,LU,visa_required,,,
BZ,LV,visa_required,,,
BZ,LY,evisa,,,
BZ,MA,visa_required,,,
BZ,MC,visa_required,,,
BZ,MD,evisa,,,
BZ,ME,visa_required,,,
BZ,MG,visa_on_arrival,,,
BZ,MH,visa_on_arrival,,,
BZ,MK,visa_required,,,
BZ,ML,visa_required,,,
BZ,MM,visa_required,,,
BZ,MN,evisa,,,
BZ,MR,evisa,,,
BZ,MT,visa_required,,,
BZ,MU,visa_free,90,,
BZ,MV,visa_on_arrival,,,
BZ,MW,visa_free,90,,
BZ,MX,visa_free,180,,
BZ,MY,visa_free,30,,
BZ,MZ,visa_on_arrival,,,
BZ,NA,evisa,,,
BZ,NE,visa_required,,,
BZ,NG,evisa,,,
BZ,NI,visa_free,90,,
BZ,NL,visa_required,,,
BZ,NO,visa_required,,,
BZ,NP,visa_on_arrival,,,
BZ,NR,visa_required,,,
BZ,NZ,visa_required,,,
BZ,OM,evisa,,,
BZ,PA,visa_free,90,,
BZ,PE,visa_free,180,,
BZ,PG,eta,,,
BZ,PH,visa_free,30,,
BZ,PK,evisa,,,
BZ,PL,visa_required,,,
BZ,PS,visa_free,,,
BZ,PT,visa_required,,,
BZ,PW,visa_on_arrival,,,
BZ,PY,visa_required,,,
BZ,QA,evisa,,,
BZ,RO,visa_required,,,
BZ,RS,visa_required,,,
BZ,RU,visa_free,90,,
BZ,RW,visa_free,30,,
BZ,SA,evisa,,,
BZ,SB,visa_on_arrival,,,
BZ,SC,visa_free,90,,
BZ,SD,visa_required,,,
BZ,SE,visa_required,,,
BZ,SG,visa_free,30,,
BZ,SI,visa_required,,,
BZ,SK,visa_required,,,
BZ,SL,visa_on_arrival,,,
BZ,SM,visa_required,,,
BZ,SN,visa_required,,,
BZ,SO,evisa,,,
BZ,SR,visa_free,180,,
BZ,SS,evisa,,,
BZ,ST,evisa,,,
BZ,SV,visa_free,180,,
BZ,SY,evisa,,,
BZ,SZ,visa_free,30,,
BZ,TD,evisa,,,
BZ,TG,evisa,,,
BZ,TH,evisa,,,
BZ,TJ,evisa,,,
BZ,TL,visa_on_arrival,,,
BZ,TM,visa_required,,,
BZ,TN,visa_required,,,
BZ,TO,visa_required,,,
BZ,TR,visa_free,90,,
BZ,TT,visa_free,,,
BZ,TV,visa_on_arrival,,,
BZ,TW,visa_free,30,,
BZ,TZ,visa_free,90,,
BZ,UA,evisa,,,
BZ,UG,visa_free,90,,
BZ,US,visa_required,,,
BZ,UY,visa_free,90,,
BZ,UZ,visa_free,30,,
BZ,VA,visa_required,,,
BZ,VC,visa_free,180,,
BZ,VE,visa_free,90,,
BZ,VN,evisa,,,
BZ,VU,visa_free,120,,
BZ,WS,visa_on_arrival,,,
BZ,XK,visa_free,90,,
BZ,YE,visa_required,,,
BZ,ZA,visa_free,30,,
BZ,ZM,visa_free,90,,
BZ,ZW,visa_free,90,,
CA,AD,visa_free,90,,
CA,AE,visa_free,90,,
CA,AF,visa_required,,,
CA,AG,visa_free,180,,
CA,AL,visa_free,90,,
CA,AM,visa_on_arrival,,,
CA,AO,visa_free,30,,
CA,AR,visa_free,90,,
CA,AT,visa_free,90,,
CA,AU,eta,,,
CA,AZ,evisa,,,
CA,BA,visa_free,90,,
CA,BB,visa_free,180,,
CA,BD,visa_on_arrival,,,
CA,BE,visa_free,90,,
CA,BF,evisa,,,
CA,BG,visa_free,90,,
CA,BH,visa_on_arrival,,,
CA,BI,visa_on_arrival,,,
CA,BJ,evisa,,,
CA,BN,visa_free,90,,
CA,BO,visa_free,90,,
CA,BR,evisa,,,
CA,BS,visa_free,240,,
CA,BT,evisa,,,
CA,BW,visa_free,90,,
CA,BY,visa_free,30,,
CA,BZ,visa_free,,,
CA,CD,evisa,,,
CA,CF,visa_required,,,
CA,CG,visa_required,,,
CA,CH,visa_free,90,,
CA,CI,eta,,,
CA,CL,visa_free,90,,
CA,CM,evisa,,,
CA,CN,visa_free,30,2026-08-08,https://www.fmprc.gov.cn/eng/xw/fyrbt/202602/t20260215_11860467.html
CA,CO,visa_free,90,,
CA,CR,visa_free,180,,
CA,CU,evisa,,,
CA,CV,visa_free,30,,
CA,CY,visa_free,90,,
CA,CZ,visa_free,90,,
CA,DE,visa_free,90,,
CA,DJ,visa_on_arrival,,,
CA,DK,visa_free,90,,
CA,DM,visa_free,180,,
CA,DO,visa_free,30,,
CA,DZ,visa_required,,,
CA,EC,visa_free,90,,
CA,EE,visa_free,90,,
CA,EG,visa_on_arrival,,,
CA,ER,visa_required,,,
CA,ES,visa_free,90,,
CA,ET,visa_on_arrival,,,
CA,FI,visa_free,90,,
CA,FJ,visa_free,120,,
CA,FM,visa_free,30,,
CA,FR,visa_free,90,,
CA,GA,evisa,,,
CA,GB,eta,,,https://www.gov.uk/eta
CA,GD,visa_free,90,,
CA,GE,visa_free,365,,
CA,GH,visa_required,,,
CA,GM,visa_free,90,,
CA,GN,evisa,,,
CA,GQ,evisa,,,
CA,GR,visa_free,90,,
CA,GT,visa_free,90,,
CA,GW,visa_on_arrival,,,
CA,GY,visa_free,90,,
CA,HN,visa_free,90,,
CA,HR,visa_free,90,,
CA,HT,visa_free,90,,
CA,HU,visa_free,90,,
CA,ID,visa_on_arrival,,,
CA,IE,visa_free,90,,
CA,IL,eta,,,
CA,IN,evisa,,,
CA,IQ,evisa,,,
CA,IR,visa_required,,,
CA,IS,visa_free,90,,
CA,IT,visa_free,90,,
CA,JM,visa_free,,,
CA,JO,visa_on_arrival,,,
CA,JP,visa_free,90,,
CA,KE,eta,,,
CA,KG,visa_free,60,,
CA,KH,visa_on_arrival,,,
CA,KI,visa_free,90,,
CA,KM,visa_on_arrival,,,
CA,KN,eta,,,
CA,KP,visa_required,,,
CA,KR,visa_free,180,,
CA,KW,visa_on_arrival,,,
CA,KZ,visa_free,30,,
CA,LA,visa_on_arrival,,,
CA,LB,visa_on_arrival,,,
CA,LC,visa_free,42,,
CA,LI,visa_free,90,,
CA,LK,eta,,,
CA,LR,evisa,,,
CA,LS,visa_free,,,
CA,LT,visa_free,90,,
CA,LU,visa_free,90,,
CA,LV,visa_free,90,,
CA,LY,evisa,,,
CA,MA,visa_free,90,,
CA,MC,visa_free,90,,
CA,MD,visa_free,90,,
CA,ME,visa_free,90,,
CA,MG,visa_on_arrival,,,
CA,MH,visa_on_arrival,,,
CA,MK,visa_free,90,,
CA,ML,visa_required,,,
CA,MM,evisa,,,
CA,MN,visa_free,30,,
CA,MR,evisa,,,
CA,MT,visa_free,90,,
CA,MU,visa_free,90,,
CA,MV,visa_on_arrival,,,
CA,MW,evisa,,,
CA,MX,visa_free,180,,
CA,MY,visa_free,90,,
CA,MZ,visa_free,30,,
CA,NA,visa_on_arrival,,,
CA,NE,visa_required,,,
CA,NG,evisa,,,
CA,NI,visa_free,90,,
CA,NL,visa_free,90,,
CA,NO,visa_free,90,,
CA,NP,visa_on_arrival,,,
CA,NR,visa_required,,,
CA,NZ,eta,,,
CA,OM,visa_on_arrival,,,
CA,PA,visa_free,180,,
CA,PE,visa_free,180,,
CA,PG,visa_on_arrival,,,
CA,PH,visa_free,30,,
CA,PK,evisa,,,
CA,PL,visa_free,90,,
CA,PS,visa_free,,,
CA,PT,visa_free,90,,
CA,PW,visa_on_arrival,,,
CA,PY,visa_free,90,,
CA,QA,visa_on_arrival,,,
CA,RO,visa_free,90,,
CA,RS,visa_free,90,,
CA,RU,visa_required,,,
CA,RW,visa_free,30,,
CA,SA,visa_on_arrival,,,
CA,SB,visa_on_arrival,,,
CA,SC,visa_free,90,,
CA,SD,visa_required,,,
CA,SE,visa_free,90,,
CA,SG,visa_free,30,,
CA,SI,visa_free,90,,
CA,SK,visa_free,90,,
CA,SL,visa_on_arrival,,,
CA,SM,visa_free,90,,
CA,SN,visa_free,90,,
CA,SO,evisa,,,
CA,SR,eta,,,
CA,SS,evisa,,,
CA,ST,visa_free,15,,
CA,SV,visa_free,180,,
CA,SY,evisa,,,
CA,SZ,visa_free,30,,
CA,TD,evisa,,,
CA,TG,evisa,,,
CA,TH,visa_free,60,,
CA,TJ,visa_free,30,,
CA,TL,visa_on_arrival,,,
CA,TM,visa_required,,,
CA,TN,visa_free,120,,
CA,TO,visa_on_arrival,,,
CA,TR,visa_free,90,,
CA,TT,visa_free,,,
CA,TV,visa_on_arrival,,,
CA,TW,visa_free,90,,
CA,TZ,visa_on_arrival,,,
CA,UA,visa_free,90,,
CA,UG,evisa,,,
CA,US,visa_free,180,,
CA,UY,visa_free,90,,
CA,UZ,visa_free,30,,
CA,VA,visa_free,90,,
CA,VC,visa_free,180,,
CA,VE,visa_required,,,
CA,VN,evisa,,,
CA,VU,visa_free,120,,
CA,WS,visa_on_arrival,,,
CA,XK,visa_free,90,,
CA,YE,visa_required,,,
CA,ZA,visa_free,90,,
CA,ZM,visa_free,90,,
CA,ZW,visa_on_arrival,,,
CD,AD,visa_required,,,
CD,AE,evisa,,,
CD,AF,visa_required,,,
CD,AG,evisa,,,
CD,AL,evisa,,,
CD,AM,visa_required,,,
CD,AO,visa_required,,,
CD,AR,visa_required,,,
CD,AT,visa_required,,,
CD,AU,evisa,,,
CD,AZ,visa_required,,,
CD,BA,visa_required,,,
CD,BB,visa_free,90,,
CD,BD,visa_on_arrival,,,
CD,BE,visa_required,,,
CD,BF,evisa,,,
CD,BG,visa_required,,,
CD,BH,evisa,,,
CD,BI,visa_free,90,,
CD,BJ,visa_free,90,,
CD,BN,visa_required,,,
CD,BO,evisa,,,
CD,BR,visa_required,,,
CD,BS,evisa,,,
CD,BT,evisa,,,
CD,BW,evisa,,,
CD,BY,visa_required,,,
CD,BZ,visa_required,,,
CD,CA,visa_required,,,
CD,CF,visa_required,,,
CD,CG,visa_required,,,
CD,CH,visa_required,,,
CD,CI,eta,,,
CD,CL,visa_required,,,
CD,CM,evisa,,,
CD,CN,visa_required,,,
CD,CO,evisa,,,
CD,CR,visa_required,,,
CD,CU,evisa,,,
CD,CV,visa_required,,,
CD,CY,visa_required,,,
CD,CZ,visa_required,,,
CD,DE,visa_required,,,
CD,DJ,visa_on_arrival,,,
CD,DK,visa_required,,,
CD,DM,visa_free,21,,
CD,DO,visa_required,,,
CD,DZ,visa_required,,,
CD,EC,evisa,,,
CD,EE,visa_required,,,
CD,EG,visa_required,,,
CD,ER,visa_required,,,
CD,ES,visa_required,,,
CD,ET,visa_on_arrival,,,
CD,FI,visa_required,,,
CD,FJ,visa_required,,,
CD,FM,visa_free,30,,
CD,FR,visa_required,,,
CD,GA,evisa,,,
CD,GB,visa_required,,,
CD,GD,visa_required,,,
CD,GE,visa_required,,,
CD,GH,visa_on_arrival,,,
CD,GM,visa_free,90,,
CD,GN,evisa,,,
CD,GQ,evisa,,,
CD,GR,visa_required,,,
CD,GT,visa_required,,,
CD,GW,visa_on_arrival,,,
CD,GY,evisa,,,
CD,HN,visa_required,,,
CD,HR,visa_required,,,
CD,HT,visa_free,90,,
CD,HU,visa_required,,,
CD,ID,evisa,,,
CD,IE,visa_required,,,
CD,IL,evisa,,,
CD,IN,visa_required,,,
CD,IQ,evisa,,,
CD,IR,visa_on_arrival,,,
CD,IS,visa_required,,,
CD,IT,visa_required,,,
CD,JM,visa_required,,,
CD,JO,visa_required,,,
CD,JP,visa_required,,,
CD,KE,visa_free,180,,
CD,KG,evisa,,,
CD,KH,visa_on_arrival,,,
CD,KI,visa_required,,,
CD,KM,visa_on_arrival,,,
CD,KN,evisa,,,
CD,KP,visa_required,,,
CD,KR,evisa,,,
CD,KW,visa_required,,,
CD,KZ,evisa,,,
CD,LA,visa_required,,,
CD,LB,visa_required,,,
CD,LC,visa_required,,,
CD,LI,visa_required,,,
CD,LK,eta,,,
CD,LR,visa_required,,,
CD,LS,visa_required,,,
CD,LT,visa_required,,,
CD,LU,visa_required,,,
CD,LV,visa_required,,,
CD,LY,evisa,,,
CD,MA,visa_required,,,
CD,MC,visa_required,,,
CD,MD,evisa,,,
CD,ME,visa_required,,,
CD,MG,visa_on_arrival,,,
CD,MH,visa_required,,,
CD,MK,visa_required,,,
CD,ML,visa_required,,,
CD,MM,visa_required,,,
CD,MN,evisa,,,
CD,MR,evisa,,,
CD,MT,visa_required,,,
CD,MU,visa_free,90,,
CD,MV,visa_on_arrival,,,
CD,MW,evisa,,,
CD,MX,visa_required,,,
CD,MY,evisa,,,
CD,MZ,visa_on_arrival,,,
CD,NA,evisa,,,
CD,NE,visa_required,,,
CD,NG,evisa,,,
CD,NI,visa_required,,,
CD,NL,visa_required,,,
CD,NO,visa_required,,,
CD,NP,visa_on_arrival,,,
CD,NR,visa_required,,,
CD,NZ,visa_required,,,
CD,OM,evisa,,,
CD,PA,visa_required,,,
CD,PE,visa_required,,,
CD,PG,evisa,,,
CD,PH,visa_free,30,,
CD,PK,evisa,,,
CD,PL,visa_required,,,
CD,PS,visa_required,,,
CD,PT,visa_required,,,
CD,PW,visa_on_arrival,,,
CD,PY,visa_required,,,
CD,QA,evisa,,,
CD,RO,visa_required,,,
CD,RS,visa_required,,,
CD,RU,visa_required,,,
CD,RW,visa_free,90,,
CD,SA,evisa,,,
CD,SB,visa_required,,,
CD,SC,visa_free,90,,
CD,SD,visa_required,,,
CD,SE,visa_required,,,
CD,SG,visa_free,30,,
CD,SI,visa_required,,,
CD,SK,visa_required,,,
CD,SL,visa_on_arrival,,,
CD,SM,visa_required,,,
CD,SN,visa_on_arrival,,,
CD,SO,evisa,,,
CD,SR,eta,,,
CD,SS,evisa,,,
CD,ST,evisa,,,
CD,SV,evisa,,,
CD,SY,evisa,,,
CD,SZ,visa_required,,,
CD,TD,evisa,,,
CD,TG,evisa,,,
CD,TH,evisa,,,
CD,TJ,visa_required,,,
CD,TL,visa_on_arrival,,,
CD,TM,visa_required,,,
CD,TN,visa_required,,,
CD,TO,visa_required,,,
CD,TR,visa_required,,,
CD,TT,visa_required,,,
CD,TV,visa_on_arrival,,,
CD,TW,visa_required,,,
CD,TZ,visa_on_arrival,,,
CD,UA,visa_required,,,
CD,UG,visa_free,90,,
CD,US,visa_required,,,
CD,UY,visa_required,,,
CD,UZ,visa_required,,,
CD,VA,visa_required,,,
CD,VC,visa_free,90,,
CD,VE,visa_required,,,
CD,VN,evisa,,,
CD,VU,evisa,,,
CD,WS,visa_on_arrival,,,
CD,XK,visa_required,,,
CD,YE,visa_required,,,
CD,ZA,evisa,,,
CD,ZM,visa_on_arrival,,,
CD,ZW,visa_free,90,,
CF,AD,visa_required,,,
CF,AE,evisa,,,
CF,AF,visa_required,,,
CF,AG,evisa,,,
CF,AL,evisa,,,
CF,AM,visa_required,,,
CF,AO,visa_required,,,
CF,AR,visa_required,,,
CF,AT,visa_required,,,
CF,AU,evisa,,,
CF,AZ,visa_required,,,
CF,BA,visa_required,,,
CF,BB,visa_free,90,,
CF,BD,visa_on_arrival,,,
CF,BE,visa_required,,,
CF,BF,visa_free,90,,
CF,BG,visa_required,,,
CF,BH,evisa,,,
CF,BI,visa_on_arrival,,,
CF,BJ,visa_free,90,,
CF,BN,visa_required,,,
CF,BO,evisa,,,
CF,BR,visa_required,,,
CF,BS,evisa,,,
CF,BT,evisa,,,
CF,BW,evisa,,,
CF,BY,visa_required,,,
CF,BZ,visa_required,,,
CF,CA,visa_required,,,
CF,CD,evisa,,,
CF,CG,visa_free,90,,
CF,CH,visa_required,,,
CF,CI,visa_free,90,,
CF,CL,visa_required,,,
CF,CM,visa_free,90,,
CF,CN,visa_required,,,
CF,CO,evisa,,,
CF,CR,visa_required,,,
CF,CU,evisa,,,
CF,CV,visa_required,,,
CF,CY,visa_required,,,
CF,CZ,visa_required,,,
CF,DE,visa_required,,,
CF,DJ,visa_on_arrival,,,
CF,DK,visa_required,,,
CF,DM,visa_free,21,,
CF,DO,visa_required,,,
CF,DZ,visa_required,,,
CF,EC,visa_free,90,,
CF,EE,visa_required,,,
CF,EG,visa_required,,,
CF,ER,visa_required,,,
CF,ES,visa_required,,,
CF,ET,visa_on_arrival,,,
CF,FI,visa_required,,,
CF,FJ,visa_required,,,
CF,FM,visa_free,30,,
CF,FR,visa_required,,,
CF,GA,visa_free,90,,
CF,GB,visa_required,,,
CF,GD,visa_required,,,
CF,GE,evisa,,,
CF,GH,visa_on_arrival,,,
CF,GM,visa_free,90,,
CF,GN,evisa,,,
CF,GQ,evisa,,,
CF,GR,visa_required,,,
CF,GT,visa_required,,,
CF,GW,visa_on_arrival,,,
CF,GY,evisa,,,
CF,HN,visa_required,,,
CF,HR,visa_required,,,
CF,HT,visa_free,90,,
CF,HU,visa_required,,,
CF,ID,evisa,,,
CF,IE,visa_required,,,
CF,IL,evisa,,,
CF,IN,visa_required,,,
CF,IQ,evisa,,,
CF,IR,visa_on_arrival,,,
CF,IS,visa_required,,,
CF,IT,visa_required,,,
CF,JM,visa_required,,,
CF,JO,visa_required,,,
CF,JP,visa_required,,,
CF,KE,visa_free,60,,
CF,KG,evisa,,,
CF,KH,visa_on_arrival,,,
CF,KI,visa_required,,,
CF,KM,visa_on_arrival,,,
CF,KN,evisa,,,
CF,KP,visa_required,,,
CF,KR,evisa,,,
CF,KW,visa_required,,,
CF,KZ,evisa,,,
CF,LA,visa_on_arrival,,,
CF,LB,visa_required,,,
CF,LC,visa_required,,,
CF,LI,visa_required,,,
CF,LK,eta,,,
CF,LR,evisa,,,
CF,LS,visa_required,,,
CF,LT,visa_required,,,
CF,LU,visa_required,,,
CF,LV,visa_required,,,
CF,LY,evisa,,,
CF,MA,visa_required,,,
CF,MC,visa_required,,,
CF,MD,evisa,,,
CF,ME,visa_required,,,
CF,MG,visa_on_arrival,,,
CF,MH,visa_required,,,
CF,MK,visa_required,,,
CF,ML,visa_required,,,
CF,MM,visa_required,,,
CF,MN,evisa,,,
CF,MR,evisa,,,
CF,MT,visa_required,,,
CF,MU,visa_on_arrival,,,
CF,MV,visa_on_arrival,,,
CF,MW,evisa,,,
CF,MX,visa_required,,,
CF,MY,evisa,,,
CF,MZ,visa_on_arrival,,,
CF,NA,visa_on_arrival,,,
CF,NE,visa_required,,,
CF,NG,evisa,,,
CF,NI,visa_on_arrival,,,
CF,NL,visa_required,,,
CF,NO,visa_required,,,
CF,NP,visa_on_arrival,,,
CF,NR,visa_required,,,
CF,NZ,visa_required,,,
CF,OM,evisa,,,
CF,PA,visa_required,,,
CF,PE,visa_required,,,
CF,PG,evisa,,,
CF,PH,visa_free,30,,
CF,PK,evisa,,,
CF,PL,visa_required,,,
CF,PS,visa_free,,,
CF,PT,visa_required,,,
CF,PW,visa_on_arrival,,,
CF,PY,visa_required,,,
CF,QA,evisa,,,
CF,RO,visa_required,,,
CF,RS,visa_required,,,
CF,RU,visa_required,,,
CF,RW,visa_free,90,,
CF,SA,evisa,,,
CF,SB,visa_required,,,
CF,SC,visa_free,90,,
CF,SD,visa_required,,,
CF,SE,visa_required,,,
CF,SG,visa_free,30,,
CF,SI,visa_required,,,
CF,SK,visa_required,,,
CF,SL,visa_on_arrival,,,
CF,SM,visa_required,,,
CF,SN,visa_free,90,,
CF,SO,evisa,,,
CF,SR,eta,,,
CF,SS,evisa,,,
CF,ST,evisa,,,
CF,SV,evisa,,,
CF,SY,evisa,,,
CF,SZ,visa_required,,,
CF,TD,visa_free,90,,
CF,TG,evisa,,,
CF,TH,evisa,,,
CF,TJ,evisa,,,
CF,TL,visa_on_arrival,,,
CF,TM,visa_required,,,
CF,TN,visa_required,,,
CF,TO,visa_required,,,
CF,TR,visa_required,,,
CF,TT,visa_required,,,
CF,TV,visa_on_arrival,,,
CF,TW,visa_required,,,
CF,TZ,visa_on_arrival,,,
CF,UA,visa_required,,,
CF,UG,evisa,,,
CF,US,visa_required,,,
CF,UY,visa_required,,,
CF,UZ,visa_required,,,
CF,VA,visa_required,,,
CF,VC,visa_free,90,,
CF,VE,visa_required,,,
CF,VN,evisa,,,
CF,VU,evisa,,,
CF,WS,visa_on_arrival,,,
CF,XK,visa_required,,,
CF,YE,visa_required,,,
CF,ZA,visa_required,,,
CF,ZM,evisa,,,
CF,ZW,evisa,,,
CG,AD,visa_required,,,
CG,AE,evisa,,,
CG,AF,visa_required,,,
CG,AG,evisa,,,
CG,AL,evisa,,,
CG,AM,visa_required,,,
CG,AO,visa_required,,,
CG,AR,visa_required,,,
CG,AT,visa_required,,,
CG,AU,evisa,,,
CG,AZ,visa_required,,,
CG,BA,visa_required,,,
CG,BB,visa_free,90,,
CG,BD,visa_on_arrival,,,
CG,BE,visa_required,,,
CG,BF,evisa,,,
CG,BG,visa_required,,,
CG,BH,evisa,,,
CG,BI,visa_on_arrival,,,
CG,BJ,visa_free,90,,
CG,BN,visa_required,,,
CG,BO,evisa,,,
CG,BR,visa_required,,,
CG,BS,evisa,,,
CG,BT,evisa,,,
CG,BW,evisa,,,
CG,BY,visa_required,,,
CG,BZ,visa_required,,,
CG,CA,visa_required,,,
CG,CD,visa_free,90,,
CG,CF,visa_free,90,,
CG,CH,visa_required,,,
CG,CI,visa_free,90,,
CG,CL,visa_required,,,
CG,CM,visa_free,90,,
CG,CN,visa_required,,,
CG,CO,evisa,,,
CG,CR,visa_required,,,
CG,CU,evisa,,,
CG,CV,visa_required,,,
CG,CY,visa_required,,,
CG,CZ,visa_required,,,
CG,DE,visa_required,,,
CG,DJ,visa_on_arrival,,,
CG,DK,visa_required,,,
CG,DM,visa_free,21,,
CG,DO,visa_required,,,
CG,DZ,visa_required,,,
CG,EC,evisa,,,
CG,EE,visa_required,,,
CG,EG,visa_required,,,
CG,ER,visa_required,,,
CG,ES,visa_required,,,
CG,ET,visa_on_arrival,,,
CG,FI,visa_required,,,
CG,FJ,visa_required,,,
CG,FM,visa_free,30,,
CG,FR,visa_required,,,
CG,GA,visa_free,90,,
CG,GB,visa_required,,,
CG,GD,visa_required,,,
CG,GE,visa_required,,,
CG,GH,visa_on_arrival,,,
CG,GM,visa_free,90,,
CG,GN,evisa,,,
CG,GQ,evisa,,,
CG,GR,visa_required,,,
CG,GT,visa_required,,,
CG,GW,visa_on_arrival,,,
CG,GY,evisa,,,
CG,HN,visa_required,,,
CG,HR,visa_required,,,
CG,HT,visa_free,90,,
CG,HU,visa_required,,,
CG,ID,evisa,,,
CG,IE,visa_required,,,
CG,IL,evisa,,,
CG,IN,visa_required,,,
CG,IQ,evisa,,,
CG,IR,visa_on_arrival,,,
CG,IS,visa_required,,,
CG,IT,visa_required,,,
CG,JM,visa_required,,,
CG,JO,visa_required,,,
CG,JP,visa_required,,,
CG,KE,visa_free,90,,
CG,KG,evisa,,,
CG,KH,visa_on_arrival,,,
CG,KI,visa_required,,,
CG,KM,visa_on_arrival,,,
CG,KN,evisa,,,
CG,KP,visa_required,,,
CG,KR,evisa,,,
CG,KW,visa_required,,,
CG,KZ,evisa,,,
CG,LA,visa_required,,,
CG,LB,visa_required,,,
CG,LC,visa_required,,,
CG,LI,visa_required,,,
CG,LK,eta,,,
CG,LR,evisa,,,
CG,LS,visa_required,,,
CG,LT,visa_required,,,
CG,LU,visa_required,,,
CG,LV,visa_required,,,
CG,LY,evisa,,,
CG,MA,eta,,,
CG,MC,visa_required,,,
CG,MD,evisa,,,
CG,ME,visa_required,,,
CG,MG,visa_on_arrival,,,
CG,MH,visa_required,,,
CG,MK,visa_required,,,
CG,ML,visa_required,,,
CG,MM,visa_required,,,
CG,MN,evisa,,,
CG,MR,evisa,,,
CG,MT,visa_required,,,
CG,MU,visa_free,90,,
CG,MV,visa_on_arrival,,,
CG,MW,evisa,,,
CG,MX,visa_required,,,
CG,MY,evisa,,,
CG,MZ,visa_on_arrival,,,
CG,NA,evisa,,,
CG,NE,visa_required,,,
CG,NG,evisa,,,
CG,NI,visa_required,,,
CG,NL,visa_required,,,
CG,NO,visa_required,,,
CG,NP,visa_on_arrival,,,
CG,NR,visa_required,,,
CG,NZ,visa_required,,,
CG,OM,evisa,,,
CG,PA,visa_required,,,
CG,PE,visa_required,,,
CG,PG,evisa,,,
CG,PH,visa_free,30,,
CG,PK,evisa,,,
CG,PL,visa_required,,,
CG,PS,visa_required,,,
CG,PT,visa_required,,,
CG,PW,visa_on_arrival,,,
CG,PY,visa_required,,,
CG,QA,evisa,,,
CG,RO,visa_required,,,
CG,RS,visa_required,,,
CG,RU,visa_required,,,
CG,RW,visa_free,30,,
CG,SA,evisa,,,
CG,SB,visa_required,,,
CG,SC,visa_free,90,,
CG,SD,visa_required,,,
CG,SE,visa_required,,,
CG,SG,visa_free,30,,
CG,SI,visa_required,,,
CG,SK,visa_required,,,
CG,SL,visa_on_arrival,,,
CG,SM,visa_required,,,
CG,SN,visa_free,90,,
CG,SO,evisa,,,
CG,SR,eta,,,
CG,SS,evisa,,,
CG,ST,evisa,,,
CG,SV,evisa,,,
CG,SY,evisa,,,
CG,SZ,visa_required,,,
CG,TD,visa_free,90,,
CG,TG,evisa,,,
CG,TH,evisa,,,
CG,TJ,evisa,,,
CG,TL,visa_on_arrival,,,
CG,TM,visa_required,,,
CG,TN,visa_required,,,
CG,TO,visa_required,,,
CG,TR,visa_required,,,
CG,TT,visa_required,,,
CG,TV,visa_on_arrival,,,
CG,TW,visa_required,,,
CG,TZ,visa_on_arrival,,,
CG,UA,visa_required,,,
CG,UG,evisa,,,
CG,US,no_admission,,,
CG,UY,visa_required,,,
CG,UZ,visa_required,,,
CG,VA,visa_required,,,
CG,VC,visa_free,90,,
CG,VE,visa_required,,,
CG,VN,evisa,,,
CG,VU,evisa,,,
CG,WS,visa_on_arrival,,,
CG,XK,visa_required,,,
CG,YE,visa_required,,,
CG,ZA,evisa,,,
CG,ZM,visa_on_arrival,,,
CG,ZW,evisa,,,
CH,AD,visa_free,,,
CH,AE,visa_free,90,,
CH,AF,visa_required,,,
CH,AG,visa_free,180,,
CH,AL,visa_free,90,,
CH,AM,visa_free,180,,
CH,AO,visa_free,30,,
CH,AR,visa_free,90,,
CH,AT,visa_free,,,
CH,AU,eta,,,
CH,AZ,evisa,,,
CH,BA,visa_free,90,,
CH,BB,visa_free,180,,
CH,BD,visa_on_arrival,,,
CH,BE,visa_free,,,
CH,BF,evisa,,,
CH,BG,visa_free,,,
CH,BH,visa_on_arrival,,,
CH,BI,visa_on_arrival,,,
CH,BJ,evisa,,,
CH,BN,visa_free,90,,
CH,BO,visa_free,90,,
CH,BR,visa_free,90,,
CH,BS,visa_free,240,,
CH,BT,evisa,,,
CH,BW,visa_free,90,,
CH,BY,visa_free,30,,
CH,BZ,visa_free,30,,
CH,CA,eta,,,
CH,CD,evisa,,,
CH,CF,visa_required,,,
CH,CG,visa_required,,,
CH,CI,eta,,,
CH,CL,visa_free,90,,
CH,CM,evisa,,,
CH,CN,visa_free,30,,https://www.fmprc.gov.cn/eng/xw/fyrbt/202602/t20260215_11860467.html
CH,CO,visa_free,90,,
CH,CR,visa_free,180,,
CH,CU,evisa,,,
CH,CV,visa_free,30,,
CH,CY,visa_free,,,
CH,CZ,visa_free,,,
CH,DE,visa_free,,,
CH,DJ,visa_on_arrival,,,
CH,DK,visa_free,,,
CH,DM,visa_free,180,,
CH,DO,visa_free,30,,
CH,DZ,visa_required,,,
CH,EC,visa_free,90,,
CH,EE,visa_free,,,
CH,EG,visa_on_arrival,,,
CH,ER,visa_required,,,
CH,ES,visa_free,,,
CH,ET,visa_on_arrival,,,
CH,FI,visa_free,,,
CH,FJ,visa_free,120,,
CH,FM,visa_free,90,,
CH,FR,visa_free,,,
CH,GA,evisa,,,
CH,GB,eta,,,
CH,GD,visa_free,90,,
CH,GE,visa_free,365,,
CH,GH,visa_required,,,
CH,GM,visa_free,90,,
CH,GN,evisa,,,
CH,GQ,evisa,,,
CH,GR,visa_free,,,
CH,GT,visa_free,90,,
CH,GW,visa_on_arrival,,,
CH,GY,visa_free,90,,
CH,HN,visa_free,90,,
CH,HR,visa_free,,,
CH,HT,visa_free,90,,
CH,HU,visa_free,,,
CH,ID,visa_on_arrival,,,
CH,IE,visa_free,,,
CH,IL,eta,,,
CH,IN,evisa,,,
CH,IQ,evisa,,,
CH,IR,visa_on_arrival,,,
CH,IS,visa_free,,,
CH,IT,visa_free,,,
CH,JM,visa_free,90,,
CH,JO,visa_on_arrival,,,
CH,JP,visa_free,90,,
CH,KE,eta,,,
CH,KG,visa_free,60,,
CH,KH,visa_on_arrival,,,
CH,KI,visa_free,90,,
CH,KM,visa_on_arrival,,,
CH,KN,eta,,,
CH,KP,visa_required,,,
CH,KR,visa_free,90,,
CH,KW,visa_on_arrival,,,
CH,KZ,visa_free,30,,
CH,LA,visa_free,15,,
CH,LB,visa_on_arrival,,,
CH,LC,visa_free,90,,
CH,LI,visa_free,,,
CH,LK,eta,,,
CH,LR,evisa,,,
CH,LS,visa_free,14,,
CH,LT,visa_free,,,
CH,LU,visa_free,,,
CH,LV,visa_free,,,
CH,LY,evisa,,,
CH,MA,visa_free,90,,
CH,MC,visa_free,,,
CH,MD,visa_free,90,,
CH,ME,visa_free,90,,
CH,MG,visa_on_arrival,,,
CH,MH,visa_on_arrival,,,
CH,MK,visa_free,90,,
CH,ML,visa_required,,,
CH,MM,evisa,,,
CH,MN,visa_free,30,,
CH,MR,evisa,,,
CH,MT,visa_free,,,
CH,MU,visa_free,90,,
CH,MV,visa_on_arrival,,,
CH,MW,evisa,,,
CH,MX,visa_free,180,,
CH,MY,visa_free,90,,
CH,MZ,visa_free,30,,
CH,NA,visa_on_arrival,,,
CH,NE,visa_required,,,
CH,NG,evisa,,,
CH,NI,visa_free,90,,
CH,NL,visa_free,,,
CH,NO,visa_free,,,
CH,NP,visa_on_arrival,,,
CH,NR,visa_required,,,
CH,NZ,eta,,,
CH,OM,visa_on_arrival,,,
CH,PA,visa_free,90,,
CH,PE,visa_free,90,,
CH,PG,eta,,,
CH,PH,visa_free,30,,
CH,PK,evisa,,,
CH,PL,visa_free,,,
CH,PS,visa_free,,,
CH,PT,visa_free,,,
CH,PW,visa_on_arrival,,,
CH,PY,visa_free,90,,
CH,QA,visa_on_arrival,,,
CH,RO,visa_free,,,
CH,RS,visa_free,90,,
CH,RU,evisa,,,
CH,RW,visa_free,30,,
CH,SA,visa_on_arrival,,,
CH,SB,visa_free,90,,
CH,SC,visa_free,90,,
CH,SD,visa_required,,,
CH,SE,visa_free,,,
CH,SG,visa_free,90,,
CH,SI,visa_free,,,
CH,SK,visa_free,,,
CH,SL,visa_on_arrival,,,
CH,SM,visa_free,,,
CH,SN,visa_free,90,,
CH,SO,evisa,,,
CH,SR,eta,,,
CH,SS,evisa,,,
CH,ST,visa_free,15,,
CH,SV,visa_free,180,,
CH,SY,evisa,,,
CH,SZ,visa_free,30,,
CH,TD,evisa,,,
CH,TG,evisa,,,
CH,TH,visa_free,60,,
CH,TJ,visa_free,30,,
CH,TL,visa_free,90,,
CH,TM,visa_required,,,
CH,TN,visa_free,90,,
CH,TO,visa_free,90,,
CH,TR,visa_free,90,,
CH,TT,visa_free,90,,
CH,TV,visa_free,90,,
CH,TW,visa_free,90,,
CH,TZ,visa_on_arrival,,,
CH,UA,visa_free,90,,
CH,UG,evisa,,,
CH,US,eta,,,
CH,UY,visa_free,90,,
CH,UZ,visa_free,30,,
CH,VA,visa_free,,,
CH,VC,visa_free,90,,
CH,VE,visa_free,90,,
CH,VN,visa_free,45,,https://baochinhphu.vn/tu-15-8-2025-mien-thi-thuc-cho-cong-dan-12-nuoc-vao-viet-nam-du-lich-102250811085114891.htm
CH,VU,visa_free,120,,
CH,WS,visa_on_arrival,,,
CH,XK,visa_free,90,,
CH,YE,visa_required,,,
CH,ZA,visa_free,90,,
CH,ZM,visa_free,90,,
CH,ZW,visa_on_arrival,,,
CI,AD,visa_required,,,
CI,AE,evisa,,,
CI,AF,visa_required,,,
CI,AG,evisa,,,
CI,AL,evisa,,,
CI,AM,visa_required,,,
CI,AO,visa_required,,,
CI,AR,visa_required,,,
CI,AT,visa_required,,,
CI,AU,evisa,,,
CI,AZ,visa_required,,,
CI,BA,visa_required,,,
CI,BB,visa_free,90,,
CI,BD,visa_on_arrival,,,
CI,BE,visa_required,,,
CI,BF,visa_free,,,
CI,BG,visa_required,,,
CI,BH,evisa,,,
CI,BI,visa_on_arrival,,,
CI,BJ,visa_free,90,,
CI,BN,visa_required,,,
CI,BO,evisa,,,
CI,BR,visa_required,,,
CI,BS,evisa,,,
CI,BT,evisa,,,
CI,BW,evisa,,,
CI,BY,visa_required,,,
CI,BZ,visa_required,,,
CI,CA,visa_required,,,
CI,CD,evisa,,,
CI,CF,visa_free,90,,
CI,CG,visa_on_arrival,,,
CI,CH,visa_required,,,
CI,CL,visa_required,,,
CI,CM,evisa,,,
CI,CN,visa_required,,,
CI,CO,evisa,,,
CI,CR,visa_required,,,
CI,CU,evisa,,,
CI,CV,visa_free,,,
CI,CY,visa_required,,,
CI,CZ,visa_required,,,
CI,DE,visa_required,,,
CI,DJ,visa_on_arrival,,,
CI,DK,visa_required,,,
CI,DM,visa_free,21,,
CI,DO,visa_required,,,
CI,DZ,visa_required,,,
CI,EC,evisa,,,
CI,EE,visa_required,,,
CI,EG,visa_required,,,
CI,ER,visa_required,,,
CI,ES,visa_required,,,
CI,ET,visa_on_arrival,,,
CI,FI,visa_required,,,
CI,FJ,visa_required,,,
CI,FM,visa_free,30,,
CI,FR,visa_required,,,
CI,GA,evisa,,,
CI,GB,visa_required,,,
CI,GD,visa_required,,,
CI,GE,visa_required,,,
CI,GH,visa_free,90,,
CI,GM,visa_free,90,,
CI,GN,visa_free,,,
CI,GQ,evisa,,,
CI,GR,visa_required,,,
CI,GT,visa_required,,,
CI,GW,visa_free,,,
CI,GY,evisa,,,
CI,HN,visa_required,,,
CI,HR,visa_required,,,
CI,HT,visa_free,90,,
CI,HU,visa_required,,,
CI,ID,evisa,,,
CI,IE,visa_required,,,
CI,IL,evisa,,,
CI,IN,evisa,,,
CI,IQ,evisa,,,
CI,IR,visa_on_arrival,,,
CI,IS,visa_required,,,
CI,IT,visa_required,,,
CI,JM,visa_required,,,
CI,JO,visa_required,,,
CI,JP,visa_required,,,
CI,KE,visa_free,60,,
CI,KG,evisa,,,
CI,KH,visa_on_arrival,,,
CI,KI,visa_required,,,
CI,KM,visa_on_arrival,,,
CI,KN,evisa,,,
CI,KP,visa_required,,,
CI,KR,evisa,,,
CI,KW,visa_required,,,
CI,KZ,evisa,,,
CI,LA,visa_required,,,
CI,LB,visa_on_arrival,,,
CI,LC,visa_on_arrival,,,
CI,LI,visa_required,,,
CI,LK,visa_required,,,
CI,LR,visa_free,,,
CI,LS,visa_required,,,
CI,LT,visa_required,,,
CI,LU,visa_required,,,
CI,LV,visa_required,,,
CI,LY,evisa,,,
CI,MA,visa_required,,,
CI,MC,visa_required,,,
CI,MD,evisa,,,
CI,ME,visa_required,,,
CI,MG,visa_on_arrival,,,
CI,MH,visa_required,,,
CI,MK,visa_required,,,
CI,ML,visa_free,,,
CI,MM,evisa,,,
CI,MN,evisa,,,
CI,MR,visa_free,90,,
CI,MT,visa_required,,,
CI,MU,visa_on_arrival,,,
CI,MV,visa_on_arrival,,,
CI,MW,evisa,,,
CI,MX,visa_required,,,
CI,MY,evisa,,,
CI,MZ,visa_free,30,,
CI,NA,visa_on_arrival,,,
CI,NE,visa_free,,,
CI,NG,visa_free,,,
CI,NI,visa_on_arrival,,,
CI,NL,visa_required,,,
CI,NO,visa_required,,,
CI,NP,visa_on_arrival,,,
CI,NR,visa_required,,,
CI,NZ,visa_required,,,
CI,OM,evisa,,,
CI,PA,visa_required,,,
CI,PE,visa_required,,,
CI,PG,evisa,,,
CI,PH,visa_free,30,,
CI,PK,evisa,,,
CI,PL,visa_required,,,
CI,PS,visa_required,,,
CI,PT,visa_required,,,
CI,PW,visa_on_arrival,,,
CI,PY,visa_required,,,
CI,QA,evisa,,,
CI,RO,visa_required,,,
CI,RS,visa_required,,,
CI,RU,visa_required,,,
CI,RW,visa_free,90,,
CI,SA,evisa,,,
CI,SB,visa_required,,,
CI,SC,visa_free,90,,
CI,SD,visa_required,,,
CI,SE,visa_required,,,
CI,SG,visa_free,30,,
CI,SI,visa_required,,,
CI,SK,visa_required,,,
CI,SL,visa_free,,,
CI,SM,visa_required,,,
CI,SN,visa_free,90,,
CI,SO,evisa,,,
CI,SR,eta,,,
CI,SS,evisa,,,
CI,ST,evisa,,,
CI,SV,evisa,,,
CI,SY,evisa,,,
CI,SZ,visa_required,,,
CI,TD,visa_free,90,,
CI,TG,visa_free,,,
CI,TH,evisa,,,
CI,TJ,evisa,,,
CI,TL,visa_on_arrival,,,
CI,TM,visa_required,,,
CI,TN,visa_free,90,,
CI,TO,visa_required,,,
CI,TR,visa_required,,,
CI,TT,visa_required,,,
CI,TV,visa_on_arrival,,,
CI,TW,visa_required,,,
CI,TZ,visa_on_arrival,,,
CI,UA,visa_required,,,
CI,UG,evisa,,,
CI,US,visa_required,,,
CI,UY,visa_required,,,
CI,UZ,evisa,,,
CI,VA,visa_required,,,
CI,VC,visa_free,90,,
CI,VE,visa_required,,,
CI,VN,evisa,,,
CI,VU,evisa,,,
CI,WS,visa_on_arrival,,,
CI,XK,visa_required,,,
CI,YE,visa_required,,,
CI,ZA,evisa,,,
CI,ZM,evisa,,,
CI,ZW,evisa,,,
CL,AD,visa_free,90,,
CL,AE,visa_free,90,,
CL,AF,visa_required,,,
CL,AG,visa_free,180,,
CL,AL,visa_free,90,,
CL,AM,visa_on_arrival,,,
CL,AO,visa_free,30,,
CL,AR,visa_free,90,,
CL,AT,visa_free,90,,
CL,AU,evisa,,,
CL,AZ,evisa,,,
CL,BA,visa_free,90,,
CL,BB,visa_free,90,,
CL,BD,visa_on_arrival,,,
CL,BE,visa_free,90,,
CL,BF,evisa,,,
CL,BG,visa_free,90,,
CL,BH,visa_on_arrival,,,
CL,BI,visa_on_arrival,,,
CL,BJ,evisa,,,
CL,BN,visa_required,,,
CL,BO,visa_free,90,,
CL,BR,visa_free,90,,
CL,BS,visa_free,90,,
CL,BT,evisa,,,
CL,BW,visa_free,90,,
CL,BY,visa_free,30,,
CL,BZ,visa_free,90,,
CL,CA,eta,,,
CL,CD,evisa,,,
CL,CF,visa_required,,,
CL,CG,visa_required,,,
CL,CH,visa_free,90,,
CL,CI,eta,,,
CL,CM,evisa,,,
CL,CN,visa_free,30,,https://www.fmprc.gov.cn/eng/xw/fyrbt/202602/t20260215_11860467.html
CL,CO,visa_free,90,,
CL,CR,visa_free,180,,
CL,CU,evisa,,,
CL,CV,visa_required,,,
CL,CY,visa_free,90,,
CL,CZ,visa_free,90,,
CL,DE,visa_free,90,,
CL,DJ,visa_on_arrival,,,
CL,DK,visa_free,90,,
CL,DM,visa_free,21,,
CL,DO,visa_free,30,,
CL,DZ,visa_required,,,
CL,EC,visa_free,90,,
CL,EE,visa_free,90,,
CL,EG,visa_on_arrival,,,
CL,ER,visa_required,,,
CL,ES,visa_free,90,,
CL,ET,evisa,,,
CL,FI,visa_free,90,,
CL,FJ,visa_free,120,,
CL,FM,visa_free,30,,
CL,FR,visa_free,90,,
CL,GA,evisa,,,
CL,GB,eta,,,
CL,GD,visa_free,90,,
CL,GE,visa_free,90,,
CL,GH,visa_required,,,
CL,GM,visa_required,,,
CL,GN,evisa,,,
CL,GQ,evisa,,,
CL,GR,visa_free,90,,
CL,GT,visa_free,90,,
CL,GW,visa_on_arrival,,,
CL,GY,visa_free,90,,
CL,HN,visa_free,90,,
CL,HR,visa_free,90,,
CL,HT,visa_free,90,,
CL,HU,visa_free,90,,
CL,ID,visa_on_arrival,,,
CL,IE,visa_free,90,,
CL,IL,eta,,,
CL,IN,evisa,,,
CL,IQ,evisa,,,
CL,IR,visa_on_arrival,,,
CL,IS,visa_free,90,,
CL,IT,visa_free,90,,
CL,JM,visa_free,90,,
CL,JO,visa_on_arrival,,,
CL,JP,visa_free,90,,
CL,KE,eta,,,
CL,KG,visa_free,60,,
CL,KH,visa_on_arrival,,,
CL,KI,visa_free,90,,
CL,KM,visa_on_arrival,,,
CL,KN,eta,,,
CL,KP,visa_required,,,
CL,KR,eta,,,
CL,KW,visa_required,,,
CL,KZ,visa_free,30,,
CL,LA,visa_on_arrival,,,
CL,LB,visa_on_arrival,,,
CL,LC,visa_free,42,,
CL,LI,visa_free,90,,
CL,LK,eta,,,
CL,LR,evisa,,,
CL,LS,visa_required,,,
CL,LT,visa_free,90,,
CL,LU,visa_free,90,,
CL,LV,visa_free,90,,
CL,LY,evisa,,,
CL,MA,visa_free,90,,
CL,MC,visa_free,90,,
CL,MD,visa_free,90,,
CL,ME,visa_free,90,,
CL,MG,visa_on_arrival,,,
CL,MH,visa_on_arrival,,,
CL,MK,visa_free,90,,
CL,ML,visa_required,,,
CL,MM,evisa,,,
CL,MN,visa_free,90,,
CL,MR,evisa,,,
CL,MT,visa_free,90,,
CL,MU,visa_free,90,,
CL,MV,visa_on_arrival,,,
CL,MW,evisa,,,
CL,MX,visa_free,180,,
CL,MY,visa_free,30,,
CL,MZ,visa_on_arrival,,,
CL,NA,visa_on_arrival,,,
CL,NE,visa_required,,,
CL,NG,evisa,,,
CL,NI,visa_free,90,,
CL,NL,visa_free,90,,
CL,NO,visa_free,90,,
CL,NP,visa_on_arrival,,,
CL,NR,visa_required,,,
CL,NZ,eta,,,
CL,OM,visa_on_arrival,,,
CL,PA,visa_free,90,,
CL,PE,visa_free,180,,
CL,PG,eta,,,
CL,PH,visa_free,30,,
CL,PK,evisa,,,
CL,PL,visa_free,90,,
CL,PS,visa_free,,,
CL,PT,visa_free,90,,
CL,PW,visa_on_arrival,,,
CL,PY,visa_free,90,,
CL,QA,visa_on_arrival,,,
CL,RO,visa_free,90,,
CL,RS,visa_free,90,,
CL,RU,visa_free,90,,
CL,RW,visa_on_arrival,,,
CL,SA,evisa,,,
CL,SB,visa_required,,,
CL,SC,visa_free,90,,
CL,SD,visa_required,,,
CL,SE,visa_free,90,,
CL,SG,visa_free,30,,
CL,SI,visa_free,90,,
CL,SK,visa_free,90,,
CL,SL,evisa,,,
CL,SM,visa_free,90,,
CL,SN,visa_required,,,
CL,SO,evisa,,,
CL,SR,visa_free,90,,
CL,SS,evisa,,,
CL,ST,evisa,,,
CL,SV,visa_free,180,,
CL,SY,evisa,,,
CL,SZ,visa_free,30,,
CL,TD,evisa,,,
CL,TG,evisa,,,
CL,TH,visa_free,90,,
CL,TJ,visa_free,30,,
CL,TL,visa_on_arrival,,,
CL,TM,visa_required,,,
CL,TN,visa_free,90,,
CL,TO,visa_required,,,
CL,TR,visa_free,90,,
CL,TT,visa_free,90,,
CL,TV,visa_on_arrival,,,
CL,TW,visa_free,90,,
CL,TZ,visa_on_arrival,,,
CL,UA,visa_free,90,,
CL,UG,evisa,,,
CL,US,eta,,,
CL,UY,visa_free,90,,
CL,UZ,visa_free,30,,
CL,VA,visa_free,90,,
CL,VC,visa_free,90,,
CL,VE,visa_required,,,
CL,VN,visa_free,90,,https://mofa.gov.vn/tin-chi-tiet/chi-tiet/viet-nam-39-s-visa-exemption-list-57163-596.html
CL,VU,visa_free,120,,
CL,WS,visa_on_arrival,,,
CL,XK,visa_free,90,,
CL,YE,visa_required,,,
CL,ZA,visa_free,90,,
CL,ZM,visa_on_arrival,,,
CL,ZW,visa_on_arrival,,,
CM,AD,visa_required,,,
CM,AE,evisa,,,
CM,AF,visa_required,,,
CM,AG,evisa,,,
CM,AL,evisa,,,
CM,AM,visa_required,,,
CM,AO,visa_required,,,
CM,AR,visa_required,,,
CM,AT,visa_required,,,
CM,AU,evisa,,,
CM,AZ,visa_required,,,
CM,BA,visa_required,,,
CM,BB,visa_free,90,,
CM,BD,visa_on_arrival,,,
CM,BE,visa_required,,,
CM,BF,evisa,,,
CM,BG,visa_required,,,
CM,BH,evisa,,,
CM,BI,visa_on_arrival,,,
CM,BJ,visa_free,90,,
CM,BN,visa_required,,,
CM,BO,evisa,,,
CM,BR,visa_required,,,
CM,BS,evisa,,,
CM,BT,evisa,,,
CM,BW,evisa,,,
CM,BY,visa_required,,,
CM,BZ,visa_required,,,
CM,CA,visa_required,,,
CM,CD,evisa,,,
CM,CF,visa_free,90,,
CM,CG,visa_free,90,,
CM,CH,visa_required,,,
CM,CI,eta,,,
CM,CL,visa_required,,,
CM,CN,visa_required,,,
CM,CO,evisa,,,
CM,CR,visa_required,,,
CM,CU,visa_required,,,
CM,CV,visa_required,,,
CM,CY,visa_required,,,
CM,CZ,visa_required,,,
CM,DE,visa_required,,,
CM,DJ,visa_on_arrival,,,
CM,DK,visa_required,,,
CM,DM,visa_free,180,,
CM,DO,visa_required,,,
CM,DZ,visa_required,,,
CM,EC,evisa,,,
CM,EE,visa_required,,,
CM,EG,visa_required,,,
CM,ER,visa_required,,,
CM,ES,visa_required,,,
CM,ET,visa_on_arrival,,,
CM,FI,visa_required,,,
CM,FJ,visa_required,,,
CM,FM,visa_free,30,,
CM,FR,visa_required,,,
CM,GA,visa_free,90,,
CM,GB,visa_required,,,
CM,GD,visa_free,90,,
CM,GE,visa_required,,,
CM,GH,visa_on_arrival,,,
CM,GM,visa_free,90,,
CM,GN,evisa,,,
CM,GQ,visa_free,90,,
CM,GR,visa_required,,,
CM,GT,visa_required,,,
CM,GW,visa_on_arrival,,,
CM,GY,evisa,,,
CM,HN,visa_required,,,
CM,HR,visa_required,,,
CM,HT,visa_free,90,,
CM,HU,visa_required,,,
CM,ID,evisa,,,
CM,IE,visa_required,,,
CM,IL,evisa,,,
CM,IN,evisa,,,
CM,IQ,evisa,,,
CM,IR,visa_on_arrival,,,
CM,IS,visa_required,,,
CM,IT,visa_required,,,
CM,JM,visa_required,,,
CM,JO,visa_required,,,
CM,JP,visa_required,,,
CM,KE,visa_free,60,,
CM,KG,evisa,,,
CM,KH,visa_on_arrival,,,
CM,KI,visa_free,90,,
CM,KM,visa_on_arrival,,,
CM,KN,evisa,,,
CM,KP,visa_required,,,
CM,KR,evisa,,,
CM,KW,visa_required,,,
CM,KZ,evisa,,,
CM,LA,visa_required,,,
CM,LB,visa_required,,,
CM,LC,visa_on_arrival,,,
CM,LI,visa_required,,,
CM,LK,visa_required,,,
CM,LR,visa_required,,,
CM,LS,visa_required,,,
CM,LT,visa_required,,,
CM,LU,visa_required,,,
CM,LV,visa_required,,,
CM,LY,evisa,,,
CM,MA,visa_required,,,
CM,MC,visa_required,,,
CM,MD,evisa,,,
CM,ME,visa_required,,,
CM,MG,visa_on_arrival,,,
CM,MH,visa_required,,,
CM,MK,visa_required,,,
CM,ML,visa_free,90,,
CM,MM,evisa,,,
CM,MN,visa_required,,,
CM,MR,evisa,,,
CM,MT,visa_required,,,
CM,MU,visa_on_arrival,,,
CM,MV,visa_on_arrival,,,
CM,MW,evisa,,,
CM,MX,visa_required,,,
CM,MY,evisa,,,
CM,MZ,visa_on_arrival,,,
CM,NA,visa_on_arrival,,,
CM,NE,visa_required,,,
CM,NG,visa_free,90,,
CM,NI,visa_required,,,
CM,NL,visa_required,,,
CM,NO,visa_required,,,
CM,NP,visa_required,,,
CM,NR,visa_required,,,
CM,NZ,visa_required,,,
CM,OM,evisa,,,
CM,PA,visa_required,,,
CM,PE,visa_required,,,
CM,PG,evisa,,,
CM,PH,visa_free,30,,
CM,PK,evisa,,,
CM,PL,visa_required,,,
CM,PS,visa_required,,,
CM,PT,visa_required,,,
CM,PW,visa_on_arrival,,,
CM,PY,visa_required,,,
CM,QA,evisa,,,
CM,RO,visa_required,,,
CM,RS,visa_required,,,
CM,RU,visa_required,,,
CM,RW,visa_free,30,,
CM,SA,evisa,,,
CM,SB,visa_required,,,
CM,SC,visa_free,90,,
CM,SD,visa_required,,,
CM,SE,visa_required,,,
CM,SG,visa_free,30,,
CM,SI,visa_required,,,
CM,SK,visa_required,,,
CM,SL,visa_on_arrival,,,
CM,SM,visa_required,,,
CM,SN,visa_on_arrival,,,
CM,SO,evisa,,,
CM,SR,evisa,,,
CM,SS,evisa,,,
CM,ST,evisa,,,
CM,SV,evisa,,,
CM,SY,evisa,,,
CM,SZ,visa_required,,,
CM,TD,visa_free,90,,
CM,TG,evisa,,,
CM,TH,evisa,,,
CM,TJ,evisa,,,
CM,TL,visa_on_arrival,,,
CM,TM,visa_required,,,
CM,TN,visa_required,,,
CM,TO,visa_required,,,
CM,TR,visa_required,,,
CM,TT,visa_required,,,
CM,TV,visa_on_arrival,,,
CM,TW,visa_required,,,
CM,TZ,visa_on_arrival,,,
CM,UA,visa_required,,,
CM,UG,evisa,,,
CM,US,visa_required,,,
CM,UY,visa_required,,,
CM,UZ,evisa,,,
CM,VA,visa_required,,,
CM,VC,visa_required,,,
CM,VE,visa_required,,,
CM,VN,evisa,,,
CM,VU,visa_free,120,,
CM,WS,visa_on_arrival,,,
CM,XK,visa_required,,,
CM,YE,visa_required,,,
CM,ZA,evisa,,,
CM,ZM,evisa,,,
CM,ZW,evisa,,,
CN,AD,visa_required,,,
CN,AE,visa_free,30,2026-07-15,https://www.mofa.gov.ae/en/missions/shanghai/services/visas
CN,AF,visa_required,,,
CN,AG,visa_free,30,,
CN,AL,visa_free,90,,
CN,AM,visa_free,180,,
CN,AO,visa_free,30,,
CN,AR,visa_required,,,
CN,AT,visa_required,,,
CN,AU,evisa,,,
CN,AZ,visa_free,30,,
CN,BA,visa_free,90,,
CN,BB,visa_free,30,,
CN,BD,visa_on_arrival,,,
CN,BE,visa_required,,,
CN,BF,evisa,,,
CN,BG,visa_required,,,
CN,BH,visa_on_arrival,,,
CN,BI,visa_on_arrival,,,
CN,BJ,visa_free,30,,
CN,BN,visa_free,14,,
CN,BO,evisa,,,
CN,BR,visa_required,,,
CN,BS,visa_free,90,,
CN,BT,evisa,,,
CN,BW,evisa,,,
CN,BY,visa_free,30,,
CN,BZ,visa_required,,,
CN,CA,visa_required,,,
CN,CD,evisa,,,
CN,CF,visa_required,,,
CN,CG,visa_required,,,
CN,CH,visa_required,,,
CN,CI,eta,,,
CN,CL,visa_required,,,
CN,CM,evisa,,,
CN,CO,evisa,,,
CN,CR,visa_required,,,
CN,CU,visa_free,90,,
CN,CV,visa_on_arrival,,,
CN,CY,visa_required,,,
CN,CZ,visa_required,,,
CN,DE,visa_required,,,
CN,DJ,visa_on_arrival,,,
CN,DK,visa_required,,,
CN,DM,visa_free,180,,
CN,DO,visa_required,,,
CN,DZ,visa_required,,,
CN,EC,evisa,,,
CN,EE,visa_required,,,
CN,EG,visa_on_arrival,,,
CN,ER,visa_required,,,
CN,ES,visa_required,,,
CN,ET,visa_on_arrival,,,
CN,FI,visa_required,,,
CN,FJ,visa_free,120,,
CN,FM,visa_free,30,,
CN,FR,visa_required,,,
CN,GA,evisa,,,
CN,GB,visa_required,,,
CN,GD,visa_free,30,,
CN,GE,visa_free,30,,
CN,GH,visa_required,,,
CN,GM,visa_required,,,
CN,GN,evisa,,,
CN,GQ,evisa,,,
CN,GR,visa_required,,,
CN,GT,visa_required,,,
CN,GW,visa_on_arrival,,,
CN,GY,evisa,,,
CN,HN,visa_required,,,
CN,HR,visa_required,,,
CN,HT,visa_free,90,,
CN,HU,visa_required,,,
CN,ID,visa_on_arrival,,,
CN,IE,visa_required,,,
CN,IL,evisa,,,
CN,IN,visa_required,,,
CN,IQ,evisa,,,
CN,IR,visa_free,21,,
CN,IS,visa_required,,,
CN,IT,visa_required,,,
CN,JM,visa_free,30,,
CN,JO,visa_on_arrival,,,
CN,JP,evisa,,,
CN,KE,eta,,,
CN,KG,evisa,,,
CN,KH,visa_on_arrival,,,
CN,KI,visa_free,90,,
CN,KM,visa_on_arrival,,,
CN,KN,eta,,,
CN,KP,visa_required,,,
CN,KR,evisa,,,
CN,KW,visa_required,,,
CN,KZ,visa_free,30,,
CN,LA,visa_on_arrival,,,
CN,LB,visa_on_arrival,,,
CN,LC,visa_free,42,,
CN,LI,visa_required,,,
CN,LK,eta,,,https://www.immigration.gov.lk/pages_e.php?id=14
CN,LR,visa_required,,,
CN,LS,visa_required,,,
CN,LT,visa_required,,,
CN,LU,visa_required,,,
CN,LV,visa_required,,,
CN,LY,evisa,,,
CN,MA,visa_free,90,,
CN,MC,visa_required,,,
CN,MD,evisa,,,
CN,ME,visa_required,,,
CN,MG,visa_on_arrival,,,
CN,MH,visa_required,,,
CN,MK,visa_required,,,
CN,ML,visa_required,,,
CN,MM,visa_on_arrival,,,
CN,MN,evisa,,,
CN,MR,evisa,,,
CN,MT,visa_required,,,
CN,MU,visa_free,90,,
CN,MV,visa_free,30,,
CN,MW,evisa,,,
CN,MX,visa_required,,,
CN,MY,visa_free,30,,
CN,MZ,visa_free,30,,
CN,NA,evisa,,,
CN,NE,visa_required,,,
CN,NG,evisa,,,
CN,NI,visa_required,,,
CN,NL,visa_required,,,
CN,NO,visa_required,,,
CN,NP,visa_on_arrival,,,
CN,NR,visa_required,,,
CN,NZ,visa_required,,,
CN,OM,visa_on_arrival,,,
CN,PA,visa_required,,,
CN,PE,visa_required,,,
CN,PG,visa_required,,,
CN,PH,visa_required,,,
CN,PK,evisa,,,
CN,PL,visa_required,,,
CN,PS,visa_free,,,
CN,PT,visa_required,,,
CN,PW,visa_on_arrival,,,
CN,PY,visa_required,,,
CN,QA,visa_on_arrival,,,
CN,RO,visa_required,,,
CN,RS,visa_free,30,,
CN,RU,visa_free,30,2026-07-20,http://en.kremlin.ru/acts/news/80315
CN,RW,visa_on_arrival,,,
CN,SA,visa_on_arrival,,,
CN,SB,visa_on_arrival,,,
CN,SC,visa_free,90,,
CN,SD,visa_required,,,
CN,SE,visa_required,,,
CN,SG,visa_free,30,,
CN,SI,visa_required,,,
CN,SK,visa_required,,,
CN,SL,visa_on_arrival,,,
CN,SM,visa_required,,,
CN,SN,visa_on_arrival,,,
CN,SO,evisa,,,
CN,SR,visa_free,30,,
CN,SS,evisa,,,
CN,ST,visa_on_arrival,,,
CN,SV,evisa,,,
CN,SY,evisa,,,
CN,SZ,visa_required,,,
CN,TD,evisa,,,
CN,TG,evisa,,,
CN,TH,visa_free,60,,
CN,TJ,evisa,,,
CN,TL,visa_on_arrival,,,
CN,TM,visa_required,,,
CN,TN,visa_free,90,,
CN,TO,visa_on_arrival,,,
CN,TR,visa_free,90,2026-07-28,https://www.mfa.gov.tr/visa-information-for-foreigners.en.mfa
CN,TT,visa_required,,,
CN,TV,visa_on_arrival,,,
CN,TW,visa_required,,,
CN,TZ,visa_on_arrival,,,
CN,UA,evisa,,,
CN,UG,evisa,,,
CN,US,visa_required,,,https://travel.state.gov/
CN,UY,visa_required,,,
CN,UZ,visa_free,30,,
CN,VA,visa_required,,,
CN,VC,visa_required,,,
CN,VE,visa_required,,,
CN,VN,evisa,,,https://mofa.gov.vn/tin-chi-tiet/chi-tiet/viet-nam-39-s-visa-exemption-list-57163-596.html
CN,VU,visa_free,120,,
CN,WS,visa_free,30,,
CN,XK,visa_required,,,
CN,YE,visa_required,,,
CN,ZA,evisa,,,
CN,ZM,visa_free,90,,
CN,ZW,visa_on_arrival,,,
CO,AD,visa_free,90,,
CO,AE,visa_free,90,,
CO,AF,visa_required,,,
CO,AG,visa_free,,,
CO,AL,visa_free,90,,
CO,AM,evisa,,,
CO,AO,visa_required,,,
CO,AR,visa_free,90,,
CO,AT,visa_free,90,,
CO,AU,evisa,,,
CO,AZ,evisa,,,
CO,BA,visa_free,90,,
CO,BB,visa_free,90,,
CO,BD,visa_on_arrival,,,
CO,BE,visa_free,90,,
CO,BF,evisa,,,
CO,BG,visa_free,90,,
CO,BH,visa_on_arrival,,,
CO,BI,visa_on_arrival,,,
CO,BJ,evisa,,,
CO,BN,visa_required,,,
CO,BO,visa_free,90,,
CO,BR,visa_free,90,,
CO,BS,visa_free,90,,
CO,BT,evisa,,,
CO,BW,evisa,,,
CO,BY,visa_free,90,,
CO,BZ,visa_free,30,,
CO,CA,visa_required,,,
CO,CD,evisa,,,
CO,CF,visa_required,,,
CO,CG,visa_required,,,
CO,CH,visa_free,90,,
CO,CI,eta,,,
CO,CL,visa_free,90,,
CO,CM,evisa,,,
CO,CN,visa_required,,,
CO,CR,visa_required,,,
CO,CU,evisa,,,
CO,CV,visa_required,,,
CO,CY,visa_free,90,,
CO,CZ,visa_free,90,,
CO,DE,visa_free,90,,
CO,DJ,visa_on_arrival,,,
CO,DK,visa_free,90,,
CO,DM,visa_free,21,,
CO,DO,visa_free,30,,
CO,DZ,visa_required,,,
CO,EC,visa_free,90,,
CO,EE,visa_free,90,,
CO,EG,visa_on_arrival,,,
CO,ER,visa_required,,,
CO,ES,visa_free,90,,
CO,ET,evisa,,,
CO,FI,visa_free,90,,
CO,FJ,visa_free,120,,
CO,FM,visa_free,30,,
CO,FR,visa_free,90,,
CO,GA,evisa,,,
CO,GB,visa_required,,,
CO,GD,visa_required,,,
CO,GE,visa_free,365,,
CO,GH,visa_required,,,
CO,GM,visa_required,,,
CO,GN,evisa,,,
CO,GQ,evisa,,,
CO,GR,visa_free,90,,
CO,GT,visa_free,90,,
CO,GW,visa_on_arrival,,,
CO,GY,visa_free,90,,
CO,HN,visa_free,90,,
CO,HR,visa_free,90,,
CO,HT,visa_required,,,
CO,HU,visa_free,90,,
CO,ID,visa_free,30,,
CO,IE,visa_required,,,
CO,IL,evisa,,,
CO,IN,evisa,,,
CO,IQ,evisa,,,
CO,IR,visa_required,,,
CO,IS,visa_free,90,,
CO,IT,visa_free,90,,
CO,JM,visa_free,30,,
CO,JO,visa_on_arrival,,,
CO,JP,visa_required,,,
CO,KE,eta,,,
CO,KG,evisa,,,
CO,KH,visa_on_arrival,,,
CO,KI,visa_free,90,,
CO,KM,visa_on_arrival,,,
CO,KN,eta,,,
CO,KP,visa_required,,,
CO,KR,eta,,,https://overseas.mofa.go.kr/ch-en/brd/m_23429/view.do?seq=22
CO,KW,visa_required,,,
CO,KZ,visa_free,30,,
CO,LA,visa_on_arrival,,,
CO,LB,visa_required,,,
CO,LC,visa_required,,,
CO,LI,visa_free,90,,
CO,LK,eta,,,https://www.immigration.gov.lk/pages_e.php?id=14
CO,LR,evisa,,,
CO,LS,visa_required,,,
CO,LT,visa_free,90,,
CO,LU,visa_free,90,,
CO,LV,visa_free,90,,
CO,LY,evisa,,,
CO,MA,visa_free,90,,
CO,MC,visa_free,90,,
CO,MD,visa_free,90,,
CO,ME,visa_free,90,,
CO,MG,visa_on_arrival,,,
CO,MH,visa_on_arrival,,,
CO,MK,visa_free,90,,
CO,ML,visa_required,,,
CO,MM,evisa,,,
CO,MN,evisa,,,
CO,MR,evisa,,,
CO,MT,visa_free,90,,
CO,MU,visa_on_arrival,,,
CO,MV,visa_on_arrival,,,
CO,MW,evisa,,,
CO,MX,visa_free,180,,
CO,MY,evisa,,,
CO,MZ,visa_on_arrival,,,
CO,NA,evisa,,,
CO,NE,visa_required,,,
CO,NG,evisa,,,
CO,NI,visa_on_arrival,,,
CO,NL,visa_free,90,,
CO,NO,visa_free,90,,
CO,NP,visa_on_arrival,,,
CO,NR,visa_required,,,
CO,NZ,visa_required,,,
CO,OM,visa_on_arrival,,,
CO,PA,visa_free,90,,
CO,PE,visa_free,180,,
CO,PG,evisa,,,
CO,PH,visa_free,30,,
CO,PK,evisa,,,
CO,PL,visa_free,90,,
CO,PS,visa_free,,,
CO,PT,visa_free,90,,
CO,PW,visa_on_arrival,,,
CO,PY,visa_free,90,,
CO,QA,visa_on_arrival,,,
CO,RO,visa_free,90,,
CO,RS,visa_free,30,,
CO,RU,visa_free,90,,
CO,RW,visa_on_arrival,,,
CO,SA,evisa,,,
CO,SB,visa_required,,,
CO,SC,visa_free,90,,
CO,SD,visa_required,,,
CO,SE,visa_free,90,,
CO,SG,visa_free,30,,
CO,SI,visa_free,90,,
CO,SK,visa_free,90,,
CO,SL,evisa,,,
CO,SM,visa_free,90,,
CO,SN,visa_required,,,
CO,SO,evisa,,,
CO,SR,eta,,,
CO,SS,evisa,,,
CO,ST,evisa,,,
CO,SV,visa_free,180,,
CO,SY,evisa,,,
CO,SZ,visa_required,,,
CO,TD,evisa,,,
CO,TG,evisa,,,
CO,TH,visa_free,60,,
CO,TJ,evisa,,,
CO,TL,visa_on_arrival,,,
CO,TM,visa_required,,,
CO,TN,visa_required,,,
CO,TO,visa_required,,,
CO,TR,visa_free,90,,
CO,TT,visa_free,90,,
CO,TV,visa_on_arrival,,,
CO,TW,evisa,,,
CO,TZ,visa_on_arrival,,,
CO,UA,visa_free,90,,
CO,UG,evisa,,,
CO,US,visa_required,,,
CO,UY,visa_free,90,,
CO,UZ,evisa,,,
CO,VA,visa_free,90,,
CO,VC,visa_free,90,,
CO,VE,visa_free,90,,
CO,VN,evisa,,,
CO,VU,evisa,,,
CO,WS,visa_on_arrival,,,
CO,XK,visa_free,90,,
CO,YE,visa_required,,,
CO,ZA,visa_required,,,
CO,ZM,visa_on_arrival,,,
CO,ZW,evisa,,,
CR,AD,visa_free,90,,
CR,AE,visa_free,90,,
CR,AF,visa_required,,,
CR,AG,evisa,,,
CR,AL,visa_free,90,,
CR,AM,evisa,,,
CR,AO,visa_required,,,
CR,AR,visa_free,90,,
CR,AT,visa_free,90,,
CR,AU,evisa,,,
CR,AZ,evisa,,,
CR,BA,visa_free,90,,
CR,BB,visa_free,30,,
CR,BD,visa_on_arrival,,,
CR,BE,visa_free,90,,
CR,BF,evisa,,,
CR,BG,visa_free,90,,
CR,BH,evisa,,,
CR,BI,visa_on_arrival,,,
CR,BJ,evisa,,,
CR,BN,visa_free,14,,
CR,BO,visa_free,90,,
CR,BR,visa_free,90,,
CR,BS,visa_free,90,,
CR,BT,evisa,,,
CR,BW,visa_free,90,,
CR,BY,visa_required,,,
CR,BZ,visa_free,30,,
CR,CA,visa_required,,,
CR,CD,evisa,,,
CR,CF,visa_required,,,
CR,CG,visa_required,,,
CR,CH,visa_free,90,,
CR,CI,eta,,,
CR,CL,visa_free,90,,
CR,CM,evisa,,,
CR,CN,visa_required,,,
CR,CO,visa_free,90,,
CR,CU,evisa,,,
CR,CV,visa_required,,,
CR,CY,visa_free,90,,
CR,CZ,visa_free,90,,
CR,DE,visa_free,90,,
CR,DJ,visa_on_arrival,,,
CR,DK,visa_free,90,,
CR,DM,visa_free,180,,
CR,DO,visa_free,30,,
CR,DZ,visa_required,,,
CR,EC,visa_free,90,,
CR,EE,visa_free,90,,
CR,EG,visa_on_arrival,,,
CR,ER,visa_required,,,
CR,ES,visa_free,90,,
CR,ET,evisa,,,
CR,FI,visa_free,90,,
CR,FJ,visa_required,,,
CR,FM,visa_free,30,,
CR,FR,visa_free,90,,
CR,GA,evisa,,,
CR,GB,eta,,,
CR,GD,visa_free,90,,
CR,GE,visa_free,365,,
CR,GH,visa_required,,,
CR,GM,visa_required,,,
CR,GN,evisa,,,
CR,GQ,evisa,,,
CR,GR,visa_free,90,,
CR,GT,visa_free,90,,
CR,GW,visa_on_arrival,,,
CR,GY,visa_free,90,,
CR,HN,visa_free,90,,
CR,HR,visa_free,90,,
CR,HT,visa_free,90,,
CR,HU,visa_free,90,,
CR,ID,evisa,,,
CR,IE,visa_free,90,,
CR,IL,eta,,,
CR,IN,evisa,,,
CR,IQ,evisa,,,
CR,IR,visa_on_arrival,,,
CR,IS,visa_free,90,,
CR,IT,visa_free,90,,
CR,JM,visa_free,30,,
CR,JO,visa_on_arrival,,,
CR,JP,visa_free,90,,
CR,KE,eta,,,
CR,KG,evisa,,,
CR,KH,visa_on_arrival,,,
CR,KI,visa_free,90,,
CR,KM,visa_on_arrival,,,
CR,KN,eta,,,
CR,KP,visa_required,,,
CR,KR,eta,,,
CR,KW,visa_required,,,
CR,KZ,evisa,,,
CR,LA,visa_on_arrival,,,
CR,LB,visa_on_arrival,,,
CR,LC,visa_free,42,,
CR,LI,visa_free,90,,
CR,LK,eta,,,
CR,LR,evisa,,,
CR,LS,visa_required,,,
CR,LT,visa_free,90,,
CR,LU,visa_free,90,,
CR,LV,visa_free,90,,
CR,LY,evisa,,,
CR,MA,visa_required,,,
CR,MC,visa_free,90,,
CR,MD,visa_free,90,,
CR,ME,visa_free,90,,
CR,MG,visa_on_arrival,,,
CR,MH,visa_on_arrival,,,
CR,MK,visa_free,90,,
CR,ML,visa_required,,,
CR,MM,evisa,,,
CR,MN,evisa,,,
CR,MR,evisa,,,
CR,MT,visa_free,90,,
CR,MU,visa_on_arrival,,,
CR,MV,visa_on_arrival,,,
CR,MW,evisa,,,
CR,MX,visa_free,180,,
CR,MY,visa_free,30,,
CR,MZ,visa_on_arrival,,,
CR,NA,evisa,,,
CR,NE,visa_required,,,
CR,NG,evisa,,,
CR,NI,visa_free,90,,
CR,NL,visa_free,90,,
CR,NO,visa_free,90,,
CR,NP,visa_on_arrival,,,
CR,NR,visa_required,,,
CR,NZ,visa_required,,,
CR,OM,evisa,,,
CR,PA,visa_free,90,,
CR,PE,visa_free,90,,
CR,PG,evisa,,,
CR,PH,visa_free,30,,
CR,PK,evisa,,,
CR,PL,visa_free,90,,
CR,PS,visa_free,,,
CR,PT,visa_free,90,,
CR,PW,visa_on_arrival,,,
CR,PY,visa_free,90,,
CR,QA,visa_on_arrival,,,
CR,RO,visa_free,90,,
CR,RS,visa_free,90,,
CR,RU,visa_free,90,,
CR,RW,visa_on_arrival,,,
CR,SA,evisa,,,
CR,SB,visa_required,,,
CR,SC,visa_free,90,,
CR,SD,visa_required,,,
CR,SE,visa_free,90,,
CR,SG,visa_free,30,,
CR,SI,visa_free,90,,
CR,SK,visa_free,90,,
CR,SL,evisa,,,
CR,SM,visa_free,90,,
CR,SN,visa_on_arrival,,,
CR,SO,evisa,,,
CR,SR,eta,,,
CR,SS,evisa,,,
CR,ST,evisa,,,
CR,SV,visa_free,180,,
CR,SY,evisa,,,
CR,SZ,visa_required,,,
CR,TD,evisa,,,
CR,TG,evisa,,,
CR,TH,visa_on_arrival,,,
CR,TJ,visa_free,30,,
CR,TL,visa_on_arrival,,,
CR,TM,visa_required,,,
CR,TN,visa_free,90,,
CR,TO,visa_required,,,
CR,TR,visa_free,30,,
CR,TT,visa_free,90,,
CR,TV,visa_on_arrival,,,
CR,TW,visa_required,,,
CR,TZ,visa_on_arrival,,,
CR,UA,evisa,,,
CR,UG,evisa,,,
CR,US,visa_required,,,
CR,UY,visa_free,90,,
CR,UZ,visa_free,30,,
CR,VA,visa_free,90,,
CR,VC,visa_free,90,,
CR,VE,visa_free,90,,
CR,VN,evisa,,,
CR,VU,evisa,,,
CR,WS,visa_on_arrival,,,
CR,XK,visa_free,90,,
CR,YE,visa_required,,,
CR,ZA,visa_free,30,,
CR,ZM,visa_free,90,,
CR,ZW,visa_on_arrival,,,
CU,AD,visa_required,,,
CU,AE,evisa,,,
CU,AF,visa_required,,,
CU,AG,visa_free,30,,
CU,AL,evisa,,,
CU,AM,evisa,,,
CU,AO,visa_required,,,
CU,AR,visa_required,,,
CU,AT,visa_required,,,
CU,AU,evisa,,,
CU,AZ,evisa,,,
CU,BA,visa_required,,,
CU,BB,visa_free,28,,
CU,BD,visa_on_arrival,,,
CU,BE,visa_required,,,
CU,BF,evisa,,,
CU,BG,visa_required,,,
CU,BH,evisa,,,
CU,BI,visa_on_arrival,,,
CU,BJ,evisa,,,
CU,BN,visa_required,,,
CU,BO,evisa,,,
CU,BR,visa_required,,,
CU,BS,evisa,,,
CU,BT,evisa,,,
CU,BW,visa_free,90,,
CU,BY,visa_free,30,,
CU,BZ,visa_required,,,
CU,CA,visa_required,,,
CU,CD,evisa,,,
CU,CF,visa_required,,,
CU,CG,visa_required,,,
CU,CH,visa_required,,,
CU,CI,eta,,,
CU,CL,visa_required,,,
CU,CM,evisa,,,
CU,CN,visa_required,,,
CU,CO,evisa,,,
CU,CR,visa_required,,,
CU,CV,visa_on_arrival,,,
CU,CY,visa_required,,,
CU,CZ,visa_required,,,
CU,DE,visa_required,,,
CU,DJ,visa_on_arrival,,,
CU,DK,visa_required,,,
CU,DM,visa_free,28,,
CU,DO,visa_required,,,
CU,DZ,visa_required,,,
CU,EC,evisa,,,
CU,EE,visa_required,,,
CU,EG,visa_on_arrival,,,
CU,ER,visa_required,,,
CU,ES,visa_required,,,
CU,ET,evisa,,,
CU,FI,visa_required,,,
CU,FJ,visa_free,120,,
CU,FM,visa_free,30,,
CU,FR,visa_required,,,
CU,GA,evisa,,,
CU,GB,visa_required,,,
CU,GD,visa_free,60,,
CU,GE,evisa,,,
CU,GH,visa_required,,,
CU,GM,visa_required,,,
CU,GN,evisa,,,
CU,GQ,evisa,,,
CU,GR,visa_required,,,
CU,GT,visa_required,,,
CU,GW,visa_on_arrival,,,
CU,GY,visa_free,90,,
CU,HN,visa_required,,,
CU,HR,visa_required,,,
CU,HT,visa_required,,,
CU,HU,visa_required,,,
CU,ID,evisa,,,
CU,IE,visa_required,,,
CU,IL,evisa,,,
CU,IN,evisa,,,
CU,IQ,evisa,,,
CU,IR,visa_free,15,,
CU,IS,visa_required,,,
CU,IT,visa_required,,,
CU,JM,visa_required,,,
CU,JO,visa_required,,,
CU,JP,visa_required,,,
CU,KE,eta,,,
CU,KG,visa_free,,,
CU,KH,visa_on_arrival,,,
CU,KI,visa_free,90,,
CU,KM,visa_on_arrival,,,
CU,KN,eta,,,
CU,KP,visa_required,,,
CU,KR,evisa,,,
CU,KW,visa_required,,,
CU,KZ,evisa,,,
CU,LA,visa_on_arrival,,,
CU,LB,visa_required,,,
CU,LC,visa_free,42,,
CU,LI,visa_required,,,
CU,LK,eta,,,
CU,LR,evisa,,,
CU,LS,visa_required,,,
CU,LT,visa_required,,,
CU,LU,visa_required,,,
CU,LV,visa_required,,,
CU,LY,evisa,,,
CU,MA,visa_required,,,
CU,MC,visa_required,,,
CU,MD,evisa,,,
CU,ME,visa_required,,,
CU,MG,visa_on_arrival,,,
CU,MH,visa_on_arrival,,,
CU,MK,visa_required,,,
CU,ML,visa_required,,,
CU,MM,visa_required,,,
CU,MN,visa_free,30,,
CU,MR,evisa,,,
CU,MT,visa_required,,,
CU,MU,visa_on_arrival,,,
CU,MV,visa_on_arrival,,,
CU,MW,evisa,,,
CU,MX,visa_required,,,
CU,MY,visa_free,90,,
CU,MZ,visa_on_arrival,,,
CU,NA,visa_free,90,,
CU,NE,visa_required,,,
CU,NG,evisa,,,
CU,NI,visa_free,90,,
CU,NL,visa_required,,,
CU,NO,visa_required,,,
CU,NP,visa_on_arrival,,,
CU,NR,visa_required,,,
CU,NZ,visa_required,,,
CU,OM,evisa,,,
CU,PA,visa_required,,,
CU,PE,visa_required,,,
CU,PG,evisa,,,
CU,PH,visa_required,,,
CU,PK,evisa,,,
CU,PL,visa_required,,,
CU,PS,visa_free,,,
CU,PT,visa_required,,,
CU,PW,visa_on_arrival,,,
CU,PY,visa_required,,,
CU,QA,visa_on_arrival,,,
CU,RO,visa_required,,,
CU,RS,visa_required,,,
CU,RU,visa_free,90,,
CU,RW,visa_on_arrival,,,
CU,SA,evisa,,,
CU,SB,visa_required,,,
CU,SC,visa_free,90,,
CU,SD,visa_required,,,
CU,SE,visa_required,,,
CU,SG,visa_free,30,,
CU,SI,visa_required,,,
CU,SK,visa_required,,,
CU,SL,evisa,,,
CU,SM,visa_required,,,
CU,SN,visa_required,,,
CU,SO,evisa,,,
CU,SR,evisa,,,
CU,SS,evisa,,,
CU,ST,evisa,,,
CU,SV,evisa,,,
CU,SY,evisa,,,
CU,SZ,visa_required,,,
CU,TD,evisa,,,
CU,TG,evisa,,,
CU,TH,visa_free,60,,
CU,TJ,visa_free,30,,
CU,TL,visa_on_arrival,,,
CU,TM,visa_required,,,
CU,TN,visa_required,,,
CU,TO,visa_required,,,
CU,TR,visa_required,,,
CU,TT,visa_free,90,,
CU,TV,visa_on_arrival,,,
CU,TW,visa_required,,,
CU,TZ,visa_on_arrival,,,
CU,UA,visa_required,,,
CU,UG,evisa,,,
CU,US,visa_required,,,
CU,UY,visa_required,,,
CU,UZ,visa_free,30,,
CU,VA,visa_required,,,
CU,VC,visa_free,90,,
CU,VE,visa_required,,,
CU,VN,evisa,,,
CU,VU,visa_free,120,,
CU,WS,visa_on_arrival,,,
CU,XK,visa_required,,,
CU,YE,visa_required,,,
CU,ZA,evisa,,,
CU,ZM,visa_on_arrival,,,
CU,ZW,visa_on_arrival,,,
CV,AD,visa_required,,,
CV,AE,evisa,,,
CV,AF,visa_required,,,
CV,AG,evisa,,,
CV,AL,evisa,,,
CV,AM,visa_required,,,
CV,AO,visa_free,30,,
CV,AR,visa_required,,,
CV,AT,visa_required,,,
CV,AU,evisa,,,
CV,AZ,visa_required,,,
CV,BA,visa_required,,,
CV,BB,visa_free,90,,
CV,BD,visa_on_arrival,,,
CV,BE,visa_required,,,
CV,BF,visa_free,,,
CV,BG,visa_required,,,
CV,BH,evisa,,,
CV,BI,visa_on_arrival,,,
CV,BJ,visa_free,90,,
CV,BN,visa_required,,,
CV,BO,evisa,,,
CV,BR,visa_required,,,
CV,BS,visa_free,90,,
CV,BT,evisa,,,
CV,BW,evisa,,,
CV,BY,visa_required,,,
CV,BZ,visa_required,,,
CV,CA,visa_required,,,
CV,CD,evisa,,,
CV,CF,visa_required,,,
CV,CG,visa_required,,,
CV,CH,visa_required,,,
CV,CI,visa_free,90,,
CV,CL,visa_required,,,
CV,CM,evisa,,,
CV,CN,visa_required,,,
CV,CO,evisa,,,
CV,CR,visa_required,,,
CV,CU,evisa,,,
CV,CY,visa_required,,,
CV,CZ,visa_required,,,
CV,DE,visa_required,,,
CV,DJ,visa_on_arrival,,,
CV,DK,visa_required,,,
CV,DM,visa_free,21,,
CV,DO,visa_required,,,
CV,DZ,visa_required,,,
CV,EC,visa_free,90,,
CV,EE,visa_required,,,
CV,EG,visa_required,,,
CV,ER,visa_required,,,
CV,ES,visa_required,,,
CV,ET,visa_on_arrival,,,
CV,FI,visa_required,,,
CV,FJ,visa_required,,,
CV,FM,visa_free,30,,
CV,FR,visa_required,,,
CV,GA,evisa,,,
CV,GB,visa_required,,,
CV,GD,visa_required,,,
CV,GE,evisa,,,
CV,GH,visa_free,90,,
CV,GM,visa_free,90,,
CV,GN,visa_free,,,
CV,GQ,evisa,,,
CV,GR,visa_required,,,
CV,GT,visa_required,,,
CV,GW,visa_free,,,
CV,GY,evisa,,,
CV,HN,visa_required,,,
CV,HR,visa_required,,,
CV,HT,visa_free,90,,
CV,HU,visa_required,,,
CV,ID,evisa,,,
CV,IE,visa_required,,,
CV,IL,evisa,,,
CV,IN,evisa,,,
CV,IQ,evisa,,,
CV,IR,visa_on_arrival,,,
CV,IS,visa_required,,,
CV,IT,visa_required,,,
CV,JM,visa_required,,,
CV,JO,visa_on_arrival,,,
CV,JP,visa_required,,,
CV,KE,visa_free,60,,
CV,KG,evisa,,,
CV,KH,visa_on_arrival,,,
CV,KI,visa_required,,,
CV,KM,visa_on_arrival,,,
CV,KN,evisa,,,
CV,KP,visa_required,,,
CV,KR,evisa,,,
CV,KW,visa_required,,,
CV,KZ,evisa,,,
CV,LA,visa_on_arrival,,,
CV,LB,visa_required,,,
CV,LC,visa_on_arrival,,,
CV,LI,visa_required,,,
CV,LK,eta,,,
CV,LR,visa_free,,,
CV,LS,visa_required,,,
CV,LT,visa_required,,,
CV,LU,visa_required,,,
CV,LV,visa_required,,,
CV,LY,evisa,,,
CV,MA,visa_free,90,,
CV,MC,visa_required,,,
CV,MD,evisa,,,
CV,ME,visa_required,,,
CV,MG,visa_on_arrival,,,
CV,MH,visa_on_arrival,,,
CV,MK,visa_required,,,
CV,ML,visa_free,,,
CV,MM,visa_required,,,
CV,MN,evisa,,,
CV,MR,evisa,,,
CV,MT,visa_required,,,
CV,MU,visa_free,90,,
CV,MV,visa_on_arrival,,,
CV,MW,evisa,,,
CV,MX,visa_required,,,
CV,MY,visa_free,30,,
CV,MZ,visa_on_arrival,,,
CV,NA,visa_on_arrival,,,
CV,NE,visa_free,,,
CV,NG,visa_free,,,
CV,NI,visa_on_arrival,,,
CV,NL,visa_required,,,
CV,NO,visa_required,,,
CV,NP,visa_on_arrival,,,
CV,NR,visa_required,,,
CV,NZ,visa_required,,,
CV,OM,evisa,,,
CV,PA,visa_required,,,
CV,PE,visa_required,,,
CV,PG,evisa,,,
CV,PH,visa_free,30,,
CV,PK,evisa,,,
CV,PL,visa_required,,,
CV,PS,visa_free,,,
CV,PT,visa_required,,,
CV,PW,visa_on_arrival,,,
CV,PY,visa_required,,,
CV,QA,evisa,,,
CV,RO,visa_required,,,
CV,RS,visa_required,,,
CV,RU,visa_free,60,,
CV,RW,visa_free,30,,
CV,SA,evisa,,,
CV,SB,visa_required,,,
CV,SC,visa_free,90,,
CV,SD,visa_required,,,
CV,SE,visa_required,,,
CV,SG,visa_free,30,,
CV,SI,visa_required,,,
CV,SK,visa_required,,,
CV,SL,visa_free,,,
CV,SM,visa_required,,,
CV,SN,visa_free,90,,
CV,SO,evisa,,,
CV,SR,eta,,,
CV,SS,evisa,,,
CV,ST,visa_free,,,
CV,SV,evisa,,,
CV,SY,evisa,,,
CV,SZ,visa_required,,,
CV,TD,evisa,,,
CV,TG,visa_free,,,
CV,TH,evisa,,,
CV,TJ,evisa,,,
CV,TL,visa_free,30,,
CV,TM,visa_required,,,
CV,TN,visa_free,90,,
CV,TO,visa_required,,,
CV,TR,visa_required,,,
CV,TT,visa_required,,,
CV,TV,visa_on_arrival,,,
CV,TW,visa_required,,,
CV,TZ,visa_on_arrival,,,
CV,UA,visa_required,,,
CV,UG,evisa,,,
CV,US,visa_required,,,
CV,UY,visa_required,,,
CV,UZ,evisa,,,
CV,VA,visa_required,,,
CV,VC,visa_free,90,,
CV,VE,visa_required,,,
CV,VN,evisa,,,
CV,VU,evisa,,,
CV,WS,visa_on_arrival,,,
CV,XK,visa_required,,,
CV,YE,visa_required,,,
CV,ZA,visa_free,30,,
CV,ZM,visa_free,90,,
CV,ZW,visa_on_arrival,,,
CY,AD,visa_free,,,
CY,AE,visa_free,90,,
CY,AF,visa_required,,,
CY,AG,visa_free,180,,
CY,AL,visa_free,90,,
CY,AM,visa_free,180,,
CY,AO,visa_free,30,,
CY,AR,visa_free,90,,
CY,AT,visa_free,,,
CY,AU,eta,,,
CY,AZ,evisa,,,
CY,BA,visa_free,90,,
CY,BB,visa_free,90,,
CY,BD,visa_on_arrival,,,
CY,BE,visa_free,,,
CY,BF,evisa,,,
CY,BG,visa_free,,,
CY,BH,visa_on_arrival,,,
CY,BI,visa_on_arrival,,,
CY,BJ,evisa,,,
CY,BN,visa_free,90,,
CY,BO,evisa,,,
CY,BR,visa_free,90,,
CY,BS,visa_free,90,,
CY,BT,evisa,,,
CY,BW,visa_free,90,,
CY,BY,visa_free,30,,
CY,BZ,visa_free,,,
CY,CA,eta,,,
CY,CD,evisa,,,
CY,CF,visa_required,,,
CY,CG,visa_required,,,
CY,CH,visa_free,,,
CY,CI,eta,,,
CY,CL,visa_free,90,,
CY,CM,evisa,,,
CY,CN,visa_free,30,,https://www.fmprc.gov.cn/eng/xw/fyrbt/202602/t20260215_11860467.html
CY,CO,visa_free,90,,
CY,CR,visa_free,180,,
CY,CU,evisa,,,
CY,CV,visa_free,30,,
CY,CZ,visa_free,,,
CY,DE,visa_free,,,
CY,DJ,visa_on_arrival,,,
CY,DK,visa_free,,,
CY,DM,visa_free,180,,
CY,DO,visa_free,30,,
CY,DZ,visa_required,,,
CY,EC,visa_free,90,,
CY,EE,visa_free,,,
CY,EG,visa_on_arrival,,,
CY,ER,visa_required,,,
CY,ES,visa_free,,,
CY,ET,visa_on_arrival,,,
CY,FI,visa_free,,,
CY,FJ,visa_free,120,,
CY,FM,visa_free,90,,
CY,FR,visa_free,,,
CY,GA,evisa,,,
CY,GB,eta,,,
CY,GD,visa_free,90,,
CY,GE,visa_free,365,,
CY,GH,visa_required,,,
CY,GM,visa_free,90,,
CY,GN,evisa,,,
CY,GQ,evisa,,,
CY,GR,visa_free,,,
CY,GT,visa_free,90,,
CY,GW,visa_on_arrival,,,
CY,GY,evisa,,,
CY,HN,visa_free,90,,
CY,HR,visa_free,,,
CY,HT,visa_free,90,,
CY,HU,visa_free,,,
CY,ID,visa_on_arrival,,,
CY,IE,visa_free,,,
CY,IL,eta,,,
CY,IN,evisa,,,
CY,IQ,evisa,,,
CY,IR,visa_on_arrival,,,
CY,IS,visa_free,,,
CY,IT,visa_free,,,
CY,JM,visa_free,,,
CY,JO,visa_on_arrival,,,
CY,JP,visa_free,90,,
CY,KE,visa_free,90,,
CY,KG,visa_free,60,,
CY,KH,visa_on_arrival,,,
CY,KI,visa_free,90,,
CY,KM,visa_on_arrival,,,
CY,KN,eta,,,
CY,KP,visa_required,,,
CY,KR,visa_free,30,,
CY,KW,visa_on_arrival,,,
CY,KZ,visa_free,30,,
CY,LA,visa_on_arrival,,,
CY,LB,visa_on_arrival,,,
CY,LC,visa_free,90,,
CY,LI,visa_free,,,
CY,LK,eta,,,
CY,LR,evisa,,,
CY,LS,visa_free,14,,
CY,LT,visa_free,,,
CY,LU,visa_free,,,
CY,LV,visa_free,,,
CY,LY,evisa,,,
CY,MA,visa_free,90,,
CY,MC,visa_free,,,
CY,MD,visa_free,90,,
CY,ME,visa_free,90,,
CY,MG,visa_on_arrival,,,
CY,MH,visa_free,90,,
CY,MK,visa_free,90,,
CY,ML,visa_required,,,
CY,MM,evisa,,,
CY,MN,visa_free,30,,
CY,MR,evisa,,,
CY,MT,visa_free,,,
CY,MU,visa_free,90,,
CY,MV,visa_on_arrival,,,
CY,MW,evisa,,,
CY,MX,visa_free,180,,
CY,MY,visa_free,90,,
CY,MZ,visa_on_arrival,,,
CY,NA,visa_on_arrival,,,
CY,NE,visa_required,,,
CY,NG,evisa,,,
CY,NI,visa_free,90,,
CY,NL,visa_free,,,
CY,NO,visa_free,,,
CY,NP,visa_on_arrival,,,
CY,NR,visa_required,,,
CY,NZ,eta,,,
CY,OM,visa_on_arrival,,,
CY,PA,visa_free,90,,
CY,PE,visa_free,90,,
CY,PG,eta,,,
CY,PH,visa_free,30,,
CY,PK,evisa,,,
CY,PL,visa_free,,,
CY,PS,visa_free,,,
CY,PT,visa_free,,,
CY,PW,visa_free,90,,
CY,PY,visa_free,90,,
CY,QA,visa_on_arrival,,,
CY,RO,visa_free,,,
CY,RS,visa_free,90,,
CY,RU,evisa,,,
CY,RW,visa_free,30,,
CY,SA,visa_on_arrival,,,
CY,SB,visa_free,90,,
CY,SC,visa_free,90,,
CY,SD,visa_required,,,
CY,SE,visa_free,,,
CY,SG,visa_free,90,,
CY,SI,visa_free,,,
CY,SK,visa_free,,,
CY,SL,visa_on_arrival,,,
CY,SM,visa_free,,,
CY,SN,visa_free,90,,
CY,SO,evisa,,,
CY,SR,eta,,,
CY,SS,evisa,,,
CY,ST,visa_free,15,,
CY,SV,visa_free,180,,
CY,SY,evisa,,,
CY,SZ,visa_free,30,,
CY,TD,evisa,,,
CY,TG,evisa,,,
CY,TH,visa_free,60,,
CY,TJ,visa_free,30,,
CY,TL,visa_free,90,,
CY,TM,visa_required,,,
CY,TN,visa_required,,,
CY,TO,visa_free,90,,
CY,TR,visa_on_arrival,,,
CY,TT,visa_free,90,,
CY,TV,visa_free,90,,
CY,TW,visa_free,90,,
CY,TZ,visa_free,90,,
CY,UA,visa_free,90,,
CY,UG,visa_free,90,,
CY,US,visa_required,,,
CY,UY,visa_free,90,,
CY,UZ,visa_free,30,,
CY,VA,visa_free,,,
CY,VC,visa_free,90,,
CY,VE,visa_free,90,,
CY,VN,evisa,,,
CY,VU,visa_free,120,,
CY,WS,visa_free,90,,
CY,XK,visa_free,90,,
CY,YE,visa_required,,,
CY,ZA,visa_free,30,,
CY,ZM,visa_free,90,,
CY,ZW,visa_free,90,,
CZ,AD,visa_free,,,
CZ,AE,visa_free,90,,
CZ,AF,visa_required,,,
CZ,AG,visa_free,180,,
CZ,AL,visa_free,90,,
CZ,AM,visa_free,180,,
CZ,AO,visa_free,30,,
CZ,AR,visa_free,90,,
CZ,AT,visa_free,,,
CZ,AU,eta,,,
CZ,AZ,evisa,,,
CZ,BA,visa_free,90,,
CZ,BB,visa_free,90,,
CZ,BD,visa_on_arrival,,,
CZ,BE,visa_free,,,
CZ,BF,evisa,,,
CZ,BG,visa_free,,,
CZ,BH,visa_on_arrival,,,
CZ,BI,visa_on_arrival,,,
CZ,BJ,evisa,,,
CZ,BN,visa_free,90,,
CZ,BO,visa_free,90,,
CZ,BR,visa_free,90,,
CZ,BS,visa_free,90,,
CZ,BT,evisa,,,
CZ,BW,visa_free,90,,
CZ,BY,visa_free,30,,
CZ,BZ,visa_free,,,
CZ,CA,eta,,,
CZ,CD,evisa,,,
CZ,CF,visa_required,,,
CZ,CG,visa_required,,,
CZ,CH,visa_free,,,
CZ,CI,eta,,,
CZ,CL,visa_free,90,,
CZ,CM,evisa,,,
CZ,CN,visa_required,,,
CZ,CO,visa_free,90,,
CZ,CR,visa_free,180,,
CZ,CU,evisa,,,
CZ,CV,visa_free,30,,
CZ,CY,visa_free,,,
CZ,DE,visa_free,,,
CZ,DJ,visa_on_arrival,,,
CZ,DK,visa_free,,,
CZ,DM,visa_free,180,,
CZ,DO,visa_free,30,,
CZ,DZ,visa_required,,,
CZ,EC,visa_free,90,,
CZ,EE,visa_free,,,
CZ,EG,visa_on_arrival,,,
CZ,ER,visa_required,,,
CZ,ES,visa_free,,,
CZ,ET,visa_on_arrival,,,
CZ,FI,visa_free,,,
CZ,FJ,visa_free,120,,
CZ,FM,visa_free,90,,
CZ,FR,visa_free,,,
CZ,GA,evisa,,,
CZ,GB,eta,,,
CZ,GD,visa_free,90,,
CZ,GE,visa_free,365,,
CZ,GH,visa_required,,,
CZ,GM,visa_free,90,,
CZ,GN,evisa,,,
CZ,GQ,evisa,,,
CZ,GR,visa_free,,,
CZ,GT,visa_free,90,,
CZ,GW,visa_on_arrival,,,
CZ,GY,evisa,,,
CZ,HN,visa_free,90,,
CZ,HR,visa_free,,,
CZ,HT,visa_free,90,,
CZ,HU,visa_free,,,
CZ,ID,visa_on_arrival,,,
CZ,IE,visa_free,,,
CZ,IL,eta,,,
CZ,IN,evisa,,,
CZ,IQ,evisa,,,
CZ,IR,visa_on_arrival,,,
CZ,IS,visa_free,,,
CZ,IT,visa_free,,,
CZ,JM,visa_free,30,,
CZ,JO,visa_on_arrival,,,
CZ,JP,visa_free,90,,
CZ,KE,eta,,,
CZ,KG,visa_free,60,,
CZ,KH,visa_on_arrival,,,
CZ,KI,visa_free,90,,
CZ,KM,visa_on_arrival,,,
CZ,KN,eta,,,
CZ,KP,visa_required,,,
CZ,KR,visa_free,90,,
CZ,KW,visa_on_arrival,,,
CZ,KZ,visa_free,30,,
CZ,LA,visa_on_arrival,,,
CZ,LB,visa_on_arrival,,,
CZ,LC,visa_free,90,,
CZ,LI,visa_free,,,
CZ,LK,eta,,,
CZ,LR,evisa,,,
CZ,LS,visa_free,14,,
CZ,LT,visa_free,,,
CZ,LU,visa_free,,,
CZ,LV,visa_free,,,
CZ,LY,evisa,,,
CZ,MA,visa_free,90,,
CZ,MC,visa_free,,,
CZ,MD,visa_free,90,,
CZ,ME,visa_free,90,,
CZ,MG,visa_on_arrival,,,
CZ,MH,visa_free,90,,
CZ,MK,visa_free,90,,
CZ,ML,visa_required,,,
CZ,MM,evisa,,,
CZ,MN,visa_free,30,,
CZ,MR,evisa,,,
CZ,MT,visa_free,,,
CZ,MU,visa_free,90,,
CZ,MV,visa_on_arrival,,,
CZ,MW,evisa,,,
CZ,MX,visa_free,180,,
CZ,MY,visa_free,90,,
CZ,MZ,visa_on_arrival,,,
CZ,NA,visa_on_arrival,,,
CZ,NE,visa_required,,,
CZ,NG,evisa,,,
CZ,NI,visa_free,90,,
CZ,NL,visa_free,,,
CZ,NO,visa_free,,,
CZ,NP,visa_on_arrival,,,
CZ,NR,visa_required,,,
CZ,NZ,eta,,,
CZ,OM,visa_on_arrival,,,
CZ,PA,visa_free,90,,
CZ,PE,visa_free,90,,
CZ,PG,eta,,,
CZ,PH,visa_free,30,,
CZ,PK,evisa,,,
CZ,PL,visa_free,,,
CZ,PS,visa_free,,,
CZ,PT,visa_free,,,
CZ,PW,visa_free,90,,
CZ,PY,visa_free,90,,
CZ,QA,visa_on_arrival,,,
CZ,RO,visa_free,,,
CZ,RS,visa_free,90,,
CZ,RU,evisa,,,
CZ,RW,visa_on_arrival,,,
CZ,SA,visa_on_arrival,,,
CZ,SB,visa_free,90,,
CZ,SC,visa_free,90,,
CZ,SD,visa_required,,,
CZ,SE,visa_free,,,
CZ,SG,visa_free,90,,
CZ,SI,visa_free,,,
CZ,SK,visa_free,,,
CZ,SL,visa_on_arrival,,,
CZ,SM,visa_free,,,
CZ,SN,visa_free,90,,
CZ,SO,evisa,,,
CZ,SR,eta,,,
CZ,SS,evisa,,,
CZ,ST,visa_free,15,,
CZ,SV,visa_free,180,,
CZ,SY,evisa,,,
CZ,SZ,visa_free,30,,
CZ,TD,evisa,,,
CZ,TG,evisa,,,
CZ,TH,visa_free,60,,
CZ,TJ,visa_free,30,,
CZ,TL,visa_free,90,,
CZ,TM,visa_required,,,
CZ,TN,visa_free,90,,
CZ,TO,visa_free,90,,
CZ,TR,visa_free,90,,
CZ,TT,visa_free,90,,
CZ,TV,visa_free,90,,
CZ,TW,visa_free,90,,
CZ,TZ,visa_on_arrival,,,
CZ,UA,visa_free,90,,
CZ,UG,evisa,,,
CZ,US,eta,,,
CZ,UY,visa_free,90,,
CZ,UZ,visa_free,30,,
CZ,VA,visa_free,,,
CZ,VC,visa_free,90,,
CZ,VE,visa_free,90,,
CZ,VN,visa_free,45,,
CZ,VU,visa_free,120,,
CZ,WS,visa_free,90,,
CZ,XK,visa_free,90,,
CZ,YE,visa_required,,,
CZ,ZA,visa_free,90,,
CZ,ZM,visa_free,90,,
CZ,ZW,visa_on_arrival,,,
DE,AD,visa_free,,,
DE,AE,visa_free,90,,
DE,AF,visa_required,,,
DE,AG,visa_free,180,,
DE,AL,visa_free,90,,
DE,AM,visa_free,180,,
DE,AO,visa_free,30,,
DE,AR,visa_free,90,,
DE,AT,visa_free,,,
DE,AU,eta,,,
DE,AZ,evisa,,,
DE,BA,visa_free,90,,
DE,BB,visa_free,90,,
DE,BD,visa_on_arrival,,,
DE,BE,visa_free,,,
DE,BF,evisa,,,
DE,BG,visa_free,,,
DE,BH,visa_on_arrival,,,
DE,BI,visa_on_arrival,,,
DE,BJ,evisa,,,
DE,BN,visa_free,90,,
DE,BO,visa_free,90,,
DE,BR,visa_free,90,,
DE,BS,visa_free,90,,
DE,BT,evisa,,,
DE,BW,visa_free,90,,
DE,BY,visa_free,30,,
DE,BZ,visa_free,,,
DE,CA,eta,,,https://www.canada.ca/en/immigration-refugees-citizenship/services/visit-canada/eta.html
DE,CD,evisa,,,
DE,CF,visa_required,,,
DE,CG,visa_required,,,
DE,CH,visa_free,,,
DE,CI,eta,,,
DE,CL,visa_free,90,,
DE,CM,evisa,,,
DE,CN,visa_free,30,,https://www.fmprc.gov.cn/eng/xw/fyrbt/202602/t20260215_11860467.html
DE,CO,visa_free,90,,
DE,CR,visa_free,180,,
DE,CU,evisa,,,
DE,CV,visa_free,30,,
DE,CY,visa_free,,,
DE,CZ,visa_free,,,
DE,DJ,visa_on_arrival,,,
DE,DK,visa_free,,,
DE,DM,visa_free,180,,
DE,DO,visa_free,30,,
DE,DZ,visa_required,,,
DE,EC,visa_free,90,,
DE,EE,visa_free,,,
DE,EG,visa_on_arrival,,,
DE,ER,visa_required,,,
DE,ES,visa_free,,,
DE,ET,visa_on_arrival,,,
DE,FI,visa_free,,,
DE,FJ,visa_free,120,,
DE,FM,visa_free,90,,
DE,FR,visa_free,,,
DE,GA,evisa,,,
DE,GB,eta,,,https://www.gov.uk/eta
DE,GD,visa_free,90,,
DE,GE,visa_free,365,,
DE,GH,visa_required,,,
DE,GM,visa_free,90,,
DE,GN,evisa,,,
DE,GQ,evisa,,,
DE,GR,visa_free,,,
DE,GT,visa_free,90,,
DE,GW,visa_on_arrival,,,
DE,GY,visa_free,90,,
DE,HN,visa_free,90,,
DE,HR,visa_free,,,
DE,HT,visa_free,90,,
DE,HU,visa_free,,,
DE,ID,visa_on_arrival,,,
DE,IE,visa_free,,,
DE,IL,eta,,,https://israel-entry.piba.gov.il/
DE,IN,evisa,,,
DE,IQ,evisa,,,
DE,IR,visa_on_arrival,,,
DE,IS,visa_free,,,
DE,IT,visa_free,,,
DE,JM,visa_free,90,,
DE,JO,visa_on_arrival,,,
DE,JP,visa_free,90,,
DE,KE,eta,,,https://www.etakenya.go.ke/
DE,KG,visa_free,60,,
DE,KH,visa_on_arrival,,,
DE,KI,visa_free,90,,
DE,KM,visa_on_arrival,,,
DE,KN,eta,,,
DE,KP,visa_required,,,
DE,KR,visa_free,90,,
DE,KW,visa_on_arrival,,,
DE,KZ,visa_free,30,,
DE,LA,visa_on_arrival,,,
DE,LB,visa_on_arrival,,,
DE,LC,visa_free,90,,
DE,LI,visa_free,,,
DE,LK,eta,,,https://www.immigration.gov.lk/pages_e.php?id=14
DE,LR,visa_required,,,
DE,LS,visa_free,14,,
DE,LT,visa_free,,,
DE,LU,visa_free,,,
DE,LV,visa_free,,,
DE,LY,evisa,,,
DE,MA,visa_free,90,,
DE,MC,visa_free,,,
DE,MD,visa_free,90,,
DE,ME,visa_free,90,,
DE,MG,visa_on_arrival,,,
DE,MH,visa_free,90,,
DE,MK,visa_free,90,,
DE,ML,visa_required,,,
DE,MM,evisa,,,
DE,MN,visa_free,30,,
DE,MR,evisa,,,
DE,MT,visa_free,,,
DE,MU,visa_free,90,,
DE,MV,visa_on_arrival,,,
DE,MW,evisa,,,
DE,MX,visa_free,180,,
DE,MY,visa_free,90,,
DE,MZ,visa_free,30,,
DE,NA,visa_on_arrival,,,
DE,NE,visa_required,,,
DE,NG,evisa,,,
DE,NI,visa_free,90,,
DE,NL,visa_free,,,
DE,NO,visa_free,,,
DE,NP,visa_on_arrival,,,
DE,NR,visa_required,,,
DE,NZ,eta,,,
DE,OM,visa_on_arrival,,,
DE,PA,visa_free,90,,
DE,PE,visa_free,90,,
DE,PG,eta,,,
DE,PH,visa_free,30,,
DE,PK,evisa,,,
DE,PL,visa_free,,,
DE,PS,visa_free,,,
DE,PT,visa_free,,,
DE,PW,visa_free,90,,
DE,PY,visa_free,90,,
DE,QA,visa_on_arrival,,,
DE,RO,visa_free,,,
DE,RS,visa_free,90,,
DE,RU,evisa,,,
DE,RW,visa_on_arrival,,,
DE,SA,visa_on_arrival,,,
DE,SB,visa_free,90,,
DE,SC,visa_free,90,,
DE,SD,visa_required,,,
DE,SE,visa_free,,,
DE,SG,visa_free,90,,
DE,SI,visa_free,,,
DE,SK,visa_free,,,
DE,SL,visa_on_arrival,,,
DE,SM,visa_free,,,
DE,SN,visa_free,90,,
DE,SO,evisa,,,
DE,SR,eta,,,
DE,SS,evisa,,,
DE,ST,visa_free,15,,
DE,SV,visa_free,180,,
DE,SY,evisa,,,
DE,SZ,visa_free,30,,
DE,TD,evisa,,,
DE,TG,evisa,,,
DE,TH,visa_free,60,,https://www.thaievisa.go.th/
DE,TJ,visa_free,30,,
DE,TL,visa_free,90,,
DE,TM,visa_required,,,
DE,TN,visa_free,120,,
DE,TO,visa_free,90,,
DE,TR,visa_free,90,,
DE,TT,visa_free,90,,
DE,TV,visa_free,90,,
DE,TW,visa_free,90,,
DE,TZ,visa_on_arrival,,,
DE,UA,visa_free,90,,
DE,UG,evisa,,,
DE,US,eta,,,https://esta.cbp.dhs.gov/
DE,UY,visa_free,90,,
DE,UZ,visa_free,30,,
DE,VA,visa_free,,,
DE,VC,visa_free,90,,
DE,VE,visa_free,90,,
DE,VN,visa_free,45,,https://mofa.gov.vn/tin-chi-tiet/chi-tiet/viet-nam-39-s-visa-exemption-list-57163-596.html
DE,VU,visa_free,120,,
DE,WS,visa_free,90,,
DE,XK,visa_free,90,,
DE,YE,visa_required,,,
DE,ZA,visa_free,90,,
DE,ZM,visa_free,90,,
DE,ZW,visa_on_arrival,,,
DJ,AD,visa_required,,,
DJ,AE,evisa,,,
DJ,AF,visa_required,,,
DJ,AG,evisa,,,
DJ,AL,evisa,,,
DJ,AM,visa_required,,,
DJ,AO,visa_required,,,
DJ,AR,visa_required,,,
DJ,AT,visa_required,,,
DJ,AU,evisa,,,
DJ,AZ,evisa,,,
DJ,BA,visa_required,,,
DJ,BB,visa_free,90,,
DJ,BD,visa_on_arrival,,,
DJ,BE,visa_required,,,
DJ,BF,evisa,,,
DJ,BG,visa_required,,,
DJ,BH,evisa,,,
DJ,BI,visa_on_arrival,,,
DJ,BJ,visa_free,90,,
DJ,BN,visa_required,,,
DJ,BO,evisa,,,
DJ,BR,visa_required,,,
DJ,BS,evisa,,,
DJ,BT,evisa,,,
DJ,BW,evisa,,,
DJ,BY,visa_required,,,
DJ,BZ,visa_required,,,
DJ,CA,visa_required,,,
DJ,CD,evisa,,,
DJ,CF,visa_required,,,
DJ,CG,visa_required,,,
DJ,CH,visa_required,,,
DJ,CI,eta,,,
DJ,CL,visa_required,,,
DJ,CM,evisa,,,
DJ,CN,visa_required,,,
DJ,CO,evisa,,,
DJ,CR,visa_required,,,
DJ,CU,evisa,,,
DJ,CV,visa_required,,,
DJ,CY,visa_required,,,
DJ,CZ,visa_required,,,
DJ,DE,visa_required,,,
DJ,DK,visa_required,,,
DJ,DM,visa_free,21,,
DJ,DO,visa_required,,,
DJ,DZ,visa_required,,,
DJ,EC,visa_free,90,,
DJ,EE,visa_required,,,
DJ,EG,visa_required,,,
DJ,ER,visa_required,,,
DJ,ES,visa_required,,,
DJ,ET,visa_free,90,,
DJ,FI,visa_required,,,
DJ,FJ,visa_required,,,
DJ,FM,visa_free,30,,
DJ,FR,visa_required,,,
DJ,GA,evisa,,,
DJ,GB,visa_required,,,
DJ,GD,visa_required,,,
DJ,GE,evisa,,,
DJ,GH,visa_on_arrival,,,
DJ,GM,visa_free,90,,
DJ,GN,evisa,,,
DJ,GQ,evisa,,,
DJ,GR,visa_required,,,
DJ,GT,visa_required,,,
DJ,GW,visa_on_arrival,,,
DJ,GY,evisa,,,
DJ,HN,visa_required,,,
DJ,HR,visa_required,,,
DJ,HT,visa_free,90,,
DJ,HU,visa_required,,,
DJ,ID,evisa,,,
DJ,IE,visa_required,,,
DJ,IL,evisa,,,
DJ,IN,evisa,,,
DJ,IQ,evisa,,,
DJ,IR,visa_on_arrival,,,
DJ,IS,visa_required,,,
DJ,IT,visa_required,,,
DJ,JM,visa_required,,,
DJ,JO,visa_required,,,
DJ,JP,visa_required,,,
DJ,KE,visa_free,60,,
DJ,KG,evisa,,,
DJ,KH,visa_on_arrival,,,
DJ,KI,visa_required,,,
DJ,KM,visa_on_arrival,,,
DJ,KN,evisa,,,
DJ,KP,visa_required,,,
DJ,KR,evisa,,,
DJ,KW,visa_required,,,
DJ,KZ,evisa,,,
DJ,LA,visa_on_arrival,,,
DJ,LB,visa_on_arrival,,,
DJ,LC,visa_on_arrival,,,
DJ,LI,visa_required,,,
DJ,LK,eta,,,
DJ,LR,evisa,,,
DJ,LS,visa_required,,,
DJ,LT,visa_required,,,
DJ,LU,visa_required,,,
DJ,LV,visa_required,,,
DJ,LY,evisa,,,
DJ,MA,visa_required,,,
DJ,MC,visa_required,,,
DJ,MD,evisa,,,
DJ,ME,visa_required,,,
DJ,MG,visa_on_arrival,,,
DJ,MH,visa_required,,,
DJ,MK,visa_required,,,
DJ,ML,visa_required,,,
DJ,MM,visa_required,,,
DJ,MN,evisa,,,
DJ,MR,evisa,,,
DJ,MT,visa_required,,,
DJ,MU,visa_on_arrival,,,
DJ,MV,visa_on_arrival,,,
DJ,MW,evisa,,,
DJ,MX,visa_required,,,
DJ,MY,evisa,,,
DJ,MZ,visa_on_arrival,,,
DJ,NA,visa_on_arrival,,,
DJ,NE,visa_required,,,
DJ,NG,evisa,,,
DJ,NI,visa_on_arrival,,,
DJ,NL,visa_required,,,
DJ,NO,visa_required,,,
DJ,NP,visa_on_arrival,,,
DJ,NR,visa_required,,,
DJ,NZ,visa_required,,,
DJ,OM,evisa,,,
DJ,PA,visa_required,,,
DJ,PE,visa_required,,,
DJ,PG,evisa,,,
DJ,PH,visa_free,30,,
DJ,PK,evisa,,,
DJ,PL,visa_required,,,
DJ,PS,visa_required,,,
DJ,PT,visa_required,,,
DJ,PW,visa_on_arrival,,,
DJ,PY,visa_required,,,
DJ,QA,evisa,,,
DJ,RO,visa_required,,,
DJ,RS,visa_required,,,
DJ,RU,visa_required,,,
DJ,RW,visa_free,30,,
DJ,SA,evisa,,,
DJ,SB,visa_required,,,
DJ,SC,visa_free,90,,
DJ,SD,visa_required,,,
DJ,SE,visa_required,,,
DJ,SG,visa_free,30,,
DJ,SI,visa_required,,,
DJ,SK,visa_required,,,
DJ,SL,evisa,,,
DJ,SM,visa_required,,,
DJ,SN,visa_free,90,,
DJ,SO,visa_on_arrival,,,
DJ,SR,eta,,,
DJ,SS,evisa,,,
DJ,ST,evisa,,,
DJ,SV,evisa,,,
DJ,SY,evisa,,,
DJ,SZ,visa_required,,,
DJ,TD,evisa,,,
DJ,TG,evisa,,,
DJ,TH,evisa,,,
DJ,TJ,evisa,,,
DJ,TL,visa_on_arrival,,,
DJ,TM,visa_required,,,
DJ,TN,visa_required,,,
DJ,TO,visa_required,,,
DJ,TR,visa_required,,,
DJ,TT,visa_required,,,
DJ,TV,visa_on_arrival,,,
DJ,TW,visa_required,,,
DJ,TZ,visa_free,90,,
DJ,UA,visa_required,,,
DJ,UG,evisa,,,
DJ,US,visa_required,,,
DJ,UY,visa_required,,,
DJ,UZ,visa_required,,,
DJ,VA,visa_required,,,
DJ,VC,visa_free,90,,
DJ,VE,visa_required,,,
DJ,VN,evisa,,,
DJ,VU,evisa,,,
DJ,WS,visa_on_arrival,,,
DJ,XK,visa_required,,,
DJ,YE,visa_required,,,
DJ,ZA,visa_required,,,
DJ,ZM,visa_on_arrival,,,
DJ,ZW,evisa,,,
DK,AD,visa_free,,,
DK,AE,visa_free,90,,
DK,AF,visa_required,,,
DK,AG,visa_free,180,,
DK,AL,visa_free,90,,
DK,AM,visa_free,180,,
DK,AO,visa_free,30,,
DK,AR,visa_free,90,,
DK,AT,visa_free,,,
DK,AU,eta,,,
DK,AZ,evisa,,,
DK,BA,visa_free,90,,
DK,BB,visa_free,90,,
DK,BD,visa_on_arrival,,,
DK,BE,visa_free,,,
DK,BF,evisa,,,
DK,BG,visa_free,,,
DK,BH,visa_on_arrival,,,
DK,BI,visa_on_arrival,,,
DK,BJ,evisa,,,
DK,BN,visa_free,90,,
DK,BO,visa_free,90,,
DK,BR,visa_free,90,,
DK,BS,visa_free,240,,
DK,BT,evisa,,,
DK,BW,visa_free,90,,
DK,BY,visa_free,30,,
DK,BZ,visa_free,,,
DK,CA,eta,,,
DK,CD,evisa,,,
DK,CF,visa_required,,,
DK,CG,visa_required,,,
DK,CH,visa_free,,,
DK,CI,eta,,,
DK,CL,visa_free,90,,
DK,CM,evisa,,,
DK,CN,visa_free,30,,https://www.fmprc.gov.cn/eng/xw/fyrbt/202602/t20260215_11860467.html
DK,CO,visa_free,90,,
DK,CR,visa_free,180,,
DK,CU,evisa,,,
DK,CV,visa_free,30,,
DK,CY,visa_free,,,
DK,CZ,visa_free,,,
DK,DE,visa_free,,,
DK,DJ,visa_on_arrival,,,
DK,DM,visa_free,180,,
DK,DO,visa_free,30,,
DK,DZ,visa_required,,,
DK,EC,visa_free,90,,
DK,EE,visa_free,,,
DK,EG,visa_on_arrival,,,
DK,ER,visa_required,,,
DK,ES,visa_free,,,
DK,ET,visa_on_arrival,,,
DK,FI,visa_free,,,
DK,FJ,visa_free,120,,
DK,FM,visa_free,90,,
DK,FR,visa_free,,,
DK,GA,evisa,,,
DK,GB,eta,,,
DK,GD,visa_free,90,,
DK,GE,visa_free,365,,
DK,GH,visa_required,,,
DK,GM,visa_free,90,,
DK,GN,evisa,,,
DK,GQ,evisa,,,
DK,GR,visa_free,,,
DK,GT,visa_free,90,,
DK,GW,visa_on_arrival,,,
DK,GY,visa_free,90,,
DK,HN,visa_free,90,,
DK,HR,visa_free,,,
DK,HT,visa_free,90,,
DK,HU,visa_free,,,
DK,ID,visa_on_arrival,,,
DK,IE,visa_free,,,
DK,IL,eta,,,
DK,IN,evisa,,,
DK,IQ,evisa,,,
DK,IR,visa_on_arrival,,,
DK,IS,visa_free,,,
DK,IT,visa_free,,,
DK,JM,visa_free,90,,
DK,JO,visa_on_arrival,,,
DK,JP,visa_free,90,,
DK,KE,eta,,,
DK,KG,visa_free,60,,
DK,KH,visa_on_arrival,,,
DK,KI,visa_free,90,,
DK,KM,visa_on_arrival,,,
DK,KN,eta,,,
DK,KP,visa_required,,,
DK,KR,visa_free,90,,
DK,KW,visa_on_arrival,,,
DK,KZ,visa_free,30,,
DK,LA,visa_on_arrival,,,
DK,LB,visa_on_arrival,,,
DK,LC,visa_free,90,,
DK,LI,visa_free,,,
DK,LK,eta,,,
DK,LR,evisa,,,
DK,LS,visa_free,14,,
DK,LT,visa_free,,,
DK,LU,visa_free,,,
DK,LV,visa_free,,,
DK,LY,evisa,,,
DK,MA,visa_free,90,,
DK,MC,visa_free,,,
DK,MD,visa_free,90,,
DK,ME,visa_free,90,,
DK,MG,visa_on_arrival,,,
DK,MH,visa_free,90,,
DK,MK,visa_free,90,,
DK,ML,visa_required,,,
DK,MM,evisa,,,
DK,MN,visa_free,30,,
DK,MR,evisa,,,
DK,MT,visa_free,,,
DK,MU,visa_free,90,,
DK,MV,visa_on_arrival,,,
DK,MW,evisa,,,
DK,MX,visa_free,180,,
DK,MY,visa_free,90,,
DK,MZ,visa_free,30,,
DK,NA,visa_on_arrival,,,
DK,NE,visa_required,,,
DK,NG,evisa,,,
DK,NI,visa_free,90,,
DK,NL,visa_free,,,
DK,NO,visa_free,,,
DK,NP,visa_on_arrival,,,
DK,NR,visa_required,,,
DK,NZ,eta,,,
DK,OM,visa_on_arrival,,,
DK,PA,visa_free,90,,
DK,PE,visa_free,90,,
DK,PG,eta,,,
DK,PH,visa_free,30,,
DK,PK,evisa,,,
DK,PL,visa_free,,,
DK,PS,visa_free,,,
DK,PT,visa_free,,,
DK,PW,visa_free,90,,
DK,PY,visa_free,90,,
DK,QA,visa_on_arrival,,,
DK,RO,visa_free,,,
DK,RS,visa_free,90,,
DK,RU,evisa,,,
DK,RW,visa_on_arrival,,,
DK,SA,visa_on_arrival,,,
DK,SB,visa_free,90,,
DK,SC,visa_free,90,,
DK,SD,visa_required,,,
DK,SE,visa_free,,,
DK,SG,visa_free,90,,
DK,SI,visa_free,,,
DK,SK,visa_free,,,
DK,SL,visa_on_arrival,,,
DK,SM,visa_free,,,
DK,SN,visa_free,90,,
DK,SO,evisa,,,
DK,SR,eta,,,
DK,SS,evisa,,,
DK,ST,visa_free,15,,
DK,SV,visa_free,180,,
DK,SY,evisa,,,
DK,SZ,visa_free,30,,
DK,TD,evisa,,,
DK,TG,evisa,,,
DK,TH,visa_free,60,,
DK,TJ,visa_free,30,,
DK,TL,visa_free,90,,
DK,TM,visa_required,,,
DK,TN,visa_free,90,,
DK,TO,visa_free,90,,
DK,TR,visa_free,90,,
DK,TT,visa_free,90,,
DK,TV,visa_free,90,,
DK,TW,visa_free,90,,
DK,TZ,visa_on_arrival,,,
DK,UA,visa_free,90,,
DK,UG,evisa,,,
DK,US,eta,,,
DK,UY,visa_free,90,,
DK,UZ,visa_free,30,,
DK,VA,visa_free,,,
DK,VC,visa_free,90,,
DK,VE,visa_free,90,,
DK,VN,visa_free,45,,
DK,VU,visa_free,120,,
DK,WS,visa_free,90,,
DK,XK,visa_free,90,,
DK,YE,visa_required,,,
DK,ZA,visa_free,90,,
DK,ZM,visa_free,90,,
DK,ZW,visa_on_arrival,,,
DM,AD,visa_free,90,,
DM,AE,evisa,,,
DM,AF,visa_required,,,
DM,AG,visa_free,,,
DM,AL,evisa,,,
DM,AM,visa_on_arrival,,,
DM,AO,visa_required,,,
DM,AR,visa_free,90,,
DM,AT,visa_free,90,,
DM,AU,evisa,,,
DM,AZ,visa_required,,,
DM,BA,visa_free,90,,
DM,BB,visa_free,,,
DM,BD,visa_on_arrival,,,
DM,BE,visa_free,90,,
DM,BF,evisa,,,
DM,BG,visa_free,90,,
DM,BH,evisa,,,
DM,BI,visa_on_arrival,,,
DM,BJ,visa_free,90,,
DM,BN,visa_required,,,
DM,BO,evisa,,,
DM,BR,visa_free,90,,
DM,BS,visa_free,90,,
DM,BT,evisa,,,
DM,BW,visa_free,90,,
DM,BY,visa_free,30,,
DM,BZ,visa_free,,,
DM,CA,visa_required,,,
DM,CD,evisa,,,
DM,CF,visa_required,,,
DM,CG,visa_required,,,
DM,CH,visa_free,90,,
DM,CI,eta,,,
DM,CL,visa_required,,,
DM,CM,evisa,,,
DM,CN,visa_free,30,,
DM,CO,visa_free,90,,
DM,CR,visa_free,30,,
DM,CU,visa_free,28,,
DM,CV,visa_required,,,
DM,CY,visa_free,90,,
DM,CZ,visa_free,90,,
DM,DE,visa_free,90,,
DM,DJ,visa_on_arrival,,,
DM,DK,visa_free,90,,
DM,DO,visa_free,30,,
DM,DZ,visa_required,,,
DM,EC,visa_free,90,,
DM,EE,visa_free,90,,
DM,EG,visa_on_arrival,,,
DM,ER,visa_required,,,
DM,ES,visa_free,90,,
DM,ET,evisa,,,
DM,FI,visa_free,90,,
DM,FJ,visa_free,120,,
DM,FM,visa_free,30,,
DM,FR,visa_free,90,,
DM,GA,evisa,,,
DM,GB,visa_required,,,
DM,GD,visa_free,,,
DM,GE,visa_free,90,,
DM,GH,visa_free,90,,
DM,GM,visa_free,90,,
DM,GN,evisa,,,
DM,GQ,evisa,,,
DM,GR,visa_free,90,,
DM,GT,visa_required,,,
DM,GW,visa_on_arrival,,,
DM,GY,visa_free,180,,
DM,HN,visa_required,,,
DM,HR,visa_free,90,,
DM,HT,visa_free,90,,
DM,HU,visa_free,90,,
DM,ID,evisa,,,
DM,IE,visa_required,,,
DM,IL,eta,,,
DM,IN,evisa,,,
DM,IQ,evisa,,,
DM,IR,visa_on_arrival,,,
DM,IS,visa_free,90,,
DM,IT,visa_free,90,,
DM,JM,visa_free,,,
DM,JO,visa_on_arrival,,,
DM,JP,visa_required,,,
DM,KE,visa_free,90,,
DM,KG,evisa,,,
DM,KH,visa_on_arrival,,,
DM,KI,visa_free,90,,
DM,KM,visa_on_arrival,,,
DM,KN,visa_free,,,
DM,KP,visa_required,,,
DM,KR,eta,,,
DM,KW,visa_required,,,
DM,KZ,evisa,,,
DM,LA,visa_on_arrival,,,
DM,LB,visa_required,,,
DM,LC,visa_free,,,
DM,LI,visa_free,90,,
DM,LK,eta,,,
DM,LR,evisa,,,
DM,LS,visa_free,90,,
DM,LT,visa_free,90,,
DM,LU,visa_free,90,,
DM,LV,visa_free,90,,
DM,LY,evisa,,,
DM,MA,visa_required,,,
DM,MC,visa_free,90,,
DM,MD,visa_free,90,,
DM,ME,visa_free,90,,
DM,MG,visa_on_arrival,,,
DM,MH,visa_required,,,
DM,MK,visa_required,,,
DM,ML,visa_required,,,
DM,MM,visa_required,,,
DM,MN,evisa,,,
DM,MR,evisa,,,
DM,MT,visa_free,90,,
DM,MU,visa_free,90,,
DM,MV,visa_on_arrival,,,
DM,MW,visa_free,,,
DM,MX,visa_required,,,
DM,MY,visa_free,30,,
DM,MZ,visa_on_arrival,,,
DM,NA,evisa,,,
DM,NE,visa_required,,,
DM,NG,evisa,,,
DM,NI,visa_on_arrival,,,
DM,NL,visa_free,90,,
DM,NO,visa_free,90,,
DM,NP,visa_on_arrival,,,
DM,NR,visa_required,,,
DM,NZ,visa_required,,,
DM,OM,evisa,,,
DM,PA,visa_free,90,,
DM,PE,visa_free,180,,
DM,PG,eta,,,
DM,PH,visa_free,30,,
DM,PK,evisa,,,
DM,PL,visa_free,90,,
DM,PS,visa_free,,,
DM,PT,visa_free,90,,
DM,PW,visa_on_arrival,,,
DM,PY,visa_required,,,
DM,QA,evisa,,,
DM,RO,visa_free,90,,
DM,RS,visa_free,90,,
DM,RU,visa_free,90,,
DM,RW,visa_free,30,,
DM,SA,evisa,,,
DM,SB,visa_on_arrival,,,
DM,SC,visa_free,90,,
DM,SD,visa_required,,,
DM,SE,visa_free,90,,
DM,SG,visa_free,30,,
DM,SI,visa_free,90,,
DM,SK,visa_free,90,,
DM,SL,visa_on_arrival,,,
DM,SM,visa_free,90,,
DM,SN,visa_required,,,
DM,SO,evisa,,,
DM,SR,visa_free,180,,
DM,SS,evisa,,,
DM,ST,evisa,,,
DM,SV,evisa,,,
DM,SY,evisa,,,
DM,SZ,visa_free,30,,
DM,TD,evisa,,,
DM,TG,evisa,,,
DM,TH,visa_free,60,,
DM,TJ,evisa,,,
DM,TL,visa_on_arrival,,,
DM,TM,visa_required,,,
DM,TN,visa_free,,,
DM,TO,visa_on_arrival,,,
DM,TR,visa_required,,,
DM,TT,visa_free,,,
DM,TV,visa_on_arrival,,,
DM,TW,evisa,,,
DM,TZ,visa_free,90,,
DM,UA,visa_free,90,,
DM,UG,evisa,,,
DM,US,visa_required,,,
DM,UY,visa_free,90,,
DM,UZ,visa_free,30,,
DM,VA,visa_free,90,,
DM,VC,visa_free,,,
DM,VE,visa_free,90,,
DM,VN,evisa,,,
DM,VU,visa_free,120,,
DM,WS,visa_on_arrival,,,
DM,XK,visa_free,90,,
DM,YE,visa_required,,,
DM,ZA,visa_required,,,
DM,ZM,visa_free,90,,
DM,ZW,evisa,,,
DO,AD,visa_required,,,
DO,AE,evisa,,,
DO,AF,visa_required,,,
DO,AG,evisa,,,
DO,AL,evisa,,,
DO,AM,visa_on_arrival,,,
DO,AO,visa_free,30,,
DO,AR,visa_required,,,
DO,AT,visa_required,,,
DO,AU,evisa,,,
DO,AZ,visa_required,,,
DO,BA,visa_required,,,
DO,BB,visa_required,,,
DO,BD,visa_on_arrival,,,
DO,BE,visa_required,,,
DO,BF,evisa,,,
DO,BG,visa_required,,,
DO,BH,evisa,,,
DO,BI,visa_on_arrival,,,
DO,BJ,evisa,,,
DO,BN,visa_required,,,
DO,BO,evisa,,,
DO,BR,visa_free,60,,
DO,BS,evisa,,,
DO,BT,evisa,,,
DO,BW,visa_free,90,,
DO,BY,visa_required,,,
DO,BZ,visa_required,,,
DO,CA,visa_required,,,
DO,CD,evisa,,,
DO,CF,visa_required,,,
DO,CG,visa_required,,,
DO,CH,visa_required,,,
DO,CI,eta,,,
DO,CL,visa_required,,,
DO,CM,evisa,,,
DO,CN,visa_required,,,
DO,CO,visa_free,90,,
DO,CR,visa_required,,,
DO,CU,evisa,,,
DO,CV,visa_required,,,
DO,CY,visa_required,,,
DO,CZ,visa_required,,,
DO,DE,visa_required,,,
DO,DJ,visa_on_arrival,,,
DO,DK,visa_required,,,
DO,DM,visa_required,,,
DO,DZ,visa_required,,,
DO,EC,visa_free,90,,
DO,EE,visa_required,,,
DO,EG,visa_on_arrival,,,
DO,ER,visa_required,,,
DO,ES,visa_required,,,
DO,ET,evisa,,,
DO,FI,visa_required,,,
DO,FJ,visa_required,,,
DO,FM,visa_free,30,,
DO,FR,visa_required,,,
DO,GA,evisa,,,
DO,GB,visa_required,,,
DO,GD,visa_free,90,,
DO,GE,visa_free,365,,
DO,GH,visa_required,,,
DO,GM,visa_required,,,
DO,GN,evisa,,,
DO,GQ,evisa,,,
DO,GR,visa_required,,,
DO,GT,visa_required,,,
DO,GW,visa_on_arrival,,,
DO,GY,visa_free,30,,
DO,HN,visa_free,60,,
DO,HR,visa_required,,,
DO,HT,visa_required,,,
DO,HU,visa_required,,,
DO,ID,evisa,,,
DO,IE,visa_required,,,
DO,IL,eta,,,
DO,IN,evisa,,,
DO,IQ,evisa,,,
DO,IR,visa_on_arrival,,,
DO,IS,visa_required,,,
DO,IT,visa_required,,,
DO,JM,visa_free,180,,
DO,JO,visa_on_arrival,,,
DO,JP,visa_free,90,,
DO,KE,eta,,,
DO,KG,evisa,,,
DO,KH,visa_on_arrival,,,
DO,KI,visa_free,90,,
DO,KM,visa_on_arrival,,,
DO,KN,evisa,,,
DO,KP,visa_required,,,
DO,KR,eta,,,
DO,KW,visa_required,,,
DO,KZ,evisa,,,
DO,LA,visa_on_arrival,,,
DO,LB,visa_on_arrival,,,
DO,LC,visa_required,,,
DO,LI,visa_required,,,
DO,LK,eta,,,
DO,LR,evisa,,,
DO,LS,visa_required,,,
DO,LT,visa_required,,,
DO,LU,visa_required,,,
DO,LV,visa_required,,,
DO,LY,evisa,,,
DO,MA,visa_free,60,,
DO,MC,visa_required,,,
DO,MD,evisa,,,
DO,ME,visa_required,,,
DO,MG,visa_on_arrival,,,
DO,MH,visa_on_arrival,,,
DO,MK,visa_required,,,
DO,ML,visa_required,,,
DO,MM,visa_required,,,
DO,MN,visa_required,,,
DO,MR,evisa,,,
DO,MT,visa_required,,,
DO,MU,visa_on_arrival,,,
DO,MV,visa_on_arrival,,,
DO,MW,evisa,,,
DO,MX,visa_required,,,
DO,MY,visa_free,30,,
DO,MZ,visa_on_arrival,,,
DO,NA,evisa,,,
DO,NE,visa_required,,,
DO,NG,evisa,,,
DO,NI,visa_on_arrival,,,
DO,NL,visa_required,,,
DO,NO,visa_required,,,
DO,NP,visa_on_arrival,,,
DO,NR,visa_required,,,
DO,NZ,visa_required,,,
DO,OM,evisa,,,
DO,PA,visa_required,,,
DO,PE,visa_free,60,,
DO,PG,evisa,,,
DO,PH,visa_free,30,,
DO,PK,evisa,,,
DO,PL,visa_required,,,
DO,PS,visa_free,,,
DO,PT,visa_required,,,
DO,PW,visa_on_arrival,,,
DO,PY,visa_free,60,,
DO,QA,visa_on_arrival,,,
DO,RO,visa_required,,,
DO,RS,visa_required,,,
DO,RU,visa_free,60,,
DO,RW,visa_on_arrival,,,
DO,SA,evisa,,,
DO,SB,visa_on_arrival,,,
DO,SC,visa_free,90,,
DO,SD,visa_required,,,
DO,SE,visa_required,,,
DO,SG,visa_free,30,,
DO,SI,visa_required,,,
DO,SK,visa_required,,,
DO,SL,evisa,,,
DO,SM,visa_required,,,
DO,SN,visa_on_arrival,,,
DO,SO,evisa,,,
DO,SR,evisa,,,
DO,SS,evisa,,,
DO,ST,evisa,,,
DO,SV,visa_free,180,,
DO,SY,evisa,,,
DO,SZ,visa_required,,,
DO,TD,evisa,,,
DO,TG,evisa,,,
DO,TH,visa_free,60,,
DO,TJ,visa_free,30,,
DO,TL,visa_on_arrival,,,
DO,TM,visa_required,,,
DO,TN,visa_required,,,
DO,TO,visa_required,,,
DO,TR,evisa,,,
DO,TT,visa_free,90,,
DO,TV,visa_on_arrival,,,
DO,TW,visa_free,30,,
DO,TZ,visa_on_arrival,,,
DO,UA,evisa,,,
DO,UG,evisa,,,
DO,US,visa_required,,,
DO,UY,visa_required,,,
DO,UZ,visa_free,30,,
DO,VA,visa_required,,,
DO,VC,visa_required,,,
DO,VE,visa_required,,,
DO,VN,evisa,,,
DO,VU,evisa,,,
DO,WS,visa_on_arrival,,,
DO,XK,visa_required,,,
DO,YE,visa_required,,,
DO,ZA,visa_required,,,
DO,ZM,visa_free,90,,
DO,ZW,visa_on_arrival,,,
DZ,AD,visa_required,,,
DZ,AE,evisa,,,
DZ,AF,visa_required,,,
DZ,AG,evisa,,,
DZ,AL,evisa,,,
DZ,AM,evisa,,,
DZ,AO,visa_free,30,,
DZ,AR,visa_required,,,
DZ,AT,visa_required,,,
DZ,AU,evisa,,,
DZ,AZ,evisa,,,
DZ,BA,visa_required,,,
DZ,BB,visa_free,90,,
DZ,BD,visa_required,,,
DZ,BE,visa_required,,,
DZ,BF,evisa,,,
DZ,BG,visa_required,,,
DZ,BH,evisa,,,
DZ,BI,visa_on_arrival,,,
DZ,BJ,visa_free,90,,
DZ,BN,visa_required,,,
DZ,BO,evisa,,,
DZ,BR,visa_required,,,
DZ,BS,evisa,,,
DZ,BT,evisa,,,
DZ,BW,evisa,,,
DZ,BY,visa_required,,,
DZ,BZ,visa_required,,,
DZ,CA,visa_required,,,
DZ,CD,evisa,,,
DZ,CF,visa_required,,,
DZ,CG,visa_required,,,
DZ,CH,visa_required,,,
DZ,CI,eta,,,
DZ,CL,visa_required,,,
DZ,CM,evisa,,,
DZ,CN,visa_required,,,
DZ,CO,evisa,,,
DZ,CR,visa_required,,,
DZ,CU,evisa,,,
DZ,CV,visa_required,,,
DZ,CY,visa_required,,,
DZ,CZ,visa_required,,,
DZ,DE,visa_required,,,
DZ,DJ,visa_on_arrival,,,
DZ,DK,visa_required,,,
DZ,DM,visa_free,21,,
DZ,DO,visa_required,,,
DZ,EC,visa_free,90,,
DZ,EE,visa_required,,,
DZ,EG,visa_required,,,
DZ,ER,visa_required,,,
DZ,ES,visa_required,,,
DZ,ET,visa_on_arrival,,,
DZ,FI,visa_required,,,
DZ,FJ,visa_required,,,
DZ,FM,visa_free,30,,
DZ,FR,visa_required,,,
DZ,GA,evisa,,,
DZ,GB,visa_required,,,
DZ,GD,visa_required,,,
DZ,GE,visa_required,,,
DZ,GH,visa_on_arrival,,,
DZ,GM,visa_free,90,,
DZ,GN,visa_free,,,
DZ,GQ,evisa,,,
DZ,GR,visa_required,,,
DZ,GT,visa_required,,,
DZ,GW,visa_on_arrival,,,
DZ,GY,evisa,,,
DZ,HN,visa_required,,,
DZ,HR,visa_required,,,
DZ,HT,visa_free,90,,
DZ,HU,visa_required,,,
DZ,ID,evisa,,,
DZ,IE,visa_required,,,
DZ,IL,evisa,,,
DZ,IN,visa_required,,,
DZ,IQ,evisa,,,
DZ,IR,visa_on_arrival,,,
DZ,IS,visa_required,,,
DZ,IT,visa_required,,,
DZ,JM,visa_required,,,
DZ,JO,visa_on_arrival,,,
DZ,JP,visa_required,,,
DZ,KE,visa_free,60,,
DZ,KG,evisa,,,
DZ,KH,visa_on_arrival,,,
DZ,KI,visa_required,,,
DZ,KM,visa_on_arrival,,,
DZ,KN,evisa,,,
DZ,KP,visa_required,,,
DZ,KR,evisa,,,
DZ,KW,visa_required,,,
DZ,KZ,evisa,,,
DZ,LA,visa_required,,,
DZ,LB,visa_on_arrival,,,
DZ,LC,visa_required,,,
DZ,LI,visa_required,,,
DZ,LK,eta,,,
DZ,LR,evisa,,,
DZ,LS,visa_required,,,
DZ,LT,visa_required,,,
DZ,LU,visa_required,,,
DZ,LV,visa_required,,,
DZ,LY,visa_free,,,
DZ,MA,eta,,,
DZ,MC,visa_required,,,
DZ,MD,evisa,,,
DZ,ME,visa_required,,,
DZ,MG,visa_on_arrival,,,
DZ,MH,visa_on_arrival,,,
DZ,MK,visa_required,,,
DZ,ML,visa_free,30,,
DZ,MM,evisa,,,
DZ,MN,visa_required,,,
DZ,MR,visa_free,90,,
DZ,MT,visa_required,,,
DZ,MU,visa_on_arrival,,,
DZ,MV,visa_on_arrival,,,
DZ,MW,evisa,,,
DZ,MX,visa_required,,,
DZ,MY,visa_free,90,,
DZ,MZ,visa_on_arrival,,,
DZ,NA,evisa,,,
DZ,NE,visa_required,,,
DZ,NG,evisa,,,
DZ,NI,visa_on_arrival,,,
DZ,NL,visa_required,,,
DZ,NO,visa_required,,,
DZ,NP,visa_on_arrival,,,
DZ,NR,visa_required,,,
DZ,NZ,visa_required,,,
DZ,OM,evisa,,,
DZ,PA,visa_required,,,
DZ,PE,visa_required,,,
DZ,PG,evisa,,,
DZ,PH,visa_required,,,
DZ,PK,evisa,,,
DZ,PL,visa_required,,,
DZ,PS,visa_free,,,
DZ,PT,visa_required,,,
DZ,PW,visa_on_arrival,,,
DZ,PY,visa_required,,,
DZ,QA,evisa,,,
DZ,RO,visa_required,,,
DZ,RS,visa_required,,,
DZ,RU,visa_required,,,
DZ,RW,visa_free,30,,
DZ,SA,evisa,,,
DZ,SB,visa_required,,,
DZ,SC,visa_free,90,,
DZ,SD,visa_required,,,
DZ,SE,visa_required,,,
DZ,SG,evisa,,,
DZ,SI,visa_required,,,
DZ,SK,visa_required,,,
DZ,SL,visa_on_arrival,,,
DZ,SM,visa_required,,,
DZ,SN,visa_on_arrival,,,
DZ,SO,evisa,,,
DZ,SR,eta,,,
DZ,SS,evisa,,,
DZ,ST,evisa,,,
DZ,SV,evisa,,,
DZ,SY,visa_free,,,
DZ,SZ,visa_required,,,
DZ,TD,evisa,,,
DZ,TG,evisa,,,
DZ,TH,evisa,,,
DZ,TJ,visa_on_arrival,,,
DZ,TL,visa_on_arrival,,,
DZ,TM,visa_required,,,
DZ,TN,visa_free,90,,
DZ,TO,visa_required,,,
DZ,TR,visa_required,,,
DZ,TT,visa_required,,,
DZ,TV,visa_on_arrival,,,
DZ,TW,visa_required,,,
DZ,TZ,visa_on_arrival,,,
DZ,UA,visa_required,,,
DZ,UG,evisa,,,
DZ,US,visa_required,,,
DZ,UY,visa_required,,,
DZ,UZ,evisa,,,
DZ,VA,visa_required,,,
DZ,VC,visa_free,90,,
DZ,VE,visa_required,,,
DZ,VN,evisa,,,
DZ,VU,evisa,,,
DZ,WS,visa_on_arrival,,,
DZ,XK,visa_required,,,
DZ,YE,visa_on_arrival,,,
DZ,ZA,evisa,,,
DZ,ZM,evisa,,,
DZ,ZW,visa_on_arrival,,,
EC,AD,visa_required,,,
EC,AE,visa_free,90,,
EC,AF,visa_required,,,
EC,AG,visa_free,90,,
EC,AL,evisa,,,
EC,AM,visa_free,180,,
EC,AO,visa_required,,,
EC,AR,visa_free,90,,
EC,AT,visa_required,,,
EC,AU,evisa,,,
EC,AZ,evisa,,,
EC,BA,visa_required,,,
EC,BB,visa_free,90,,
EC,BD,visa_on_arrival,,,
EC,BE,visa_required,,,
EC,BF,evisa,,,
EC,BG,visa_required,,,
EC,BH,visa_on_arrival,,,
EC,BI,visa_on_arrival,,,
EC,BJ,evisa,,,
EC,BN,visa_required,,,
EC,BO,visa_free,90,,
EC,BR,visa_free,90,,
EC,BS,visa_free,90,,
EC,BT,evisa,,,
EC,BW,evisa,,,
EC,BY,visa_free,30,,
EC,BZ,visa_required,,,
EC,CA,visa_required,,,
EC,CD,evisa,,,
EC,CF,visa_required,,,
EC,CG,visa_required,,,
EC,CH,visa_required,,,
EC,CI,eta,,,
EC,CL,visa_free,90,,
EC,CM,evisa,,,
EC,CN,visa_free,30,,
EC,CO,visa_free,90,,
EC,CR,visa_required,,,
EC,CU,evisa,,,
EC,CV,visa_required,,,
EC,CY,visa_required,,,
EC,CZ,visa_required,,,
EC,DE,visa_required,,,
EC,DJ,visa_on_arrival,,,
EC,DK,visa_required,,,
EC,DM,visa_free,21,,
EC,DO,visa_free,30,,
EC,DZ,visa_required,,,
EC,EE,visa_required,,,
EC,EG,visa_on_arrival,,,
EC,ER,visa_required,,,
EC,ES,visa_required,,,
EC,ET,evisa,,,
EC,FI,visa_required,,,
EC,FJ,visa_required,,,
EC,FM,visa_free,30,,
EC,FR,visa_required,,,
EC,GA,evisa,,,
EC,GB,visa_required,,,
EC,GD,visa_free,90,,
EC,GE,visa_free,365,,
EC,GH,visa_required,,,
EC,GM,visa_required,,,
EC,GN,evisa,,,
EC,GQ,evisa,,,
EC,GR,visa_required,,,
EC,GT,visa_required,,,
EC,GW,visa_on_arrival,,,
EC,GY,visa_free,90,,
EC,HN,visa_free,90,,
EC,HR,visa_required,,,
EC,HT,visa_free,90,,
EC,HU,visa_required,,,
EC,ID,visa_on_arrival,,,
EC,IE,visa_required,,,
EC,IL,eta,,,
EC,IN,evisa,,,
EC,IQ,evisa,,,
EC,IR,visa_on_arrival,,,
EC,IS,visa_required,,,
EC,IT,visa_required,,,
EC,JM,visa_free,30,,
EC,JO,visa_on_arrival,,,
EC,JP,visa_required,,,
EC,KE,eta,,,
EC,KG,evisa,,,
EC,KH,visa_on_arrival,,,
EC,KI,visa_required,,,
EC,KM,visa_on_arrival,,,
EC,KN,eta,,,
EC,KP,visa_required,,,
EC,KR,eta,,,
EC,KW,visa_required,,,
EC,KZ,visa_free,30,,
EC,LA,visa_on_arrival,,,
EC,LB,visa_required,,,
EC,LC,visa_on_arrival,,,
EC,LI,visa_required,,,
EC,LK,eta,,,
EC,LR,evisa,,,
EC,LS,visa_required,,,
EC,LT,visa_required,,,
EC,LU,visa_required,,,
EC,LV,visa_required,,,
EC,LY,evisa,,,
EC,MA,visa_required,,,
EC,MC,visa_required,,,
EC,MD,evisa,,,
EC,ME,visa_required,,,
EC,MG,visa_on_arrival,,,
EC,MH,visa_on_arrival,,,
EC,MK,visa_required,,,
EC,ML,visa_required,,,
EC,MM,evisa,,,
EC,MN,visa_free,30,,
EC,MR,evisa,,,
EC,MT,visa_required,,,
EC,MU,visa_on_arrival,,,
EC,MV,visa_on_arrival,,,
EC,MW,visa_free,,,
EC,MX,visa_required,,,
EC,MY,visa_free,30,,
EC,MZ,visa_on_arrival,,,
EC,NA,visa_on_arrival,,,
EC,NE,visa_required,,,
EC,NG,evisa,,,
EC,NI,visa_free,90,,
EC,NL,visa_required,,,
EC,NO,visa_required,,,
EC,NP,visa_on_arrival,,,
EC,NR,visa_required,,,
EC,NZ,visa_required,,,
EC,OM,visa_on_arrival,,,
EC,PA,visa_free,90,,
EC,PE,visa_free,180,,
EC,PG,eta,,,
EC,PH,visa_free,30,,
EC,PK,evisa,,,
EC,PL,visa_required,,,
EC,PS,visa_free,,,
EC,PT,visa_required,,,
EC,PW,visa_on_arrival,,,
EC,PY,visa_free,90,,
EC,QA,visa_on_arrival,,,
EC,RO,visa_required,,,
EC,RS,visa_required,,,
EC,RU,visa_free,90,,
EC,RW,visa_on_arrival,,,
EC,SA,evisa,,,
EC,SB,visa_required,,,
EC,SC,visa_free,90,,
EC,SD,visa_required,,,
EC,SE,visa_required,,,
EC,SG,visa_free,30,,
EC,SI,visa_required,,,
EC,SK,visa_required,,,
EC,SL,evisa,,,
EC,SM,visa_required,,,
EC,SN,visa_required,,,
EC,SO,evisa,,,
EC,SR,eta,,,
EC,SS,evisa,,,
EC,ST,evisa,,,
EC,SV,visa_free,180,,
EC,SY,evisa,,,
EC,SZ,visa_required,,,
EC,TD,evisa,,,
EC,TG,evisa,,,
EC,TH,visa_free,60,,
EC,TJ,visa_free,30,,
EC,TL,visa_on_arrival,,,
EC,TM,visa_required,,,
EC,TN,visa_required,,,
EC,TO,visa_required,,,
EC,TR,visa_free,90,,
EC,TT,visa_free,90,,
EC,TV,visa_on_arrival,,,
EC,TW,evisa,,,
EC,TZ,visa_on_arrival,,,
EC,UA,visa_free,90,,
EC,UG,evisa,,,
EC,US,visa_required,,,
EC,UY,visa_free,90,,
EC,UZ,evisa,,,
EC,VA,visa_required,,,
EC,VC,visa_free,90,,
EC,VE,visa_free,90,,
EC,VN,evisa,,,
EC,VU,evisa,,,
EC,WS,visa_on_arrival,,,
EC,XK,visa_required,,,
EC,YE,visa_required,,,
EC,ZA,visa_free,90,,
EC,ZM,visa_on_arrival,,,
EC,ZW,visa_on_arrival,,,
EE,AD,visa_free,,,
EE,AE,visa_free,90,,
EE,AF,visa_required,,,
EE,AG,visa_free,180,,
EE,AL,visa_free,90,,
EE,AM,visa_free,180,,
EE,AO,visa_free,30,,
EE,AR,visa_free,90,,
EE,AT,visa_free,,,
EE,AU,eta,,,
EE,AZ,evisa,,,
EE,BA,visa_free,90,,
EE,BB,visa_free,90,,
EE,BD,visa_on_arrival,,,
EE,BE,visa_free,,,
EE,BF,evisa,,,
EE,BG,visa_free,,,
EE,BH,visa_on_arrival,,,
EE,BI,visa_on_arrival,,,
EE,BJ,evisa,,,
EE,BN,visa_free,90,,
EE,BO,visa_free,90,,
EE,BR,visa_free,90,,
EE,BS,visa_free,90,,
EE,BT,evisa,,,
EE,BW,visa_free,90,,
EE,BY,visa_free,30,,
EE,BZ,visa_free,,,
EE,CA,eta,,,
EE,CD,evisa,,,
EE,CF,visa_required,,,
EE,CG,visa_required,,,
EE,CH,visa_free,,,
EE,CI,eta,,,
EE,CL,visa_free,90,,
EE,CM,evisa,,,
EE,CN,visa_free,30,,https://www.fmprc.gov.cn/eng/xw/fyrbt/202602/t20260215_11860467.html
EE,CO,visa_free,90,,
EE,CR,visa_free,180,,
EE,CU,evisa,,,
EE,CV,visa_free,30,,
EE,CY,visa_free,,,
EE,CZ,visa_free,,,
EE,DE,visa_free,,,
EE,DJ,visa_on_arrival,,,
EE,DK,visa_free,,,
EE,DM,visa_free,180,,
EE,DO,visa_free,30,,
EE,DZ,visa_required,,,
EE,EC,visa_free,90,,
EE,EG,visa_on_arrival,,,
EE,ER,visa_required,,,
EE,ES,visa_free,,,
EE,ET,visa_on_arrival,,,
EE,FI,visa_free,,,
EE,FJ,visa_free,120,,
EE,FM,visa_free,90,,
EE,FR,visa_free,,,
EE,GA,evisa,,,
EE,GB,eta,,,
EE,GD,visa_free,90,,
EE,GE,visa_free,365,,
EE,GH,visa_required,,,
EE,GM,visa_free,90,,
EE,GN,evisa,,,
EE,GQ,evisa,,,
EE,GR,visa_free,,,
EE,GT,visa_free,90,,
EE,GW,visa_on_arrival,,,
EE,GY,evisa,,,
EE,HN,visa_free,90,,
EE,HR,visa_free,,,
EE,HT,visa_free,90,,
EE,HU,visa_free,,,
EE,ID,visa_on_arrival,,,
EE,IE,visa_free,,,
EE,IL,eta,,,
EE,IN,evisa,,,
EE,IQ,evisa,,,
EE,IR,visa_on_arrival,,,
EE,IS,visa_free,,,
EE,IT,visa_free,,,
EE,JM,visa_free,30,,
EE,JO,visa_on_arrival,,,
EE,JP,visa_free,90,,
EE,KE,eta,,,
EE,KG,visa_free,60,,
EE,KH,visa_on_arrival,,,
EE,KI,visa_free,90,,
EE,KM,visa_on_arrival,,,
EE,KN,eta,,,
EE,KP,visa_required,,,
EE,KR,visa_free,90,,
EE,KW,visa_on_arrival,,,
EE,KZ,visa_free,30,,
EE,LA,visa_on_arrival,,,
EE,LB,visa_on_arrival,,,
EE,LC,visa_free,90,,
EE,LI,visa_free,,,
EE,LK,eta,,,
EE,LR,evisa,,,
EE,LS,visa_free,14,,
EE,LT,visa_free,,,
EE,LU,visa_free,,,
EE,LV,visa_free,,,
EE,LY,evisa,,,
EE,MA,visa_free,90,,
EE,MC,visa_free,,,
EE,MD,visa_free,90,,
EE,ME,visa_free,90,,
EE,MG,visa_on_arrival,,,
EE,MH,visa_free,90,,
EE,MK,visa_free,90,,
EE,ML,visa_required,,,
EE,MM,evisa,,,
EE,MN,visa_free,30,,
EE,MR,evisa,,,
EE,MT,visa_free,,,
EE,MU,visa_free,90,,
EE,MV,visa_on_arrival,,,
EE,MW,evisa,,,
EE,MX,visa_free,180,,
EE,MY,visa_free,90,,
EE,MZ,visa_on_arrival,,,
EE,NA,visa_on_arrival,,,
EE,NE,visa_required,,,
EE,NG,evisa,,,
EE,NI,visa_free,90,,
EE,NL,visa_free,,,
EE,NO,visa_free,,,
EE,NP,visa_on_arrival,,,
EE,NR,visa_required,,,
EE,NZ,eta,,,
EE,OM,visa_on_arrival,,,
EE,PA,visa_free,90,,
EE,PE,visa_free,90,,
EE,PG,eta,,,
EE,PH,visa_free,30,,
EE,PK,evisa,,,
EE,PL,visa_free,,,
EE,PS,visa_free,,,
EE,PT,visa_free,,,
EE,PW,visa_free,90,,
EE,PY,visa_free,90,,
EE,QA,visa_on_arrival,,,
EE,RO,visa_free,,,
EE,RS,visa_free,90,,
EE,RU,evisa,,,
EE,RW,visa_on_arrival,,,
EE,SA,visa_on_arrival,,,
EE,SB,visa_free,90,,
EE,SC,visa_free,90,,
EE,SD,visa_required,,,
EE,SE,visa_free,,,
EE,SG,visa_free,90,,
EE,SI,visa_free,,,
EE,SK,visa_free,,,
EE,SL,visa_on_arrival,,,
EE,SM,visa_free,,,
EE,SN,visa_free,90,,
EE,SO,evisa,,,
EE,SR,eta,,,
EE,SS,evisa,,,
EE,ST,visa_free,,,
EE,SV,visa_free,180,,
EE,SY,evisa,,,
EE,SZ,visa_free,30,,
EE,TD,evisa,,,
EE,TG,evisa,,,
EE,TH,visa_free,60,,
EE,TJ,visa_free,30,,
EE,TL,visa_free,90,,
EE,TM,visa_required,,,
EE,TN,visa_free,90,,
EE,TO,visa_free,90,,
EE,TR,visa_free,90,,
EE,TT,visa_free,90,,
EE,TV,visa_free,90,,
EE,TW,visa_free,90,,
EE,TZ,visa_on_arrival,,,
EE,UA,visa_free,90,,
EE,UG,evisa,,,
EE,US,eta,,,
EE,UY,visa_free,90,,
EE,UZ,visa_free,30,,
EE,VA,visa_free,,,
EE,VC,visa_free,90,,
EE,VE,visa_free,90,,
EE,VN,evisa,,,
EE,VU,visa_free,120,,
EE,WS,visa_free,90,,
EE,XK,visa_free,90,,
EE,YE,visa_required,,,
EE,ZA,visa_free,90,,
EE,ZM,visa_free,90,,
EE,ZW,visa_on_arrival,,,
EG,AD,visa_required,,,
EG,AE,evisa,,,
EG,AF,visa_required,,,
EG,AG,evisa,,,
EG,AL,evisa,,,
EG,AM,evisa,,,
EG,AO,visa_required,,,
EG,AR,visa_required,,,
EG,AT,visa_required,,,
EG,AU,evisa,,,
EG,AZ,visa_required,,,
EG,BA,visa_required,,,
EG,BB,visa_free,90,,
EG,BD,visa_required,,,
EG,BE,visa_required,,,
EG,BF,evisa,,,
EG,BG,visa_required,,,
EG,BH,evisa,,,
EG,BI,visa_on_arrival,,,
EG,BJ,visa_free,90,,
EG,BN,visa_required,,,
EG,BO,evisa,,,
EG,BR,visa_required,,,
EG,BS,evisa,,,
EG,BT,evisa,,,
EG,BW,evisa,,,
EG,BY,visa_required,,,
EG,BZ,visa_required,,,
EG,CA,visa_required,,,
EG,CD,evisa,,,
EG,CF,visa_required,,,
EG,CG,visa_required,,,
EG,CH,visa_required,,,
EG,CI,eta,,,
EG,CL,visa_required,,,
EG,CM,evisa,,,
EG,CN,visa_required,,,
EG,CO,evisa,,,
EG,CR,visa_required,,,
EG,CU,evisa,,,
EG,CV,visa_required,,,
EG,CY,visa_required,,,
EG,CZ,visa_required,,,
EG,DE,visa_required,,,
EG,DJ,visa_on_arrival,,,
EG,DK,visa_required,,,
EG,DM,visa_free,21,,
EG,DO,visa_required,,,
EG,DZ,visa_required,,,
EG,EC,evisa,,,
EG,EE,visa_required,,,
EG,ER,visa_required,,,
EG,ES,visa_required,,,
EG,ET,evisa,,,
EG,FI,visa_required,,,
EG,FJ,visa_required,,,
EG,FM,visa_free,30,,
EG,FR,visa_required,,,
EG,GA,evisa,,,
EG,GB,visa_required,,,
EG,GD,visa_required,,,
EG,GE,evisa,,,
EG,GH,visa_on_arrival,,,
EG,GM,visa_free,90,,
EG,GN,visa_free,,,
EG,GQ,evisa,,,
EG,GR,visa_required,,,
EG,GT,visa_required,,,
EG,GW,visa_on_arrival,,,
EG,GY,evisa,,,
EG,HN,visa_required,,,
EG,HR,visa_required,,,
EG,HT,visa_free,90,,
EG,HU,visa_required,,,
EG,ID,visa_on_arrival,,,
EG,IE,visa_required,,,
EG,IL,evisa,,,
EG,IN,visa_required,,,
EG,IQ,evisa,,,
EG,IR,visa_free,21,,
EG,IS,visa_required,,,
EG,IT,visa_required,,,
EG,JM,visa_required,,,
EG,JO,visa_free,30,,
EG,JP,visa_required,,,
EG,KE,visa_free,60,,
EG,KG,evisa,,,
EG,KH,visa_on_arrival,,,
EG,KI,visa_free,90,,
EG,KM,visa_on_arrival,,,
EG,KN,eta,,,
EG,KP,visa_required,,,
EG,KR,evisa,,,
EG,KW,visa_required,,,
EG,KZ,evisa,,,
EG,LA,visa_on_arrival,,,
EG,LB,visa_on_arrival,,,
EG,LC,visa_required,,,
EG,LI,visa_required,,,
EG,LK,eta,,,https://www.immigration.gov.lk/pages_e.php?id=14
EG,LR,visa_required,,,
EG,LS,visa_required,,,
EG,LT,visa_required,,,
EG,LU,visa_required,,,
EG,LV,visa_required,,,
EG,LY,visa_required,,,
EG,MA,visa_required,,,
EG,MC,visa_required,,,
EG,MD,evisa,,,
EG,ME,visa_required,,,
EG,MG,visa_on_arrival,,,
EG,MH,visa_on_arrival,,,
EG,MK,visa_required,,,
EG,ML,visa_required,,,
EG,MM,evisa,,,
EG,MN,visa_required,,,
EG,MR,evisa,,,
EG,MT,visa_required,,,
EG,MU,visa_free,90,,
EG,MV,visa_on_arrival,,,
EG,MW,evisa,,,
EG,MX,visa_required,,,
EG,MY,visa_free,90,,
EG,MZ,visa_on_arrival,,,
EG,NA,evisa,,,
EG,NE,visa_required,,,
EG,NG,evisa,,,
EG,NI,visa_on_arrival,,,
EG,NL,visa_required,,,
EG,NO,visa_required,,,
EG,NP,visa_on_arrival,,,
EG,NR,visa_required,,,
EG,NZ,visa_required,,,
EG,OM,evisa,,,
EG,PA,visa_required,,,
EG,PE,visa_required,,,
EG,PG,evisa,,,
EG,PH,visa_required,,,
EG,PK,evisa,,,
EG,PL,visa_required,,,
EG,PS,visa_free,,,
EG,PT,visa_required,,,
EG,PW,visa_on_arrival,,,
EG,PY,visa_required,,,
EG,QA,evisa,,,
EG,RO,visa_required,,,
EG,RS,visa_required,,,
EG,RU,visa_required,,,
EG,RW,visa_free,30,,
EG,SA,evisa,,,
EG,SB,visa_required,,,
EG,SC,visa_free,90,,
EG,SD,visa_required,,,
EG,SE,visa_required,,,
EG,SG,evisa,,,
EG,SI,visa_required,,,
EG,SK,visa_required,,,
EG,SL,visa_on_arrival,,,
EG,SM,visa_required,,,
EG,SN,visa_on_arrival,,,
EG,SO,evisa,,,
EG,SR,evisa,,,
EG,SS,evisa,,,
EG,ST,evisa,,,
EG,SV,evisa,,,
EG,SY,evisa,,,
EG,SZ,visa_required,,,
EG,TD,evisa,,,
EG,TG,evisa,,,
EG,TH,evisa,,,
EG,TJ,visa_on_arrival,,,
EG,TL,visa_on_arrival,,,
EG,TM,visa_required,,,
EG,TN,visa_required,,,
EG,TO,visa_required,,,
EG,TR,visa_required,,,
EG,TT,visa_required,,,
EG,TV,visa_on_arrival,,,
EG,TW,visa_required,,,
EG,TZ,visa_on_arrival,,,
EG,UA,visa_required,,,
EG,UG,evisa,,,
EG,US,visa_required,,,
EG,UY,visa_required,,,
EG,UZ,evisa,,,
EG,VA,visa_required,,,
EG,VC,visa_free,90,,
EG,VE,visa_required,,,
EG,VN,evisa,,,
EG,VU,evisa,,,
EG,WS,visa_on_arrival,,,
EG,XK,visa_required,,,
EG,YE,visa_on_arrival,,,
EG,ZA,evisa,,,
EG,ZM,evisa,,,
EG,ZW,visa_on_arrival,,,
ER,AD,visa_required,,,
ER,AE,evisa,,,
ER,AF,visa_required,,,
ER,AG,evisa,,,
ER,AL,evisa,,,
ER,AM,visa_required,,,
ER,AO,visa_required,,,
ER,AR,visa_required,,,
ER,AT,visa_required,,,
ER,AU,evisa,,,
ER,AZ,visa_required,,,
ER,BA,visa_required,,,
ER,BB,visa_required,,,
ER,BD,visa_on_arrival,,,
ER,BE,visa_required,,,
ER,BF,evisa,,,
ER,BG,visa_required,,,
ER,BH,evisa,,,
ER,BI,visa_on_arrival,,,
ER,BJ,visa_free,90,,
ER,BN,visa_required,,,
ER,BO,evisa,,,
ER,BR,visa_required,,,
ER,BS,evisa,,,
ER,BT,evisa,,,
ER,BW,evisa,,,
ER,BY,visa_required,,,
ER,BZ,visa_required,,,
ER,CA,visa_required,,,
ER,CD,evisa,,,
ER,CF,visa_required,,,
ER,CG,visa_required,,,
ER,CH,visa_required,,,
ER,CI,eta,,,
ER,CL,visa_required,,,
ER,CM,evisa,,,
ER,CN,visa_required,,,
ER,CO,evisa,,,
ER,CR,visa_required,,,
ER,CU,visa_required,,,
ER,CV,visa_required,,,
ER,CY,visa_required,,,
ER,CZ,visa_required,,,
ER,DE,visa_required,,,
ER,DJ,visa_on_arrival,,,
ER,DK,visa_required,,,
ER,DM,visa_free,21,,
ER,DO,visa_required,,,
ER,DZ,visa_required,,,
ER,EC,evisa,,,
ER,EE,visa_required,,,
ER,EG,visa_required,,,
ER,ES,visa_required,,,
ER,ET,evisa,,,
ER,FI,visa_required,,,
ER,FJ,visa_required,,,
ER,FM,visa_free,30,,
ER,FR,visa_required,,,
ER,GA,evisa,,,
ER,GB,visa_required,,,
ER,GD,visa_required,,,
ER,GE,evisa,,,
ER,GH,visa_on_arrival,,,
ER,GM,visa_free,90,,
ER,GN,evisa,,,
ER,GQ,evisa,,,
ER,GR,visa_required,,,
ER,GT,visa_required,,,
ER,GW,visa_on_arrival,,,
ER,GY,evisa,,,
ER,HN,visa_required,,,
ER,HR,visa_required,,,
ER,HT,visa_free,90,,
ER,HU,visa_required,,,
ER,ID,evisa,,,
ER,IE,visa_required,,,
ER,IL,evisa,,,
ER,IN,evisa,,,
ER,IQ,evisa,,,
ER,IR,visa_on_arrival,,,
ER,IS,visa_required,,,
ER,IT,visa_required,,,
ER,JM,visa_required,,,
ER,JO,visa_required,,,
ER,JP,visa_required,,,
ER,KE,visa_free,90,,
ER,KG,evisa,,,
ER,KH,visa_on_arrival,,,
ER,KI,visa_required,,,
ER,KM,visa_on_arrival,,,
ER,KN,evisa,,,
ER,KP,visa_required,,,
ER,KR,evisa,,,
ER,KW,visa_required,,,
ER,KZ,evisa,,,
ER,LA,visa_on_arrival,,,
ER,LB,visa_required,,,
ER,LC,visa_required,,,
ER,LI,visa_required,,,
ER,LK,eta,,,
ER,LR,evisa,,,
ER,LS,visa_required,,,
ER,LT,visa_required,,,
ER,LU,visa_required,,,
ER,LV,visa_required,,,
ER,LY,evisa,,,
ER,MA,visa_required,,,
ER,MC,visa_required,,,
ER,MD,evisa,,,
ER,ME,visa_required,,,
ER,MG,visa_on_arrival,,,
ER,MH,visa_required,,,
ER,MK,visa_required,,,
ER,ML,visa_required,,,
ER,MM,evisa,,,
ER,MN,evisa,,,
ER,MR,evisa,,,
ER,MT,visa_required,,,
ER,MU,visa_on_arrival,,,
ER,MV,visa_on_arrival,,,
ER,MW,evisa,,,
ER,MX,visa_required,,,
ER,MY,evisa,,,
ER,MZ,evisa,,,
ER,NA,visa_on_arrival,,,
ER,NE,visa_required,,,
ER,NG,evisa,,,
ER,NI,visa_required,,,
ER,NL,visa_required,,,
ER,NO,visa_required,,,
ER,NP,visa_on_arrival,,,
ER,NR,visa_required,,,
ER,NZ,visa_required,,,
ER,OM,evisa,,,
ER,PA,visa_required,,,
ER,PE,visa_required,,,
ER,PG,evisa,,,
ER,PH,visa_free,30,,
ER,PK,evisa,,,
ER,PL,visa_required,,,
ER,PS,visa_required,,,
ER,PT,visa_required,,,
ER,PW,visa_on_arrival,,,
ER,PY,visa_required,,,
ER,QA,evisa,,,
ER,RO,visa_required,,,
ER,RS,visa_required,,,
ER,RU,visa_required,,,
ER,RW,visa_free,30,,
ER,SA,evisa,,,
ER,SB,visa_required,,,
ER,SC,visa_free,90,,
ER,SD,visa_required,,,
ER,SE,visa_required,,,
ER,SG,visa_free,30,,
ER,SI,visa_required,,,
ER,SK,visa_required,,,
ER,SL,visa_on_arrival,,,
ER,SM,visa_required,,,
ER,SN,visa_required,,,
ER,SO,evisa,,,
ER,SR,evisa,,,
ER,SS,evisa,,,
ER,ST,evisa,,,
ER,SV,evisa,,,
ER,SY,evisa,,,
ER,SZ,visa_required,,,
ER,TD,evisa,,,
ER,TG,evisa,,,
ER,TH,evisa,,,
ER,TJ,evisa,,,
ER,TL,visa_on_arrival,,,
ER,TM,visa_required,,,
ER,TN,visa_required,,,
ER,TO,visa_required,,,
ER,TR,visa_required,,,
ER,TT,visa_required,,,
ER,TV,visa_on_arrival,,,
ER,TW,visa_required,,,
ER,TZ,evisa,,,
ER,UA,visa_required,,,
ER,UG,visa_free,90,,
ER,US,no_admission,,,
ER,UY,visa_required,,,
ER,UZ,visa_required,,,
ER,VA,visa_required,,,
ER,VC,visa_free,90,,
ER,VE,visa_required,,,
ER,VN,evisa,,,
ER,VU,evisa,,,
ER,WS,visa_on_arrival,,,
ER,XK,visa_required,,,
ER,YE,visa_required,,,
ER,ZA,visa_required,,,
ER,ZM,visa_on_arrival,,,
ER,ZW,evisa,,,
ES,AD,visa_free,,,
ES,AE,visa_free,90,,
ES,AF,visa_required,,,
ES,AG,visa_free,180,,
ES,AL,visa_free,90,,
ES,AM,visa_free,180,,
ES,AO,visa_free,30,,
ES,AR,visa_free,90,,
ES,AT,visa_free,,,
ES,AU,eta,,,
ES,AZ,evisa,,,
ES,BA,visa_free,90,,
ES,BB,visa_free,90,,
ES,BD,visa_on_arrival,,,
ES,BE,visa_free,,,
ES,BF,evisa,,,
ES,BG,visa_free,,,
ES,BH,visa_on_arrival,,,
ES,BI,visa_on_arrival,,,
ES,BJ,evisa,,,
ES,BN,visa_free,90,,
ES,BO,visa_free,90,,
ES,BR,visa_free,90,,
ES,BS,visa_free,90,,
ES,BT,evisa,,,
ES,BW,visa_free,90,,
ES,BY,visa_free,30,,
ES,BZ,visa_free,,,
ES,CA,eta,,,
ES,CD,evisa,,,
ES,CF,visa_required,,,
ES,CG,visa_required,,,
ES,CH,visa_free,,,
ES,CI,eta,,,
ES,CL,visa_free,90,,
ES,CM,evisa,,,
ES,CN,visa_free,30,,https://www.fmprc.gov.cn/eng/xw/fyrbt/202602/t20260215_11860467.html
ES,CO,visa_free,90,,
ES,CR,visa_free,180,,
ES,CU,evisa,,,
ES,CV,visa_free,30,,
ES,CY,visa_free,,,
ES,CZ,visa_free,,,
ES,DE,visa_free,,,
ES,DJ,visa_on_arrival,,,
ES,DK,visa_free,,,
ES,DM,visa_free,180,,
ES,DO,visa_free,30,,
ES,DZ,visa_required,,,
ES,EC,visa_free,90,,
ES,EE,visa_free,,,
ES,EG,visa_on_arrival,,,
ES,ER,visa_required,,,
ES,ET,visa_on_arrival,,,
ES,FI,visa_free,,,
ES,FJ,visa_free,120,,
ES,FM,visa_free,90,,
ES,FR,visa_free,,,
ES,GA,evisa,,,
ES,GB,eta,,,
ES,GD,visa_free,90,,
ES,GE,visa_free,365,,
ES,GH,visa_required,,,
ES,GM,visa_free,90,,
ES,GN,evisa,,,
ES,GQ,evisa,,,
ES,GR,visa_free,,,
ES,GT,visa_free,90,,
ES,GW,visa_on_arrival,,,
ES,GY,visa_free,90,,
ES,HN,visa_free,90,,
ES,HR,visa_free,,,
ES,HT,visa_free,90,,
ES,HU,visa_free,,,
ES,ID,visa_on_arrival,,,
ES,IE,visa_free,,,
ES,IL,eta,,,
ES,IN,evisa,,,
ES,IQ,evisa,,,
ES,IR,visa_on_arrival,,,
ES,IS,visa_free,,,
ES,IT,visa_free,,,
ES,JM,visa_free,90,,
ES,JO,visa_on_arrival,,,
ES,JP,visa_free,90,,
ES,KE,eta,,,
ES,KG,visa_free,60,,
ES,KH,visa_on_arrival,,,
ES,KI,visa_free,90,,
ES,KM,visa_on_arrival,,,
ES,KN,eta,,,
ES,KP,visa_required,,,
ES,KR,visa_free,90,,
ES,KW,visa_on_arrival,,,
ES,KZ,visa_free,30,,
ES,LA,visa_on_arrival,,,
ES,LB,visa_on_arrival,,,
ES,LC,visa_free,90,,
ES,LI,visa_free,,,
ES,LK,eta,,,
ES,LR,evisa,,,
ES,LS,visa_free,14,,
ES,LT,visa_free,,,
ES,LU,visa_free,,,
ES,LV,visa_free,,,
ES,LY,evisa,,,
ES,MA,visa_free,90,,
ES,MC,visa_free,,,
ES,MD,visa_free,90,,
ES,ME,visa_free,90,,
ES,MG,visa_on_arrival,,,
ES,MH,visa_free,90,,
ES,MK,visa_free,90,,
ES,ML,visa_required,,,
ES,MM,evisa,,,
ES,MN,visa_free,30,,
ES,MR,evisa,,,
ES,MT,visa_free,,,
ES,MU,visa_free,90,,
ES,MV,visa_on_arrival,,,
ES,MW,evisa,,,
ES,MX,visa_free,180,,
ES,MY,visa_free,90,,
ES,MZ,visa_free,30,,
ES,NA,visa_on_arrival,,,
ES,NE,visa_required,,,
ES,NG,evisa,,,
ES,NI,visa_free,90,,
ES,NL,visa_free,,,
ES,NO,visa_free,,,
ES,NP,visa_on_arrival,,,
ES,NR,visa_free,90,,
ES,NZ,eta,,,
ES,OM,visa_on_arrival,,,
ES,PA,visa_free,90,,
ES,PE,visa_free,90,,
ES,PG,eta,,,
ES,PH,visa_free,30,,
ES,PK,evisa,,,
ES,PL,visa_free,,,
ES,PS,visa_free,,,
ES,PT,visa_free,,,
ES,PW,visa_free,90,,
ES,PY,visa_free,90,,
ES,QA,visa_on_arrival,,,
ES,RO,visa_free,,,
ES,RS,visa_free,90,,
ES,RU,evisa,,,
ES,RW,visa_on_arrival,,,
ES,SA,visa_on_arrival,,,
ES,SB,visa_free,90,,
ES,SC,visa_free,90,,
ES,SD,visa_required,,,
ES,SE,visa_free,,,
ES,SG,visa_free,90,,
ES,SI,visa_free,,,
ES,SK,visa_free,,,
ES,SL,visa_on_arrival,,,
ES,SM,visa_free,,,
ES,SN,visa_free,90,,
ES,SO,evisa,,,
ES,SR,eta,,,
ES,SS,evisa,,,
ES,ST,visa_free,15,,
ES,SV,visa_free,180,,
ES,SY,evisa,,,
ES,SZ,visa_free,30,,
ES,TD,evisa,,,
ES,TG,evisa,,,
ES,TH,visa_free,60,,
ES,TJ,visa_free,30,,
ES,TL,visa_free,90,,
ES,TM,visa_required,,,
ES,TN,visa_free,90,,
ES,TO,visa_free,90,,
ES,TR,visa_free,90,,
ES,TT,visa_free,90,,
ES,TV,visa_free,90,,
ES,TW,visa_free,90,,
ES,TZ,visa_on_arrival,,,
ES,UA,visa_free,90,,
ES,UG,evisa,,,
ES,US,eta,,,
ES,UY,visa_free,90,,
ES,UZ,visa_free,30,,
ES,VA,visa_free,,,
ES,VC,visa_free,90,,
ES,VE,visa_free,90,,
ES,VN,visa_free,45,,
ES,VU,visa_free,120,,
ES,WS,visa_free,90,,
ES,XK,visa_free,90,,
ES,YE,visa_required,,,
ES,ZA,visa_free,90,,
ES,ZM,visa_free,90,,
ES,ZW,visa_on_arrival,,,
ET,AD,visa_required,,,
ET,AE,evisa,,,
ET,AF,visa_required,,,
ET,AG,evisa,,,
ET,AL,evisa,,,
ET,AM,visa_required,,,
ET,AO,visa_required,,,
ET,AR,visa_required,,,
ET,AT,visa_required,,,
ET,AU,evisa,,,
ET,AZ,visa_required,,,
ET,BA,visa_required,,,
ET,BB,visa_free,90,,
ET,BD,visa_on_arrival,,,
ET,BE,visa_required,,,
ET,BF,evisa,,,
ET,BG,visa_required,,,
ET,BH,evisa,,,
ET,BI,visa_on_arrival,,,
ET,BJ,visa_free,90,,
ET,BN,visa_required,,,
ET,BO,evisa,,,
ET,BR,visa_required,,,
ET,BS,evisa,,,
ET,BT,evisa,,,
ET,BW,evisa,,,
ET,BY,visa_required,,,
ET,BZ,visa_required,,,
ET,CA,visa_required,,,
ET,CD,evisa,,,
ET,CF,visa_required,,,
ET,CG,visa_required,,,
ET,CH,visa_required,,,
ET,CI,eta,,,
ET,CL,visa_required,,,
ET,CM,evisa,,,
ET,CN,visa_required,,,
ET,CO,evisa,,,
ET,CR,visa_required,,,
ET,CU,visa_required,,,
ET,CV,visa_required,,,
ET,CY,visa_required,,,
ET,CZ,visa_required,,,
ET,DE,visa_required,,,
ET,DJ,visa_on_arrival,,,
ET,DK,visa_required,,,
ET,DM,visa_free,21,,
ET,DO,visa_required,,,
ET,DZ,visa_required,,,
ET,EC,evisa,,,
ET,EE,visa_required,,,
ET,EG,visa_required,,,
ET,ER,visa_on_arrival,,,
ET,ES,visa_required,,,
ET,FI,visa_required,,,
ET,FJ,visa_required,,,
ET,FM,visa_free,30,,
ET,FR,visa_required,,,
ET,GA,evisa,,,
ET,GB,visa_required,,,
ET,GD,visa_required,,,
ET,GE,evisa,,,
ET,GH,visa_on_arrival,,,
ET,GM,visa_free,90,,
ET,GN,evisa,,,
ET,GQ,evisa,,,
ET,GR,visa_required,,,
ET,GT,visa_required,,,
ET,GW,visa_on_arrival,,,
ET,GY,evisa,,,
ET,HN,visa_required,,,
ET,HR,visa_required,,,
ET,HT,visa_free,90,,
ET,HU,visa_required,,,
ET,ID,evisa,,,
ET,IE,visa_required,,,
ET,IL,evisa,,,
ET,IN,visa_required,,,
ET,IQ,evisa,,,
ET,IR,visa_on_arrival,,,
ET,IS,visa_required,,,
ET,IT,visa_required,,,
ET,JM,visa_required,,,
ET,JO,visa_required,,,
ET,JP,visa_required,,,
ET,KE,visa_free,90,,
ET,KG,evisa,,,
ET,KH,visa_on_arrival,,,
ET,KI,visa_required,,,
ET,KM,visa_on_arrival,,,
ET,KN,evisa,,,
ET,KP,visa_required,,,
ET,KR,evisa,,,
ET,KW,visa_required,,,
ET,KZ,evisa,,,
ET,LA,visa_on_arrival,,,
ET,LB,visa_required,,,
ET,LC,visa_on_arrival,,,
ET,LI,visa_required,,,
ET,LK,eta,,,
ET,LR,visa_required,,,
ET,LS,visa_required,,,
ET,LT,visa_required,,,
ET,LU,visa_required,,,
ET,LV,visa_required,,,
ET,LY,evisa,,,
ET,MA,visa_required,,,
ET,MC,visa_required,,,
ET,MD,evisa,,,
ET,ME,visa_required,,,
ET,MG,visa_on_arrival,,,
ET,MH,visa_required,,,
ET,MK,visa_required,,,
ET,ML,visa_required,,,
ET,MM,visa_required,,,
ET,MN,evisa,,,
ET,MR,evisa,,,
ET,MT,visa_required,,,
ET,MU,visa_on_arrival,,,
ET,MV,visa_on_arrival,,,
ET,MW,evisa,,,
ET,MX,visa_required,,,
ET,MY,evisa,,,
ET,MZ,visa_on_arrival,,,
ET,NA,evisa,,,
ET,NE,visa_required,,,
ET,NG,evisa,,,
ET,NI,visa_on_arrival,,,
ET,NL,visa_required,,,
ET,NO,visa_required,,,
ET,NP,visa_required,,,
ET,NR,visa_required,,,
ET,NZ,visa_required,,,
ET,OM,evisa,,,
ET,PA,visa_required,,,
ET,PE,visa_required,,,
ET,PG,evisa,,,
ET,PH,visa_free,30,,
ET,PK,evisa,,,
ET,PL,visa_required,,,
ET,PS,visa_required,,,
ET,PT,visa_required,,,
ET,PW,visa_on_arrival,,,
ET,PY,visa_required,,,
ET,QA,evisa,,,
ET,RO,visa_required,,,
ET,RS,visa_required,,,
ET,RU,visa_required,,,
ET,RW,visa_free,30,,
ET,SA,evisa,,,
ET,SB,visa_required,,,
ET,SC,visa_free,90,,
ET,SD,visa_required,,,
ET,SE,visa_required,,,
ET,SG,visa_free,30,,
ET,SI,visa_required,,,
ET,SK,visa_required,,,
ET,SL,evisa,,,
ET,SM,visa_required,,,
ET,SN,visa_on_arrival,,,
ET,SO,visa_on_arrival,,,
ET,SR,eta,,,
ET,SS,evisa,,,
ET,ST,evisa,,,
ET,SV,evisa,,,
ET,SY,evisa,,,
ET,SZ,visa_required,,,
ET,TD,evisa,,,
ET,TG,evisa,,,
ET,TH,visa_on_arrival,,,
ET,TJ,evisa,,,
ET,TL,visa_on_arrival,,,
ET,TM,visa_required,,,
ET,TN,visa_required,,,
ET,TO,visa_required,,,
ET,TR,visa_required,,,
ET,TT,visa_required,,,
ET,TV,visa_on_arrival,,,
ET,TW,visa_required,,,
ET,TZ,visa_on_arrival,,,
ET,UA,visa_required,,,
ET,UG,evisa,,,
ET,US,visa_required,,,
ET,UY,visa_required,,,
ET,UZ,visa_required,,,
ET,VA,visa_required,,,
ET,VC,visa_free,90,,
ET,VE,visa_required,,,
ET,VN,evisa,,,
ET,VU,evisa,,,
ET,WS,visa_on_arrival,,,
ET,XK,visa_required,,,
ET,YE,visa_required,,,
ET,ZA,evisa,,,
ET,ZM,evisa,,,
ET,ZW,visa_on_arrival,,,
FI,AD,visa_free,,,
FI,AE,visa_free,90,,
FI,AF,visa_required,,,
FI,AG,visa_free,180,,
FI,AL,visa_free,90,,
FI,AM,visa_free,180,,
FI,AO,visa_free,30,,
FI,AR,visa_free,90,,
FI,AT,visa_free,,,
FI,AU,eta,,,
FI,AZ,evisa,,,
FI,BA,visa_free,90,,
FI,BB,visa_free,90,,
FI,BD,visa_on_arrival,,,
FI,BE,visa_free,,,
FI,BF,evisa,,,
FI,BG,visa_free,,,
FI,BH,visa_on_arrival,,,
FI,BI,visa_on_arrival,,,
FI,BJ,evisa,,,
FI,BN,visa_free,90,,
FI,BO,visa_free,90,,
FI,BR,visa_free,90,,
FI,BS,visa_free,90,,
FI,BT,evisa,,,
FI,BW,visa_free,90,,
FI,BY,visa_free,30,,
FI,BZ,visa_free,,,
FI,CA,eta,,,
FI,CD,evisa,,,
FI,CF,visa_required,,,
FI,CG,visa_required,,,
FI,CH,visa_free,,,
FI,CI,eta,,,
FI,CL,visa_free,90,,
FI,CM,evisa,,,
FI,CN,visa_free,30,,https://www.fmprc.gov.cn/eng/xw/fyrbt/202602/t20260215_11860467.html
FI,CO,visa_free,90,,
FI,CR,visa_free,180,,
FI,CU,evisa,,,
FI,CV,visa_free,30,,
FI,CY,visa_free,,,
FI,CZ,visa_free,,,
FI,DE,visa_free,,,
FI,DJ,visa_on_arrival,,,
FI,DK,visa_free,,,
FI,DM,visa_free,180,,
FI,DO,visa_free,30,,
FI,DZ,visa_required,,,
FI,EC,visa_free,90,,
FI,EE,visa_free,,,
FI,EG,visa_on_arrival,,,
FI,ER,visa_required,,,
FI,ES,visa_free,,,
FI,ET,visa_on_arrival,,,
FI,FJ,visa_free,120,,
FI,FM,visa_free,90,,
FI,FR,visa_free,,,
FI,GA,evisa,,,
FI,GB,eta,,,
FI,GD,visa_free,90,,
FI,GE,visa_free,365,,
FI,GH,visa_required,,,
FI,GM,visa_free,90,,
FI,GN,evisa,,,
FI,GQ,evisa,,,
FI,GR,visa_free,,,
FI,GT,visa_free,90,,
FI,GW,visa_on_arrival,,,
FI,GY,visa_free,90,,
FI,HN,visa_free,90,,
FI,HR,visa_free,,,
FI,HT,visa_free,90,,
FI,HU,visa_free,,,
FI,ID,visa_on_arrival,,,
FI,IE,visa_free,,,
FI,IL,eta,,,
FI,IN,evisa,,,
FI,IQ,evisa,,,
FI,IR,visa_on_arrival,,,
FI,IS,visa_free,,,
FI,IT,visa_free,,,
FI,JM,visa_free,90,,
FI,JO,visa_on_arrival,,,
FI,JP,visa_free,90,,
FI,KE,eta,,,
FI,KG,visa_free,60,,
FI,KH,visa_on_arrival,,,
FI,KI,visa_free,90,,
FI,KM,visa_on_arrival,,,
FI,KN,eta,,,
FI,KP,visa_required,,,
FI,KR,visa_free,90,,
FI,KW,visa_on_arrival,,,
FI,KZ,visa_free,30,,
FI,LA,visa_on_arrival,,,
FI,LB,visa_on_arrival,,,
FI,LC,visa_free,90,,
FI,LI,visa_free,,,
FI,LK,eta,,,
FI,LR,evisa,,,
FI,LS,visa_free,14,,
FI,LT,visa_free,,,
FI,LU,visa_free,,,
FI,LV,visa_free,,,
FI,LY,evisa,,,
FI,MA,visa_free,90,,
FI,MC,visa_free,,,
FI,MD,visa_free,90,,
FI,ME,visa_free,90,,
FI,MG,visa_on_arrival,,,
FI,MH,visa_free,90,,
FI,MK,visa_free,90,,
FI,ML,visa_required,,,
FI,MM,evisa,,,
FI,MN,visa_free,30,,
FI,MR,evisa,,,
FI,MT,visa_free,,,
FI,MU,visa_free,90,,
FI,MV,visa_on_arrival,,,
FI,MW,evisa,,,
FI,MX,visa_free,180,,
FI,MY,visa_free,90,,
FI,MZ,visa_free,30,,
FI,NA,visa_on_arrival,,,
FI,NE,visa_required,,,
FI,NG,evisa,,,
FI,NI,visa_free,90,,
FI,NL,visa_free,,,
FI,NO,visa_free,,,
FI,NP,visa_on_arrival,,,
FI,NR,visa_required,,,
FI,NZ,eta,,,
FI,OM,visa_on_arrival,,,
FI,PA,visa_free,90,,
FI,PE,visa_free,90,,
FI,PG,eta,,,
FI,PH,visa_free,30,,
FI,PK,evisa,,,
FI,PL,visa_free,,,
FI,PS,visa_free,,,
FI,PT,visa_free,,,
FI,PW,visa_free,90,,
FI,PY,visa_free,90,,
FI,QA,visa_on_arrival,,,
FI,RO,visa_free,,,
FI,RS,visa_free,90,,
FI,RU,evisa,,,
FI,RW,visa_on_arrival,,,
FI,SA,visa_on_arrival,,,
FI,SB,visa_free,90,,
FI,SC,visa_free,90,,
FI,SD,visa_required,,,
FI,SE,visa_free,,,
FI,SG,visa_free,90,,
FI,SI,visa_free,,,
FI,SK,visa_free,,,
FI,SL,visa_on_arrival,,,
FI,SM,visa_free,,,
FI,SN,visa_free,90,,
FI,SO,evisa,,,
FI,SR,eta,,,
FI,SS,evisa,,,
FI,ST,visa_free,15,,
FI,SV,visa_free,180,,
FI,SY,evisa,,,
FI,SZ,visa_free,30,,
FI,TD,evisa,,,
FI,TG,evisa,,,
FI,TH,visa_free,60,,
FI,TJ,visa_free,30,,
FI,TL,visa_free,90,,
FI,TM,visa_required,,,
FI,TN,visa_free,90,,
FI,TO,visa_free,90,,
FI,TR,visa_free,90,,
FI,TT,visa_free,90,,
FI,TV,visa_free,90,,
FI,TW,visa_free,90,,
FI,TZ,visa_on_arrival,,,
FI,UA,visa_free,90,,
FI,UG,evisa,,,
FI,US,eta,,,
FI,UY,visa_free,90,,
FI,UZ,visa_free,30,,
FI,VA,visa_free,,,
FI,VC,visa_free,90,,
FI,VE,visa_free,90,,
FI,VN,visa_free,45,,
FI,VU,visa_free,120,,
FI,WS,visa_free,90,,
FI,XK,visa_free,90,,
FI,YE,visa_required,,,
FI,ZA,visa_free,90,,
FI,ZM,visa_free,90,,
FI,ZW,visa_on_arrival,,,
FJ,AD,visa_required,,,
FJ,AE,visa_free,90,,
FJ,AF,visa_required,,,
FJ,AG,visa_free,180,,
FJ,AL,evisa,,,
FJ,AM,evisa,,,
FJ,AO,visa_free,30,,
FJ,AR,visa_free,90,,
FJ,AT,visa_required,,,
FJ,AU,evisa,,,
FJ,AZ,visa_required,,,
FJ,BA,visa_required,,,
FJ,BB,visa_free,180,,
FJ,BD,visa_free,90,,
FJ,BE,visa_required,,,
FJ,BF,evisa,,,
FJ,BG,visa_required,,,
FJ,BH,evisa,,,
FJ,BI,visa_on_arrival,,,
FJ,BJ,evisa,,,
FJ,BN,visa_required,,,
FJ,BO,evisa,,,
FJ,BR,visa_free,90,,
FJ,BS,visa_free,90,,
FJ,BT,evisa,,,
FJ,BW,evisa,,,
FJ,BY,visa_required,,,
FJ,BZ,visa_free,,,
FJ,CA,visa_required,,,
FJ,CD,evisa,,,
FJ,CF,visa_required,,,
FJ,CG,visa_required,,,
FJ,CH,visa_required,,,
FJ,CI,eta,,,
FJ,CL,visa_free,90,,
FJ,CM,evisa,,,
FJ,CN,visa_free,30,,
FJ,CO,visa_free,90,,
FJ,CR,visa_free,30,,
FJ,CU,evisa,,,
FJ,CV,visa_on_arrival,,,
FJ,CY,visa_required,,,
FJ,CZ,visa_required,,,
FJ,DE,visa_required,,,
FJ,DJ,visa_on_arrival,,,
FJ,DK,visa_required,,,
FJ,DM,visa_free,21,,
FJ,DO,visa_free,30,,
FJ,DZ,visa_required,,,
FJ,EC,visa_free,90,,
FJ,EE,visa_required,,,
FJ,EG,visa_on_arrival,,,
FJ,ER,visa_required,,,
FJ,ES,visa_required,,,
FJ,ET,evisa,,,
FJ,FI,visa_required,,,
FJ,FM,visa_free,30,,
FJ,FR,visa_required,,,
FJ,GA,evisa,,,
FJ,GB,visa_required,,,
FJ,GD,visa_required,,,
FJ,GE,visa_free,90,,
FJ,GH,visa_required,,,
FJ,GM,visa_free,90,,
FJ,GN,evisa,,,
FJ,GQ,evisa,,,
FJ,GR,visa_required,,,
FJ,GT,visa_free,90,,
FJ,GW,visa_on_arrival,,,
FJ,GY,evisa,,,
FJ,HN,visa_required,,,
FJ,HR,visa_required,,,
FJ,HT,visa_free,90,,
FJ,HU,visa_required,,,
FJ,ID,evisa,,,
FJ,IE,visa_free,90,,
FJ,IL,eta,,,
FJ,IN,evisa,,,
FJ,IQ,evisa,,,
FJ,IR,visa_on_arrival,,,
FJ,IS,visa_required,,,
FJ,IT,visa_required,,,
FJ,JM,visa_free,,,
FJ,JO,visa_on_arrival,,,
FJ,JP,visa_required,,,
FJ,KE,visa_free,90,,
FJ,KG,evisa,,,
FJ,KH,visa_on_arrival,,,
FJ,KI,visa_free,90,,
FJ,KM,visa_on_arrival,,,
FJ,KN,eta,,,
FJ,KP,visa_required,,,
FJ,KR,visa_free,30,,
FJ,KW,visa_required,,,
FJ,KZ,evisa,,,
FJ,LA,visa_on_arrival,,,
FJ,LB,visa_required,,,
FJ,LC,visa_free,42,,
FJ,LI,visa_required,,,
FJ,LK,eta,,,
FJ,LR,evisa,,,
FJ,LS,visa_required,,,
FJ,LT,visa_required,,,
FJ,LU,visa_required,,,
FJ,LV,visa_required,,,
FJ,LY,evisa,,,
FJ,MA,visa_required,,,
FJ,MC,visa_required,,,
FJ,MD,evisa,,,
FJ,ME,visa_required,,,
FJ,MG,visa_on_arrival,,,
FJ,MH,visa_on_arrival,,,
FJ,MK,visa_required,,,
FJ,ML,visa_required,,,
FJ,MM,evisa,,,
FJ,MN,evisa,,,
FJ,MR,evisa,,,
FJ,MT,visa_required,,,
FJ,MU,visa_free,90,,
FJ,MV,visa_on_arrival,,,
FJ,MW,visa_free,90,,
FJ,MX,visa_required,,,
FJ,MY,visa_free,30,,
FJ,MZ,visa_on_arrival,,,
FJ,NA,evisa,,,
FJ,NE,visa_required,,,
FJ,NG,evisa,,,
FJ,NI,visa_free,90,,
FJ,NL,visa_required,,,
FJ,NO,visa_required,,,
FJ,NP,visa_on_arrival,,,
FJ,NR,visa_on_arrival,,,
FJ,NZ,visa_required,,,
FJ,OM,evisa,,,
FJ,PA,visa_free,90,,
FJ,PE,visa_free,180,,
FJ,PG,eta,,,
FJ,PH,visa_free,30,,
FJ,PK,evisa,,,
FJ,PL,visa_required,,,
FJ,PS,visa_free,,,
FJ,PT,visa_required,,,
FJ,PW,visa_on_arrival,,,
FJ,PY,visa_required,,,
FJ,QA,evisa,,,
FJ,RO,visa_required,,,
FJ,RS,visa_required,,,
FJ,RU,visa_free,90,,
FJ,RW,visa_free,30,,
FJ,SA,evisa,,,
FJ,SB,visa_on_arrival,,,
FJ,SC,visa_free,90,,
FJ,SD,visa_required,,,
FJ,SE,visa_required,,,
FJ,SG,visa_free,30,,
FJ,SI,visa_required,,,
FJ,SK,visa_required,,,
FJ,SL,visa_on_arrival,,,
FJ,SM,visa_required,,,
FJ,SN,visa_on_arrival,,,
FJ,SO,evisa,,,
FJ,SR,eta,,,
FJ,SS,evisa,,,
FJ,ST,evisa,,,
FJ,SV,visa_free,180,,
FJ,SY,evisa,,,
FJ,SZ,visa_required,,,
FJ,TD,evisa,,,
FJ,TG,evisa,,,
FJ,TH,visa_free,60,,
FJ,TJ,evisa,,,
FJ,TL,visa_on_arrival,,,
FJ,TM,visa_required,,,
FJ,TN,visa_free,90,,
FJ,TO,visa_on_arrival,,,
FJ,TR,evisa,,,
FJ,TT,visa_required,,,
FJ,TV,visa_on_arrival,,,
FJ,TW,visa_required,,,
FJ,TZ,visa_on_arrival,,,
FJ,UA,evisa,,,
FJ,UG,visa_free,90,,
FJ,US,visa_required,,,
FJ,UY,visa_required,,,
FJ,UZ,evisa,,,
FJ,VA,visa_required,,,
FJ,VC,visa_free,90,,
FJ,VE,visa_required,,,
FJ,VN,evisa,,,
FJ,VU,visa_free,120,,
FJ,WS,visa_on_arrival,,,
FJ,XK,visa_free,90,,
FJ,YE,visa_required,,,
FJ,ZA,visa_required,,,
FJ,ZM,visa_free,90,,
FJ,ZW,visa_free,90,,
FM,AD,visa_free,90,,
FM,AE,evisa,,,
FM,AF,visa_required,,,
FM,AG,evisa,,,
FM,AL,evisa,,,
FM,AM,evisa,,,
FM,AO,visa_free,30,,
FM,AR,visa_required,,,
FM,AT,visa_free,90,,
FM,AU,evisa,,,
FM,AZ,visa_required,,,
FM,BA,visa_free,90,,
FM,BB,visa_free,90,,
FM,BD,visa_on_arrival,,,
FM,BE,visa_free,90,,
FM,BF,evisa,,,
FM,BG,visa_free,90,,
FM,BH,evisa,,,
FM,BI,visa_on_arrival,,,
FM,BJ,evisa,,,
FM,BN,visa_required,,,
FM,BO,evisa,,,
FM,BR,visa_free,90,,
FM,BS,evisa,,,
FM,BT,evisa,,,
FM,BW,evisa,,,
FM,BY,visa_free,30,,
FM,BZ,visa_free,,,
FM,CA,visa_required,,,
FM,CD,evisa,,,
FM,CF,visa_required,,,
FM,CG,visa_required,,,
FM,CH,visa_free,90,,
FM,CI,eta,,,
FM,CL,visa_required,,,
FM,CM,evisa,,,
FM,CN,visa_required,,,
FM,CO,visa_free,90,,
FM,CR,visa_free,30,,
FM,CU,evisa,,,
FM,CV,visa_on_arrival,,,
FM,CY,visa_free,90,,
FM,CZ,visa_free,90,,
FM,DE,visa_free,90,,
FM,DJ,visa_on_arrival,,,
FM,DK,visa_free,90,,
FM,DM,visa_free,21,,
FM,DO,visa_free,30,,
FM,DZ,visa_required,,,
FM,EC,visa_free,90,,
FM,EE,visa_free,90,,
FM,EG,visa_on_arrival,,,
FM,ER,visa_required,,,
FM,ES,visa_free,90,,
FM,ET,evisa,,,
FM,FI,visa_free,90,,
FM,FJ,visa_free,120,,
FM,FR,visa_free,90,,
FM,GA,evisa,,,
FM,GB,eta,,,
FM,GD,visa_free,90,,
FM,GE,evisa,,,
FM,GH,visa_required,,,
FM,GM,visa_required,,,
FM,GN,evisa,,,
FM,GQ,evisa,,,
FM,GR,visa_free,90,,
FM,GT,visa_required,,,
FM,GW,visa_on_arrival,,,
FM,GY,evisa,,,
FM,HN,visa_required,,,
FM,HR,visa_free,90,,
FM,HT,visa_free,90,,
FM,HU,visa_free,90,,
FM,ID,evisa,,,
FM,IE,visa_required,,,
FM,IL,eta,,,
FM,IN,evisa,,,
FM,IQ,evisa,,,
FM,IR,visa_on_arrival,,,
FM,IS,visa_free,90,,
FM,IT,visa_free,90,,
FM,JM,visa_required,,,
FM,JO,visa_required,,,
FM,JP,visa_required,,,
FM,KE,eta,,,
FM,KG,evisa,,,
FM,KH,visa_on_arrival,,,
FM,KI,visa_free,90,,
FM,KM,visa_on_arrival,,,
FM,KN,evisa,,,
FM,KP,visa_required,,,
FM,KR,visa_free,30,,
FM,KW,visa_required,,,
FM,KZ,evisa,,,
FM,LA,visa_on_arrival,,,
FM,LB,visa_required,,,
FM,LC,visa_free,42,,
FM,LI,visa_free,90,,
FM,LK,eta,,,
FM,LR,evisa,,,
FM,LS,visa_required,,,
FM,LT,visa_free,90,,
FM,LU,visa_free,90,,
FM,LV,visa_free,90,,
FM,LY,evisa,,,
FM,MA,visa_required,,,
FM,MC,visa_free,90,,
FM,MD,visa_free,90,,
FM,ME,visa_free,90,,
FM,MG,visa_on_arrival,,,
FM,MH,visa_free,90,,
FM,MK,visa_required,,,
FM,ML,visa_required,,,
FM,MM,visa_required,,,
FM,MN,evisa,,,
FM,MR,evisa,,,
FM,MT,visa_free,90,,
FM,MU,visa_on_arrival,,,
FM,MV,visa_on_arrival,,,
FM,MW,evisa,,,
FM,MX,visa_free,180,,
FM,MY,visa_free,30,,
FM,MZ,visa_on_arrival,,,
FM,NA,evisa,,,
FM,NE,visa_required,,,
FM,NG,evisa,,,
FM,NI,visa_on_arrival,,,
FM,NL,visa_free,90,,
FM,NO,visa_free,90,,
FM,NP,visa_on_arrival,,,
FM,NR,visa_on_arrival,,,
FM,NZ,visa_required,,,
FM,OM,evisa,,,
FM,PA,visa_free,90,,
FM,PE,visa_free,180,,
FM,PG,visa_on_arrival,,,
FM,PH,visa_free,30,,
FM,PK,evisa,,,
FM,PL,visa_free,90,,
FM,PS,visa_free,,,
FM,PT,visa_free,90,,
FM,PW,visa_free,360,,
FM,PY,visa_required,,,
FM,QA,evisa,,,
FM,RO,visa_free,90,,
FM,RS,visa_required,,,
FM,RU,visa_required,,,
FM,RW,visa_on_arrival,,,
FM,SA,visa_required,,,
FM,SB,visa_on_arrival,,,
FM,SC,visa_free,90,,
FM,SD,visa_required,,,
FM,SE,visa_free,90,,
FM,SG,visa_free,30,,
FM,SI,visa_free,90,,
FM,SK,visa_free,90,,
FM,SL,evisa,,,
FM,SM,visa_free,90,,
FM,SN,visa_on_arrival,,,
FM,SO,evisa,,,
FM,SR,eta,,,
FM,SS,evisa,,,
FM,ST,evisa,,,
FM,SV,evisa,,,
FM,SY,evisa,,,
FM,SZ,visa_required,,,
FM,TD,evisa,,,
FM,TG,evisa,,,
FM,TH,evisa,,,
FM,TJ,evisa,,,
FM,TL,visa_on_arrival,,,
FM,TM,visa_required,,,
FM,TN,visa_required,,,
FM,TO,visa_on_arrival,,,
FM,TR,visa_required,,,
FM,TT,visa_required,,,
FM,TV,visa_on_arrival,,,
FM,TW,visa_required,,,
FM,TZ,visa_on_arrival,,,
FM,UA,evisa,,,
FM,UG,evisa,,,
FM,US,visa_free,,,
FM,UY,visa_required,,,
FM,UZ,evisa,,,
FM,VA,visa_free,90,,
FM,VC,visa_free,90,,
FM,VE,visa_required,,,
FM,VN,evisa,,,
FM,VU,visa_free,120,,
FM,WS,visa_on_arrival,,,
FM,XK,visa_free,90,,
FM,YE,visa_required,,,
FM,ZA,visa_required,,,
FM,ZM,visa_free,90,,
FM,ZW,visa_on_arrival,,,
FR,AD,visa_free,,,
FR,AE,visa_free,90,,
FR,AF,visa_required,,,
FR,AG,visa_free,180,,
FR,AL,visa_free,90,,
FR,AM,visa_free,180,,
FR,AO,visa_free,30,,
FR,AR,visa_free,90,,
FR,AT,visa_free,,,
FR,AU,eta,,,
FR,AZ,evisa,,,
FR,BA,visa_free,90,,
FR,BB,visa_free,90,,
FR,BD,visa_on_arrival,,,
FR,BE,visa_free,,,
FR,BF,evisa,,,
FR,BG,visa_free,,,
FR,BH,visa_on_arrival,,,
FR,BI,visa_on_arrival,,,
FR,BJ,evisa,,,
FR,BN,visa_free,90,,
FR,BO,visa_free,90,,
FR,BR,visa_free,90,,
FR,BS,visa_free,90,,
FR,BT,evisa,,,
FR,BW,visa_free,90,,
FR,BY,visa_free,30,,
FR,BZ,visa_free,,,
FR,CA,eta,,,https://www.canada.ca/en/immigration-refugees-citizenship/services/visit-canada/eta.html
FR,CD,evisa,,,
FR,CF,visa_required,,,
FR,CG,visa_required,,,
FR,CH,visa_free,,,
FR,CI,eta,,,
FR,CL,visa_free,90,,
FR,CM,evisa,,,
FR,CN,visa_free,30,,https://www.fmprc.gov.cn/eng/xw/fyrbt/202602/t20260215_11860467.html
FR,CO,visa_free,90,,
FR,CR,visa_free,180,,
FR,CU,evisa,,,
FR,CV,visa_free,30,,https://www.ease.gov.cv/
FR,CY,visa_free,,,
FR,CZ,visa_free,,,
FR,DE,visa_free,,,
FR,DJ,visa_on_arrival,,,
FR,DK,visa_free,,,
FR,DM,visa_free,180,,
FR,DO,visa_free,30,,
FR,DZ,visa_required,,,
FR,EC,visa_free,90,,
FR,EE,visa_free,,,
FR,EG,visa_on_arrival,,,
FR,ER,visa_required,,,
FR,ES,visa_free,,,
FR,ET,visa_on_arrival,,,
FR,FI,visa_free,,,
FR,FJ,visa_free,120,,
FR,FM,visa_free,90,,
FR,GA,evisa,,,
FR,GB,eta,,,https://www.gov.uk/eta
FR,GD,visa_free,90,,
FR,GE,visa_free,365,,
FR,GH,visa_required,,,
FR,GM,visa_free,90,,
FR,GN,evisa,,,
FR,GQ,evisa,,,
FR,GR,visa_free,,,
FR,GT,visa_free,90,,
FR,GW,visa_on_arrival,,,
FR,GY,visa_free,90,,
FR,HN,visa_free,90,,
FR,HR,visa_free,,,
FR,HT,visa_free,90,,
FR,HU,visa_free,,,
FR,ID,visa_on_arrival,,,
FR,IE,visa_free,,,
FR,IL,eta,,,
FR,IN,evisa,,,
FR,IQ,evisa,,,
FR,IR,visa_on_arrival,,,
FR,IS,visa_free,,,
FR,IT,visa_free,,,
FR,JM,visa_free,30,,
FR,JO,visa_on_arrival,,,
FR,JP,visa_free,90,,
FR,KE,eta,,,
FR,KG,visa_free,60,,
FR,KH,visa_on_arrival,,,
FR,KI,visa_free,90,,
FR,KM,visa_on_arrival,,,
FR,KN,eta,,,
FR,KP,visa_required,,,
FR,KR,visa_free,90,,
FR,KW,visa_on_arrival,,,
FR,KZ,visa_free,30,,
FR,LA,visa_on_arrival,,,
FR,LB,visa_on_arrival,,,
FR,LC,visa_free,90,,
FR,LI,visa_free,,,
FR,LK,eta,,,https://www.immigration.gov.lk/pages_e.php?id=14
FR,LR,visa_required,,,
FR,LS,visa_free,14,,
FR,LT,visa_free,,,
FR,LU,visa_free,,,
FR,LV,visa_free,,,
FR,LY,evisa,,,
FR,MA,visa_free,90,,
FR,MC,visa_free,,,
FR,MD,visa_free,90,,
FR,ME,visa_free,90,,
FR,MG,visa_on_arrival,,,
FR,MH,visa_free,90,,
FR,MK,visa_free,90,,
FR,ML,visa_required,,,
FR,MM,evisa,,,
FR,MN,visa_free,30,,
FR,MR,evisa,,,
FR,MT,visa_free,,,
FR,MU,visa_free,90,,
FR,MV,visa_on_arrival,,,
FR,MW,evisa,,,
FR,MX,visa_free,180,,
FR,MY,visa_free,90,,
FR,MZ,visa_free,30,,
FR,NA,visa_on_arrival,,,
FR,NE,visa_required,,,
FR,NG,evisa,,,
FR,NI,visa_free,90,,
FR,NL,visa_free,,,
FR,NO,visa_free,,,
FR,NP,visa_on_arrival,,,
FR,NR,visa_required,,,
FR,NZ,eta,,,
FR,OM,visa_on_arrival,,,
FR,PA,visa_free,90,,
FR,PE,visa_free,90,,
FR,PG,eta,,,
FR,PH,visa_free,30,,
FR,PK,evisa,,,
FR,PL,visa_free,,,
FR,PS,visa_free,,,
FR,PT,visa_free,,,
FR,PW,visa_free,90,,
FR,PY,visa_free,90,,
FR,QA,visa_on_arrival,,,
FR,RO,visa_free,,,
FR,RS,visa_free,90,,
FR,RU,evisa,,,
FR,RW,visa_free,30,,
FR,SA,visa_on_arrival,,,
FR,SB,visa_free,90,,
FR,SC,visa_free,90,,
FR,SD,visa_required,,,
FR,SE,visa_free,,,
FR,SG,visa_free,90,,
FR,SI,visa_free,,,
FR,SK,visa_free,,,
FR,SL,visa_on_arrival,,,
FR,SM,visa_free,,,
FR,SN,visa_free,90,,
FR,SO,evisa,,,
FR,SR,eta,,,
FR,SS,evisa,,,
FR,ST,visa_free,15,,
FR,SV,visa_free,180,,
FR,SY,evisa,,,
FR,SZ,visa_free,30,,
FR,TD,evisa,,,
FR,TG,evisa,,,
FR,TH,visa_free,60,,
FR,TJ,visa_free,30,,
FR,TL,visa_free,90,,
FR,TM,visa_required,,,
FR,TN,visa_free,90,,
FR,TO,visa_free,90,,
FR,TR,visa_free,90,,
FR,TT,visa_free,90,,
FR,TV,visa_free,90,,
FR,TW,visa_free,90,,
FR,TZ,visa_on_arrival,,,
FR,UA,visa_free,90,,
FR,UG,evisa,,,
FR,US,eta,,,https://esta.cbp.dhs.gov/
FR,UY,visa_free,90,,
FR,UZ,visa_free,30,,
FR,VA,visa_free,,,
FR,VC,visa_free,90,,
FR,VE,visa_free,90,,
FR,VN,visa_free,45,,
FR,VU,visa_free,120,,
FR,WS,visa_free,90,,
FR,XK,visa_free,90,,
FR,YE,visa_required,,,
FR,ZA,visa_free,90,,
FR,ZM,visa_free,90,,
FR,ZW,visa_on_arrival,,,
GA,AD,visa_required,,,
GA,AE,evisa,,,
GA,AF,visa_required,,,
GA,AG,evisa,,,
GA,AL,evisa,,,
GA,AM,visa_required,,,
GA,AO,visa_required,,,
GA,AR,visa_required,,,
GA,AT,visa_required,,,
GA,AU,evisa,,,
GA,AZ,visa_required,,,
GA,BA,visa_required,,,
GA,BB,visa_free,90,,
GA,BD,visa_free,90,,
GA,BE,visa_required,,,
GA,BF,evisa,,,
GA,BG,visa_required,,,
GA,BH,evisa,,,
GA,BI,visa_on_arrival,,,
GA,BJ,visa_free,90,,
GA,BN,visa_required,,,
GA,BO,evisa,,,
GA,BR,visa_required,,,
GA,BS,evisa,,,
GA,BT,evisa,,,
GA,BW,evisa,,,
GA,BY,visa_required,,,
GA,BZ,visa_required,,,
GA,CA,visa_required,,,
GA,CD,evisa,,,
GA,CF,visa_free,90,,
GA,CG,visa_free,90,,
GA,CH,visa_required,,,
GA,CI,eta,,,
GA,CL,visa_required,,,
GA,CM,visa_free,90,,
GA,CN,visa_required,,,
GA,CO,evisa,,,
GA,CR,visa_required,,,
GA,CU,evisa,,,
GA,CV,visa_required,,,
GA,CY,visa_required,,,
GA,CZ,visa_required,,,
GA,DE,visa_required,,,
GA,DJ,visa_on_arrival,,,
GA,DK,visa_required,,,
GA,DM,visa_free,21,,
GA,DO,visa_required,,,
GA,DZ,visa_required,,,
GA,EC,visa_free,90,,
GA,EE,visa_required,,,
GA,EG,visa_required,,,
GA,ER,visa_required,,,
GA,ES,visa_required,,,
GA,ET,visa_on_arrival,,,
GA,FI,visa_required,,,
GA,FJ,visa_required,,,
GA,FM,visa_free,30,,
GA,FR,visa_required,,,
GA,GB,visa_required,,,
GA,GD,visa_required,,,
GA,GE,visa_required,,,
GA,GH,visa_on_arrival,,,
GA,GM,visa_free,90,,
GA,GN,evisa,,,
GA,GQ,evisa,,,
GA,GR,visa_required,,,
GA,GT,visa_required,,,
GA,GW,visa_on_arrival,,,
GA,GY,evisa,,,
GA,HN,visa_required,,,
GA,HR,visa_required,,,
GA,HT,visa_free,90,,
GA,HU,visa_required,,,
GA,ID,evisa,,,
GA,IE,visa_required,,,
GA,IL,evisa,,,
GA,IN,evisa,,,
GA,IQ,evisa,,,
GA,IR,visa_on_arrival,,,
GA,IS,visa_required,,,
GA,IT,visa_required,,,
GA,JM,visa_required,,,
GA,JO,visa_required,,,
GA,JP,visa_required,,,
GA,KE,visa_free,60,,
GA,KG,evisa,,,
GA,KH,visa_on_arrival,,,
GA,KI,visa_free,90,,
GA,KM,visa_on_arrival,,,
GA,KN,evisa,,,
GA,KP,visa_required,,,
GA,KR,evisa,,,
GA,KW,visa_required,,,
GA,KZ,evisa,,,
GA,LA,visa_on_arrival,,,
GA,LB,visa_required,,,
GA,LC,visa_on_arrival,,,
GA,LI,visa_required,,,
GA,LK,eta,,,
GA,LR,evisa,,,
GA,LS,visa_required,,,
GA,LT,visa_required,,,
GA,LU,visa_required,,,
GA,LV,visa_required,,,
GA,LY,evisa,,,
GA,MA,visa_free,90,,
GA,MC,visa_required,,,
GA,MD,evisa,,,
GA,ME,visa_required,,,
GA,MG,visa_on_arrival,,,
GA,MH,visa_required,,,
GA,MK,visa_required,,,
GA,ML,visa_required,,,
GA,MM,visa_required,,,
GA,MN,evisa,,,
GA,MR,evisa,,,
GA,MT,visa_required,,,
GA,MU,visa_free,90,,
GA,MV,visa_on_arrival,,,
GA,MW,evisa,,,
GA,MX,visa_required,,,
GA,MY,visa_free,30,,
GA,MZ,visa_on_arrival,,,
GA,NA,visa_on_arrival,,,
GA,NE,visa_required,,,
GA,NG,evisa,,,
GA,NI,visa_on_arrival,,,
GA,NL,visa_required,,,
GA,NO,visa_required,,,
GA,NP,visa_on_arrival,,,
GA,NR,visa_required,,,
GA,NZ,visa_required,,,
GA,OM,evisa,,,
GA,PA,visa_free,90,,
GA,PE,visa_required,,,
GA,PG,evisa,,,
GA,PH,visa_free,30,,
GA,PK,evisa,,,
GA,PL,visa_required,,,
GA,PS,visa_required,,,
GA,PT,visa_required,,,
GA,PW,visa_on_arrival,,,
GA,PY,visa_required,,,
GA,QA,evisa,,,
GA,RO,visa_required,,,
GA,RS,visa_required,,,
GA,RU,visa_required,,,
GA,RW,visa_free,30,,
GA,SA,evisa,,,
GA,SB,visa_required,,,
GA,SC,visa_free,90,,
GA,SD,visa_required,,,
GA,SE,visa_required,,,
GA,SG,visa_free,30,,
GA,SI,visa_required,,,
GA,SK,visa_required,,,
GA,SL,visa_on_arrival,,,
GA,SM,visa_required,,,
GA,SN,visa_on_arrival,,,
GA,SO,evisa,,,
GA,SR,eta,,,
GA,SS,evisa,,,
GA,ST,visa_free,15,,
GA,SV,evisa,,,
GA,SY,evisa,,,
GA,SZ,visa_required,,,
GA,TD,visa_free,90,,
GA,TG,evisa,,,
GA,TH,evisa,,,
GA,TJ,evisa,,,
GA,TL,visa_on_arrival,,,
GA,TM,visa_required,,,
GA,TN,visa_free,90,,
GA,TO,visa_required,,,
GA,TR,visa_required,,,
GA,TT,visa_required,,,
GA,TV,visa_on_arrival,,,
GA,TW,visa_required,,,
GA,TZ,visa_on_arrival,,,
GA,UA,visa_required,,,
GA,UG,evisa,,,
GA,US,visa_required,,,
GA,UY,visa_required,,,
GA,UZ,evisa,,,
GA,VA,visa_required,,,
GA,VC,visa_free,90,,
GA,VE,visa_required,,,
GA,VN,evisa,,,
GA,VU,evisa,,,
GA,WS,visa_on_arrival,,,
GA,XK,visa_required,,,
GA,YE,visa_required,,,
GA,ZA,visa_free,30,,
GA,ZM,evisa,,,
GA,ZW,evisa,,,
GB,AD,visa_free,90,,
GB,AE,visa_free,90,,
GB,AF,visa_required,,,
GB,AG,visa_free,180,,
GB,AL,visa_free,90,,
GB,AM,visa_free,180,,
GB,AO,visa_free,30,,
GB,AR,visa_free,90,,
GB,AT,visa_free,90,,
GB,AU,eta,,,https://immi.homeaffairs.gov.au/
GB,AZ,evisa,,,
GB,BA,visa_free,90,,
GB,BB,visa_free,180,,
GB,BD,visa_on_arrival,,,
GB,BE,visa_free,90,,
GB,BF,evisa,,,
GB,BG,visa_free,90,,
GB,BH,visa_on_arrival,,,
GB,BI,visa_on_arrival,,,
GB,BJ,evisa,,,
GB,BN,visa_free,90,,
GB,BO,visa_free,90,,
GB,BR,visa_free,90,,
GB,BS,visa_free,240,,
GB,BT,evisa,,,
GB,BW,visa_free,90,,
GB,BY,visa_free,30,,
GB,BZ,visa_free,,,
GB,CA,eta,,,
GB,CD,evisa,,,
GB,CF,visa_required,,,
GB,CG,visa_required,,,
GB,CH,visa_free,90,,
GB,CI,eta,,,
GB,CL,visa_free,90,,
GB,CM,evisa,,,
GB,CN,visa_free,30,2026-08-08,https://www.fmprc.gov.cn/eng/xw/fyrbt/202602/t20260215_11860467.html
GB,CO,visa_free,90,,
GB,CR,visa_free,180,,
GB,CU,evisa,,,
GB,CV,visa_free,30,,
GB,CY,visa_free,90,,
GB,CZ,visa_free,90,,
GB,DE,visa_free,90,,https://travel-europe.europa.eu/etias
GB,DJ,visa_on_arrival,,,
GB,DK,visa_free,90,,
GB,DM,visa_free,180,,
GB,DO,visa_free,30,,
GB,DZ,visa_required,,,
GB,EC,visa_free,90,,
GB,EE,visa_free,90,,
GB,EG,visa_on_arrival,,,
GB,ER,visa_required,,,
GB,ES,visa_free,90,,
GB,ET,visa_on_arrival,,,
GB,FI,visa_free,90,,
GB,FJ,visa_free,120,,
GB,FM,visa_free,30,,
GB,FR,visa_free,90,,
GB,GA,evisa,,,
GB,GD,visa_free,90,,
GB,GE,visa_free,365,,
GB,GH,visa_required,,,
GB,GM,visa_free,90,,
GB,GN,evisa,,,
GB,GQ,evisa,,,
GB,GR,visa_free,90,,
GB,GT,visa_free,90,,
GB,GW,visa_on_arrival,,,
GB,GY,visa_free,90,,
GB,HN,visa_required,,,
GB,HR,visa_free,90,,
GB,HT,visa_free,90,,
GB,HU,visa_free,90,,
GB,ID,visa_on_arrival,,,
GB,IE,visa_free,,,
GB,IL,eta,,,
GB,IN,evisa,,,
GB,IQ,evisa,,,
GB,IR,visa_required,,,
GB,IS,visa_free,90,,
GB,IT,visa_free,90,,
GB,JM,visa_free,,,
GB,JO,visa_on_arrival,,,
GB,JP,visa_free,90,,
GB,KE,eta,,,
GB,KG,visa_free,60,,
GB,KH,visa_on_arrival,,,
GB,KI,visa_free,90,,
GB,KM,visa_on_arrival,,,
GB,KN,eta,,,
GB,KP,visa_required,,,
GB,KR,visa_free,90,,
GB,KW,visa_on_arrival,,,
GB,KZ,visa_free,30,,
GB,LA,visa_on_arrival,,,
GB,LB,visa_on_arrival,,,
GB,LC,visa_free,42,,
GB,LI,visa_free,90,,
GB,LK,eta,,,https://www.immigration.gov.lk/pages_e.php?id=14
GB,LR,visa_required,,,
GB,LS,visa_free,,,
GB,LT,visa_free,90,,
GB,LU,visa_free,90,,
GB,LV,visa_free,90,,
GB,LY,evisa,,,
GB,MA,visa_free,90,,
GB,MC,visa_free,90,,
GB,MD,visa_free,90,,
GB,ME,visa_free,90,,
GB,MG,visa_on_arrival,,,
GB,MH,visa_free,90,,
GB,MK,visa_free,90,,
GB,ML,visa_required,,,
GB,MM,evisa,,,
GB,MN,visa_free,30,,
GB,MR,evisa,,,
GB,MT,visa_free,90,,
GB,MU,visa_free,90,,
GB,MV,visa_on_arrival,,,
GB,MW,evisa,,,
GB,MX,visa_free,180,,
GB,MY,visa_free,90,,
GB,MZ,visa_free,30,,
GB,NA,visa_on_arrival,,,
GB,NE,visa_required,,,
GB,NG,evisa,,,
GB,NI,visa_free,90,,
GB,NL,visa_free,90,,
GB,NO,visa_free,90,,
GB,NP,visa_on_arrival,,,
GB,NR,visa_required,,,
GB,NZ,eta,,,
GB,OM,visa_on_arrival,,,
GB,PA,visa_free,90,,
GB,PE,visa_free,180,,
GB,PG,visa_on_arrival,,,
GB,PH,visa_free,30,,
GB,PK,evisa,,,
GB,PL,visa_free,90,,
GB,PS,visa_free,,,
GB,PT,visa_free,90,,
GB,PW,visa_on_arrival,,,
GB,PY,visa_free,90,,
GB,QA,visa_on_arrival,,,
GB,RO,visa_free,90,,
GB,RS,visa_free,90,,
GB,RU,visa_required,,,
GB,RW,visa_free,30,,
GB,SA,visa_on_arrival,,,https://www.gov.uk/foreign-travel-advice/saudi-arabia/entry-requirements
GB,SB,visa_on_arrival,,,
GB,SC,visa_free,90,,
GB,SD,visa_required,,,
GB,SE,visa_free,90,,
GB,SG,visa_free,30,,
GB,SI,visa_free,90,,
GB,SK,visa_free,90,,
GB,SL,visa_on_arrival,,,
GB,SM,visa_free,90,,
GB,SN,visa_free,90,,
GB,SO,evisa,,,
GB,SR,eta,,,
GB,SS,evisa,,,
GB,ST,visa_free,15,,
GB,SV,visa_free,180,,
GB,SY,evisa,,,
GB,SZ,visa_free,30,,
GB,TD,evisa,,,
GB,TG,evisa,,,
GB,TH,visa_free,60,,https://www.thaievisa.go.th/
GB,TJ,evisa,,,
GB,TL,visa_on_arrival,,,
GB,TM,visa_required,,,
GB,TN,visa_free,90,,
GB,TO,visa_on_arrival,,,
GB,TR,visa_free,90,,
GB,TT,visa_free,,,
GB,TV,visa_on_arrival,,,
GB,TW,visa_free,90,,
GB,TZ,visa_on_arrival,,,
GB,UA,visa_free,90,,
GB,UG,evisa,,,
GB,US,eta,,,https://esta.cbp.dhs.gov/
GB,UY,visa_free,90,,
GB,UZ,visa_free,30,,
GB,VA,visa_free,90,,
GB,VC,visa_free,180,,
GB,VE,visa_free,90,,
GB,VN,visa_free,45,,https://mofa.gov.vn/tin-chi-tiet/chi-tiet/viet-nam-39-s-visa-exemption-list-57163-596.html
GB,VU,visa_free,120,,
GB,WS,visa_on_arrival,,,
GB,XK,visa_free,90,,
GB,YE,visa_required,,,
GB,ZA,visa_free,90,,
GB,ZM,visa_free,90,,
GB,ZW,visa_on_arrival,,,
GD,AD,visa_free,90,,
GD,AE,evisa,,,
GD,AF,visa_required,,,
GD,AG,visa_free,,,
GD,AL,evisa,,,
GD,AM,evisa,,,
GD,AO,visa_free,30,,
GD,AR,visa_free,90,,
GD,AT,visa_free,90,,
GD,AU,evisa,,,
GD,AZ,visa_required,,,
GD,BA,visa_free,90,,
GD,BB,visa_free,,,
GD,BD,visa_free,90,,
GD,BE,visa_free,90,,
GD,BF,evisa,,,
GD,BG,visa_free,90,,
GD,BH,evisa,,,
GD,BI,visa_on_arrival,,,
GD,BJ,visa_free,90,,
GD,BN,visa_required,,,
GD,BO,evisa,,,
GD,BR,visa_free,90,,
GD,BS,visa_free,90,,
GD,BT,evisa,,,
GD,BW,visa_free,90,,
GD,BY,visa_required,,,
GD,BZ,visa_free,,,
GD,CA,visa_required,,,
GD,CD,evisa,,,
GD,CF,visa_required,,,
GD,CG,visa_required,,,
GD,CH,visa_free,90,,
GD,CI,eta,,,
GD,CL,visa_free,90,,
GD,CM,evisa,,,
GD,CN,visa_free,30,,
GD,CO,visa_free,90,,
GD,CR,visa_free,30,,
GD,CU,visa_free,60,,
GD,CV,visa_on_arrival,,,
GD,CY,visa_free,90,,
GD,CZ,visa_free,90,,
GD,DE,visa_free,90,,
GD,DJ,visa_on_arrival,,,
GD,DK,visa_free,90,,
GD,DM,visa_free,,,
GD,DO,visa_free,30,,
GD,DZ,visa_required,,,
GD,EC,visa_free,90,,
GD,EE,visa_free,90,,
GD,EG,visa_on_arrival,,,
GD,ER,visa_required,,,
GD,ES,visa_free,90,,
GD,ET,evisa,,,
GD,FI,visa_free,90,,
GD,FJ,visa_free,120,,
GD,FM,visa_free,30,,
GD,FR,visa_free,90,,
GD,GA,evisa,,,
GD,GB,eta,,,
GD,GE,visa_free,90,,
GD,GH,visa_free,30,,
GD,GM,visa_free,90,,
GD,GN,evisa,,,
GD,GQ,evisa,,,
GD,GR,visa_free,90,,
GD,GT,visa_required,,,
GD,GW,visa_on_arrival,,,
GD,GY,visa_free,90,,
GD,HN,visa_required,,,
GD,HR,visa_free,90,,
GD,HT,visa_free,90,,
GD,HU,visa_free,90,,
GD,ID,evisa,,,
GD,IE,visa_free,90,,
GD,IL,eta,,,
GD,IN,evisa,,,
GD,IQ,evisa,,,
GD,IR,visa_on_arrival,,,
GD,IS,visa_free,90,,
GD,IT,visa_free,90,,
GD,JM,visa_free,,,
GD,JO,visa_on_arrival,,,
GD,JP,visa_required,,,
GD,KE,visa_free,90,,
GD,KG,evisa,,,
GD,KH,visa_on_arrival,,,
GD,KI,visa_free,90,,
GD,KM,visa_on_arrival,,,
GD,KN,visa_free,,,
GD,KP,visa_required,,,
GD,KR,eta,,,
GD,KW,visa_required,,,
GD,KZ,evisa,,,
GD,LA,visa_on_arrival,,,
GD,LB,visa_required,,,
GD,LC,visa_free,,,
GD,LI,visa_free,90,,
GD,LK,eta,,,
GD,LR,evisa,,,
GD,LS,visa_free,90,,
GD,LT,visa_free,90,,
GD,LU,visa_free,90,,
GD,LV,visa_free,90,,
GD,LY,evisa,,,
GD,MA,visa_required,,,
GD,MC,visa_free,90,,
GD,MD,visa_free,90,,
GD,ME,visa_free,90,,
GD,MG,visa_on_arrival,,,
GD,MH,visa_required,,,
GD,MK,visa_required,,,
GD,ML,visa_required,,,
GD,MM,visa_required,,,
GD,MN,evisa,,,
GD,MR,evisa,,,
GD,MT,visa_free,90,,
GD,MU,visa_free,90,,
GD,MV,visa_on_arrival,,,
GD,MW,visa_free,90,,
GD,MX,visa_required,,,
GD,MY,visa_free,30,,
GD,MZ,visa_on_arrival,,,
GD,NA,visa_on_arrival,,,
GD,NE,visa_required,,,
GD,NG,evisa,,,
GD,NI,visa_on_arrival,,,
GD,NL,visa_free,90,,
GD,NO,visa_free,90,,
GD,NP,visa_on_arrival,,,
GD,NR,visa_required,,,
GD,NZ,visa_required,,,
GD,OM,evisa,,,
GD,PA,visa_free,90,,
GD,PE,visa_free,180,,
GD,PG,eta,,,
GD,PH,visa_free,30,,
GD,PK,evisa,,,
GD,PL,visa_free,90,,
GD,PS,visa_free,,,
GD,PT,visa_free,90,,
GD,PW,visa_on_arrival,,,
GD,PY,visa_required,,,
GD,QA,evisa,,,
GD,RO,visa_free,90,,
GD,RS,visa_free,90,,
GD,RU,visa_free,90,,
GD,RW,visa_free,30,,
GD,SA,visa_on_arrival,,,
GD,SB,visa_on_arrival,,,
GD,SC,visa_free,90,,
GD,SD,visa_required,,,
GD,SE,visa_free,90,,
GD,SG,visa_free,30,,
GD,SI,visa_free,90,,
GD,SK,visa_free,90,,
GD,SL,visa_on_arrival,,,
GD,SM,visa_free,90,,
GD,SN,visa_on_arrival,,,
GD,SO,evisa,,,
GD,SR,visa_free,180,,
GD,SS,evisa,,,
GD,ST,evisa,,,
GD,SV,evisa,,,
GD,SY,evisa,,,
GD,SZ,visa_free,30,,
GD,TD,evisa,,,
GD,TG,evisa,,,
GD,TH,evisa,,,
GD,TJ,evisa,,,
GD,TL,visa_on_arrival,,,
GD,TM,visa_required,,,
GD,TN,visa_required,,,
GD,TO,visa_required,,,
GD,TR,visa_on_arrival,,,
GD,TT,visa_free,,,
GD,TV,visa_on_arrival,,,
GD,TW,visa_required,,,
GD,TZ,visa_free,90,,
GD,UA,visa_free,90,,
GD,UG,visa_free,90,,
GD,US,visa_required,,,
GD,UY,visa_free,90,,
GD,UZ,visa_free,30,,
GD,VA,visa_free,90,,
GD,VC,visa_free,,,
GD,VE,visa_free,90,,
GD,VN,evisa,,,
GD,VU,visa_free,120,,
GD,WS,visa_on_arrival,,,
GD,XK,visa_free,90,,
GD,YE,visa_required,,,
GD,ZA,visa_required,,,
GD,ZM,visa_free,90,,
GD,ZW,visa_free,90,,
GE,AD,visa_free,90,,
GE,AE,visa_free,90,,
GE,AF,visa_required,,,
GE,AG,visa_free,180,,
GE,AL,visa_free,90,,
GE,AM,visa_free,90,,
GE,AO,visa_required,,,
GE,AR,visa_free,90,,
GE,AT,visa_free,90,,
GE,AU,evisa,,,
GE,AZ,visa_free,90,,
GE,BA,visa_free,90,,
GE,BB,visa_free,28,,
GE,BD,visa_on_arrival,,,
GE,BE,visa_free,90,,
GE,BF,evisa,,,
GE,BG,visa_free,90,,
GE,BH,visa_on_arrival,,,
GE,BI,visa_on_arrival,,,
GE,BJ,evisa,,,
GE,BN,visa_required,,,
GE,BO,evisa,,,
GE,BR,visa_free,90,,
GE,BS,visa_free,90,,
GE,BT,evisa,,,
GE,BW,evisa,,,
GE,BY,visa_free,,,
GE,BZ,visa_required,,,
GE,CA,visa_required,,,
GE,CD,evisa,,,
GE,CF,visa_required,,,
GE,CG,visa_required,,,
GE,CH,visa_free,90,,
GE,CI,eta,,,
GE,CL,visa_free,90,,
GE,CM,evisa,,,
GE,CN,visa_free,30,,
GE,CO,visa_free,90,,
GE,CR,visa_required,,,
GE,CU,evisa,,,
GE,CV,visa_on_arrival,,,
GE,CY,visa_free,90,,
GE,CZ,visa_free,90,,
GE,DE,visa_free,90,,
GE,DJ,visa_on_arrival,,,
GE,DK,visa_free,90,,
GE,DM,visa_free,21,,
GE,DO,visa_free,30,,
GE,DZ,visa_required,,,
GE,EC,visa_free,90,,
GE,EE,visa_free,90,,
GE,EG,visa_on_arrival,,,
GE,ER,visa_required,,,
GE,ES,visa_free,90,,
GE,ET,visa_on_arrival,,,
GE,FI,visa_free,90,,
GE,FJ,visa_free,120,,
GE,FM,visa_free,30,,
GE,FR,visa_free,90,,
GE,GA,evisa,,,
GE,GB,visa_required,,,
GE,GD,visa_free,90,,
GE,GH,visa_required,,,
GE,GM,visa_required,,,
GE,GN,evisa,,,
GE,GQ,evisa,,,
GE,GR,visa_free,90,,
GE,GT,visa_required,,,
GE,GW,visa_on_arrival,,,
GE,GY,evisa,,,
GE,HN,visa_required,,,
GE,HR,visa_free,90,,
GE,HT,visa_free,90,,
GE,HU,visa_free,90,,
GE,ID,evisa,,,
GE,IE,visa_required,,,
GE,IL,eta,,,
GE,IN,evisa,,,
GE,IQ,evisa,,,
GE,IR,visa_free,45,,
GE,IS,visa_free,90,,
GE,IT,visa_free,90,,
GE,JM,visa_on_arrival,,,
GE,JO,visa_on_arrival,,,
GE,JP,visa_required,,,
GE,KE,eta,,,
GE,KG,visa_free,360,,
GE,KH,visa_on_arrival,,,
GE,KI,visa_required,,,
GE,KM,visa_on_arrival,,,
GE,KN,evisa,,,
GE,KP,visa_required,,,
GE,KR,evisa,,,
GE,KW,visa_on_arrival,,,
GE,KZ,visa_free,90,,
GE,LA,visa_on_arrival,,,
GE,LB,visa_on_arrival,,,
GE,LC,visa_free,42,,
GE,LI,visa_free,90,,
GE,LK,eta,,,
GE,LR,evisa,,,
GE,LS,visa_required,,,
GE,LT,visa_free,90,,
GE,LU,visa_free,90,,
GE,LV,visa_free,90,,
GE,LY,evisa,,,
GE,MA,visa_required,,,
GE,MC,visa_free,90,,
GE,MD,visa_free,90,,
GE,ME,visa_free,90,,
GE,MG,visa_on_arrival,,,
GE,MH,visa_on_arrival,,,
GE,MK,visa_free,90,,
GE,ML,visa_required,,,
GE,MM,evisa,,,
GE,MN,visa_required,,,
GE,MR,evisa,,,
GE,MT,visa_free,90,,
GE,MU,visa_free,90,,
GE,MV,visa_on_arrival,,,
GE,MW,evisa,,,
GE,MX,visa_required,,,
GE,MY,visa_free,30,,
GE,MZ,visa_on_arrival,,,
GE,NA,visa_on_arrival,,,
GE,NE,visa_required,,,
GE,NG,evisa,,,
GE,NI,visa_on_arrival,,,
GE,NL,visa_free,90,,
GE,NO,visa_free,90,,
GE,NP,visa_on_arrival,,,
GE,NR,visa_required,,,
GE,NZ,visa_required,,,
GE,OM,visa_on_arrival,,,
GE,PA,visa_required,,,
GE,PE,visa_free,90,,
GE,PG,evisa,,,
GE,PH,visa_required,,,
GE,PK,evisa,,,
GE,PL,visa_free,90,,
GE,PS,visa_free,,,
GE,PT,visa_free,90,,
GE,PW,visa_on_arrival,,,
GE,PY,visa_free,90,,
GE,QA,visa_on_arrival,,,
GE,RO,visa_free,90,,
GE,RS,visa_free,30,,
GE,RU,visa_free,90,,
GE,RW,visa_on_arrival,,,
GE,SA,visa_on_arrival,,,
GE,SB,visa_required,,,
GE,SC,visa_free,90,,
GE,SD,visa_required,,,
GE,SE,visa_free,90,,
GE,SG,evisa,,,
GE,SI,visa_free,90,,
GE,SK,visa_free,90,,
GE,SL,evisa,,,
GE,SM,visa_free,90,,
GE,SN,visa_required,,,
GE,SO,evisa,,,
GE,SR,eta,,,
GE,SS,evisa,,,
GE,ST,evisa,,,
GE,SV,evisa,,,
GE,SY,visa_on_arrival,,,
GE,SZ,visa_required,,,
GE,TD,evisa,,,
GE,TG,evisa,,,
GE,TH,visa_free,60,,
GE,TJ,visa_free,,,
GE,TL,visa_on_arrival,,,
GE,TM,visa_required,,,
GE,TN,visa_required,,,
GE,TO,visa_required,,,
GE,TR,visa_free,90,,
GE,TT,visa_required,,,
GE,TV,visa_on_arrival,,,
GE,TW,visa_required,,,
GE,TZ,visa_on_arrival,,,
GE,UA,visa_free,90,,
GE,UG,evisa,,,
GE,US,visa_required,,,
GE,UY,visa_free,90,,
GE,UZ,visa_free,,,
GE,VA,visa_free,90,,
GE,VC,visa_free,90,,
GE,VE,visa_required,,,
GE,VN,evisa,,,
GE,VU,evisa,,,
GE,WS,visa_on_arrival,,,
GE,XK,visa_required,,,
GE,YE,visa_required,,,
GE,ZA,visa_required,,,
GE,ZM,visa_on_arrival,,,
GE,ZW,visa_on_arrival,,,
GH,AD,visa_required,,,
GH,AE,evisa,,,
GH,AF,visa_required,,,
GH,AG,evisa,,,
GH,AL,evisa,,,
GH,AM,visa_required,,,
GH,AO,visa_required,,,
GH,AR,visa_required,,,
GH,AT,visa_required,,,
GH,AU,evisa,,,
GH,AZ,visa_required,,,
GH,BA,visa_required,,,
GH,BB,visa_free,180,,
GH,BD,visa_free,90,,
GH,BE,visa_required,,,
GH,BF,visa_free,,,
GH,BG,visa_required,,,
GH,BH,evisa,,,
GH,BI,visa_on_arrival,,,
GH,BJ,visa_free,90,,
GH,BN,visa_required,,,
GH,BO,evisa,,,
GH,BR,visa_required,,,
GH,BS,visa_free,90,,
GH,BT,evisa,,,
GH,BW,evisa,,,
GH,BY,visa_required,,,
GH,BZ,visa_free,,,
GH,CA,visa_required,,,
GH,CD,evisa,,,
GH,CF,visa_required,,,
GH,CG,visa_required,,,
GH,CH,visa_required,,,
GH,CI,visa_free,90,,
GH,CL,visa_required,,,
GH,CM,evisa,,,
GH,CN,visa_required,,,
GH,CO,evisa,,,
GH,CR,visa_required,,,
GH,CU,visa_required,,,
GH,CV,visa_free,,,
GH,CY,visa_required,,,
GH,CZ,visa_required,,,
GH,DE,visa_required,,,
GH,DJ,visa_on_arrival,,,
GH,DK,visa_required,,,
GH,DM,visa_free,180,,
GH,DO,visa_required,,,
GH,DZ,visa_required,,,
GH,EC,evisa,,,
GH,EE,visa_required,,,
GH,EG,visa_required,,,
GH,ER,visa_required,,,
GH,ES,visa_required,,,
GH,ET,visa_on_arrival,,,
GH,FI,visa_required,,,
GH,FJ,visa_free,120,,
GH,FM,visa_free,30,,
GH,FR,visa_required,,,
GH,GA,evisa,,,
GH,GB,visa_required,,,
GH,GD,visa_free,90,,
GH,GE,visa_required,,,
GH,GM,visa_free,90,,
GH,GN,visa_free,,,
GH,GQ,evisa,,,
GH,GR,visa_required,,,
GH,GT,visa_required,,,
GH,GW,visa_free,,,
GH,GY,visa_free,90,,
GH,HN,visa_required,,,
GH,HR,visa_required,,,
GH,HT,visa_free,90,,
GH,HU,visa_required,,,
GH,ID,evisa,,,
GH,IE,visa_required,,,
GH,IL,evisa,,,
GH,IN,evisa,,,
GH,IQ,evisa,,,
GH,IR,visa_on_arrival,,,
GH,IS,visa_required,,,
GH,IT,visa_required,,,
GH,JM,visa_free,,,
GH,JO,visa_on_arrival,,,
GH,JP,visa_required,,,
GH,KE,visa_free,90,,
GH,KG,evisa,,,
GH,KH,visa_on_arrival,,,
GH,KI,visa_free,90,,
GH,KM,visa_on_arrival,,,
GH,KN,eta,,,
GH,KP,visa_required,,,
GH,KR,evisa,,,
GH,KW,visa_required,,,
GH,KZ,evisa,,,
GH,LA,visa_required,,,
GH,LB,visa_on_arrival,,,
GH,LC,visa_on_arrival,,,
GH,LI,visa_required,,,
GH,LK,eta,,,
GH,LR,visa_free,,,
GH,LS,visa_required,,,
GH,LT,visa_required,,,
GH,LU,visa_required,,,
GH,LV,visa_required,,,
GH,LY,evisa,,,
GH,MA,eta,,,
GH,MC,visa_required,,,
GH,MD,evisa,,,
GH,ME,visa_required,,,
GH,MG,visa_on_arrival,,,
GH,MH,visa_required,,,
GH,MK,visa_required,,,
GH,ML,visa_free,,,
GH,MM,evisa,,,
GH,MN,evisa,,,
GH,MR,evisa,,,
GH,MT,visa_required,,,
GH,MU,visa_free,90,,
GH,MV,visa_on_arrival,,,
GH,MW,visa_free,90,,
GH,MX,visa_required,,,
GH,MY,evisa,,,
GH,MZ,visa_free,30,,
GH,NA,evisa,,,
GH,NE,visa_free,,,
GH,NG,visa_free,,,
GH,NI,visa_on_arrival,,,
GH,NL,visa_required,,,
GH,NO,visa_required,,,
GH,NP,visa_required,,,
GH,NR,visa_required,,,
GH,NZ,visa_required,,,
GH,OM,evisa,,,
GH,PA,visa_required,,,
GH,PE,visa_required,,,
GH,PG,evisa,,,
GH,PH,visa_free,30,,
GH,PK,evisa,,,
GH,PL,visa_required,,,
GH,PS,visa_required,,,
GH,PT,visa_required,,,
GH,PW,visa_on_arrival,,,
GH,PY,visa_required,,,
GH,QA,evisa,,,
GH,RO,visa_required,,,
GH,RS,visa_required,,,
GH,RU,visa_required,,,
GH,RW,visa_free,90,,
GH,SA,evisa,,,
GH,SB,visa_required,,,
GH,SC,visa_free,90,,
GH,SD,visa_required,,,
GH,SE,visa_required,,,
GH,SG,visa_free,30,,
GH,SI,visa_required,,,
GH,SK,visa_required,,,
GH,SL,visa_free,,,
GH,SM,visa_required,,,
GH,SN,visa_free,90,,
GH,SO,evisa,,,
GH,SR,evisa,,,
GH,SS,evisa,,,
GH,ST,visa_free,90,,
GH,SV,evisa,,,
GH,SY,evisa,,,
GH,SZ,visa_free,30,,
GH,TD,evisa,,,
GH,TG,visa_free,,,
GH,TH,evisa,,,
GH,TJ,evisa,,,
GH,TL,visa_on_arrival,,,
GH,TM,visa_required,,,
GH,TN,visa_required,,,
GH,TO,visa_required,,,
GH,TR,visa_required,,,
GH,TT,visa_free,,,
GH,TV,visa_on_arrival,,,
GH,TW,visa_required,,,
GH,TZ,visa_free,90,,
GH,UA,visa_required,,,
GH,UG,visa_free,90,,
GH,US,visa_required,,,
GH,UY,visa_required,,,
GH,UZ,evisa,,,
GH,VA,visa_required,,,
GH,VC,visa_free,90,,
GH,VE,visa_required,,,
GH,VN,evisa,,,
GH,VU,visa_free,120,,
GH,WS,visa_on_arrival,,,
GH,XK,visa_required,,,
GH,YE,visa_required,,,
GH,ZA,visa_free,90,,
GH,ZM,visa_on_arrival,,,
GH,ZW,visa_free,90,,
GM,AD,visa_required,,,
GM,AE,evisa,,,
GM,AF,visa_required,,,
GM,AG,evisa,,,
GM,AL,evisa,,,
GM,AM,visa_required,,,
GM,AO,visa_required,,,
GM,AR,visa_required,,,
GM,AT,visa_required,,,
GM,AU,evisa,,,
GM,AZ,visa_required,,,
GM,BA,visa_required,,,
GM,BB,visa_free,180,,
GM,BD,visa_free,90,,
GM,BE,visa_required,,,
GM,BF,visa_free,,,
GM,BG,visa_required,,,
GM,BH,evisa,,,
GM,BI,visa_on_arrival,,,
GM,BJ,visa_free,90,,
GM,BN,visa_required,,,
GM,BO,evisa,,,
GM,BR,visa_required,,,
GM,BS,visa_free,90,,
GM,BT,evisa,,,
GM,BW,visa_free,90,,
GM,BY,visa_required,,,
GM,BZ,visa_free,,,
GM,CA,visa_required,,,
GM,CD,evisa,,,
GM,CF,visa_required,,,
GM,CG,visa_required,,,
GM,CH,visa_required,,,
GM,CI,visa_free,90,,
GM,CL,visa_required,,,
GM,CM,evisa,,,
GM,CN,visa_required,,,
GM,CO,evisa,,,
GM,CR,visa_required,,,
GM,CU,evisa,,,
GM,CV,visa_free,,,
GM,CY,visa_required,,,
GM,CZ,visa_required,,,
GM,DE,visa_required,,,
GM,DJ,visa_on_arrival,,,
GM,DK,visa_required,,,
GM,DM,visa_free,180,,
GM,DO,visa_required,,,
GM,DZ,visa_required,,,
GM,EC,evisa,,,
GM,EE,visa_required,,,
GM,EG,visa_required,,,
GM,ER,visa_required,,,
GM,ES,visa_required,,,
GM,ET,visa_on_arrival,,,
GM,FI,visa_required,,,
GM,FJ,visa_free,120,,
GM,FM,visa_free,30,,
GM,FR,visa_required,,,
GM,GA,evisa,,,
GM,GB,visa_required,,,
GM,GD,visa_free,90,,
GM,GE,visa_required,,,
GM,GH,visa_free,90,,
GM,GN,visa_free,,,
GM,GQ,evisa,,,
GM,GR,visa_required,,,
GM,GT,visa_required,,,
GM,GW,visa_free,,,
GM,GY,evisa,,,
GM,HN,visa_required,,,
GM,HR,visa_required,,,
GM,HT,visa_free,90,,
GM,HU,visa_required,,,
GM,ID,evisa,,,
GM,IE,visa_required,,,
GM,IL,evisa,,,
GM,IN,evisa,,,
GM,IQ,evisa,,,
GM,IR,visa_on_arrival,,,
GM,IS,visa_required,,,
GM,IT,visa_required,,,
GM,JM,visa_free,,,
GM,JO,visa_required,,,
GM,JP,visa_required,,,
GM,KE,visa_free,90,,
GM,KG,evisa,,,
GM,KH,visa_on_arrival,,,
GM,KI,visa_free,90,,
GM,KM,visa_on_arrival,,,
GM,KN,eta,,,
GM,KP,visa_required,,,
GM,KR,evisa,,,
GM,KW,visa_required,,,
GM,KZ,evisa,,,
GM,LA,visa_on_arrival,,,
GM,LB,visa_required,,,
GM,LC,visa_on_arrival,,,
GM,LI,visa_required,,,
GM,LK,eta,,,
GM,LR,visa_free,,,
GM,LS,visa_free,90,,
GM,LT,visa_required,,,
GM,LU,visa_required,,,
GM,LV,visa_required,,,
GM,LY,evisa,,,
GM,MA,visa_required,,,
GM,MC,visa_required,,,
GM,MD,evisa,,,
GM,ME,visa_required,,,
GM,MG,visa_on_arrival,,,
GM,MH,visa_required,,,
GM,MK,visa_required,,,
GM,ML,visa_free,,,
GM,MM,visa_required,,,
GM,MN,evisa,,,
GM,MR,visa_free,90,,
GM,MT,visa_required,,,
GM,MU,visa_free,90,,
GM,MV,visa_on_arrival,,,
GM,MW,visa_free,90,,
GM,MX,visa_required,,,
GM,MY,visa_free,30,,
GM,MZ,visa_on_arrival,,,
GM,NA,visa_on_arrival,,,
GM,NE,visa_free,,,
GM,NG,visa_free,,,
GM,NI,visa_on_arrival,,,
GM,NL,visa_required,,,
GM,NO,visa_required,,,
GM,NP,visa_on_arrival,,,
GM,NR,visa_required,,,
GM,NZ,visa_required,,,
GM,OM,evisa,,,
GM,PA,visa_required,,,
GM,PE,visa_required,,,
GM,PG,evisa,,,
GM,PH,visa_free,30,,
GM,PK,evisa,,,
GM,PL,visa_required,,,
GM,PS,visa_required,,,
GM,PT,visa_required,,,
GM,PW,visa_on_arrival,,,
GM,PY,visa_required,,,
GM,QA,evisa,,,
GM,RO,visa_required,,,
GM,RS,visa_required,,,
GM,RU,visa_required,,,
GM,RW,visa_free,30,,
GM,SA,evisa,,,
GM,SB,visa_required,,,
GM,SC,visa_free,90,,
GM,SD,visa_required,,,
GM,SE,visa_required,,,
GM,SG,visa_free,30,,
GM,SI,visa_required,,,
GM,SK,visa_required,,,
GM,SL,visa_free,,,
GM,SM,visa_required,,,
GM,SN,visa_free,90,,
GM,SO,evisa,,,
GM,SR,eta,,,
GM,SS,evisa,,,
GM,ST,evisa,,,
GM,SV,evisa,,,
GM,SY,evisa,,,
GM,SZ,visa_free,30,,
GM,TD,evisa,,,
GM,TG,visa_free,,,
GM,TH,evisa,,,
GM,TJ,evisa,,,
GM,TL,visa_on_arrival,,,
GM,TM,visa_required,,,
GM,TN,visa_free,,,
GM,TO,visa_required,,,
GM,TR,visa_required,,,
GM,TT,visa_free,,,
GM,TV,visa_on_arrival,,,
GM,TW,visa_required,,,
GM,TZ,visa_free,90,,
GM,UA,visa_required,,,
GM,UG,visa_free,90,,
GM,US,visa_required,,,
GM,UY,visa_required,,,
GM,UZ,visa_required,,,
GM,VA,visa_required,,,
GM,VC,visa_free,90,,
GM,VE,visa_required,,,
GM,VN,evisa,,,
GM,VU,visa_free,120,,
GM,WS,visa_on_arrival,,,
GM,XK,visa_required,,,
GM,YE,visa_required,,,
GM,ZA,visa_required,,,
GM,ZM,evisa,,,
GM,ZW,evisa,,,
GN,AD,visa_required,,,
GN,AE,evisa,,,
GN,AF,visa_required,,,
GN,AG,evisa,,,
GN,AL,evisa,,,
GN,AM,visa_required,,,
GN,AO,visa_required,,,
GN,AR,visa_required,,,
GN,AT,visa_required,,,
GN,AU,evisa,,,
GN,AZ,visa_required,,,
GN,BA,visa_required,,,
GN,BB,visa_free,90,,
GN,BD,visa_free,90,,
GN,BE,visa_required,,,
GN,BF,visa_free,,,
GN,BG,visa_required,,,
GN,BH,evisa,,,
GN,BI,visa_on_arrival,,,
GN,BJ,visa_free,90,,
GN,BN,visa_required,,,
GN,BO,evisa,,,
GN,BR,visa_required,,,
GN,BS,evisa,,,
GN,BT,evisa,,,
GN,BW,evisa,,,
GN,BY,visa_required,,,
GN,BZ,visa_required,,,
GN,CA,visa_required,,,
GN,CD,evisa,,,
GN,CF,visa_required,,,
GN,CG,visa_required,,,
GN,CH,visa_required,,,
GN,CI,visa_free,90,,
GN,CL,visa_required,,,
GN,CM,evisa,,,
GN,CN,visa_required,,,
GN,CO,evisa,,,
GN,CR,visa_required,,,
GN,CU,visa_required,,,
GN,CV,visa_free,,,
GN,CY,visa_required,,,
GN,CZ,visa_required,,,
GN,DE,visa_required,,,
GN,DJ,visa_on_arrival,,,
GN,DK,visa_required,,,
GN,DM,visa_free,21,,
GN,DO,visa_required,,,
GN,DZ,visa_required,,,
GN,EC,evisa,,,
GN,EE,visa_required,,,
GN,EG,visa_on_arrival,,,
GN,ER,visa_required,,,
GN,ES,visa_required,,,
GN,ET,visa_on_arrival,,,
GN,FI,visa_required,,,
GN,FJ,visa_required,,,
GN,FM,visa_free,30,,
GN,FR,visa_required,,,
GN,GA,evisa,,,
GN,GB,visa_required,,,
GN,GD,visa_required,,,
GN,GE,visa_required,,,
GN,GH,visa_free,90,,
GN,GM,visa_free,90,,
GN,GQ,evisa,,,
GN,GR,visa_required,,,
GN,GT,visa_required,,,
GN,GW,visa_free,,,
GN,GY,evisa,,,
GN,HN,visa_required,,,
GN,HR,visa_required,,,
GN,HT,visa_free,90,,
GN,HU,visa_required,,,
GN,ID,evisa,,,
GN,IE,visa_required,,,
GN,IL,evisa,,,
GN,IN,evisa,,,
GN,IQ,evisa,,,
GN,IR,visa_on_arrival,,,
GN,IS,visa_required,,,
GN,IT,visa_required,,,
GN,JM,visa_required,,,
GN,JO,visa_required,,,
GN,JP,visa_required,,,
GN,KE,visa_free,60,,
GN,KG,evisa,,,
GN,KH,visa_on_arrival,,,
GN,KI,visa_required,,,
GN,KM,visa_on_arrival,,,
GN,KN,evisa,,,
GN,KP,visa_required,,,
GN,KR,evisa,,,
GN,KW,visa_required,,,
GN,KZ,evisa,,,
GN,LA,visa_on_arrival,,,
GN,LB,visa_required,,,
GN,LC,visa_on_arrival,,,
GN,LI,visa_required,,,
GN,LK,eta,,,
GN,LR,visa_free,,,
GN,LS,visa_required,,,
GN,LT,visa_required,,,
GN,LU,visa_required,,,
GN,LV,visa_required,,,
GN,LY,evisa,,,
GN,MA,eta,,,
GN,MC,visa_required,,,
GN,MD,evisa,,,
GN,ME,visa_required,,,
GN,MG,visa_on_arrival,,,
GN,MH,visa_required,,,
GN,MK,visa_required,,,
GN,ML,visa_free,,,
GN,MM,evisa,,,
GN,MN,evisa,,,
GN,MR,evisa,,,
GN,MT,visa_required,,,
GN,MU,visa_on_arrival,,,
GN,MV,visa_on_arrival,,,
GN,MW,evisa,,,
GN,MX,visa_required,,,
GN,MY,visa_free,30,,
GN,MZ,visa_on_arrival,,,
GN,NA,visa_on_arrival,,,
GN,NE,visa_free,,,
GN,NG,visa_free,,,
GN,NI,visa_on_arrival,,,
GN,NL,visa_required,,,
GN,NO,visa_required,,,
GN,NP,visa_on_arrival,,,
GN,NR,visa_required,,,
GN,NZ,visa_required,,,
GN,OM,evisa,,,
GN,PA,visa_required,,,
GN,PE,visa_required,,,
GN,PG,evisa,,,
GN,PH,visa_free,30,,
GN,PK,evisa,,,
GN,PL,visa_required,,,
GN,PS,visa_required,,,
GN,PT,visa_required,,,
GN,PW,visa_on_arrival,,,
GN,PY,visa_required,,,
GN,QA,evisa,,,
GN,RO,visa_required,,,
GN,RS,visa_required,,,
GN,RU,visa_required,,,
GN,RW,visa_free,90,,
GN,SA,evisa,,,
GN,SB,visa_required,,,
GN,SC,visa_free,90,,
GN,SD,visa_required,,,
GN,SE,visa_required,,,
GN,SG,visa_free,30,,
GN,SI,visa_required,,,
GN,SK,visa_required,,,
GN,SL,visa_free,,,
GN,SM,visa_required,,,
GN,SN,visa_free,90,,
GN,SO,evisa,,,
GN,SR,eta,,,
GN,SS,evisa,,,
GN,ST,evisa,,,
GN,SV,evisa,,,
GN,SY,evisa,,,
GN,SZ,visa_required,,,
GN,TD,evisa,,,
GN,TG,visa_free,,,
GN,TH,evisa,,,
GN,TJ,evisa,,,
GN,TL,visa_on_arrival,,,
GN,TM,visa_required,,,
GN,TN,visa_free,90,,
GN,TO,visa_required,,,
GN,TR,visa_required,,,
GN,TT,visa_required,,,
GN,TV,visa_on_arrival,,,
GN,TW,visa_required,,,
GN,TZ,evisa,,,
GN,UA,visa_required,,,
GN,UG,evisa,,,
GN,US,visa_required,,,
GN,UY,visa_required,,,
GN,UZ,visa_required,,,
GN,VA,visa_required,,,
GN,VC,visa_free,90,,
GN,VE,visa_required,,,
GN,VN,evisa,,,
GN,VU,evisa,,,
GN,WS,visa_on_arrival,,,
GN,XK,visa_required,,,
GN,YE,visa_required,,,
GN,ZA,evisa,,,
GN,ZM,evisa,,,
GN,ZW,evisa,,,
GQ,AD,visa_required,,,
GQ,AE,evisa,,,
GQ,AF,visa_required,,,
GQ,AG,evisa,,,
GQ,AL,evisa,,,
GQ,AM,visa_required,,,
GQ,AO,visa_free,30,,
GQ,AR,visa_required,,,
GQ,AT,visa_required,,,
GQ,AU,evisa,,,
GQ,AZ,visa_required,,,
GQ,BA,visa_required,,,
GQ,BB,visa_free,90,,
GQ,BD,visa_on_arrival,,,
GQ,BE,visa_required,,,
GQ,BF,evisa,,,
GQ,BG,visa_required,,,
GQ,BH,evisa,,,
GQ,BI,visa_on_arrival,,,
GQ,BJ,visa_free,90,,
GQ,BN,visa_required,,,
GQ,BO,evisa,,,
GQ,BR,visa_required,,,
GQ,BS,evisa,,,
GQ,BT,evisa,,,
GQ,BW,evisa,,,
GQ,BY,visa_required,,,
GQ,BZ,visa_required,,,
GQ,CA,visa_required,,,
GQ,CD,evisa,,,
GQ,CF,visa_free,90,,
GQ,CG,visa_free,90,,
GQ,CH,visa_required,,,
GQ,CI,eta,,,
GQ,CL,visa_required,,,
GQ,CM,visa_free,90,,
GQ,CN,visa_required,,,
GQ,CO,evisa,,,
GQ,CR,visa_required,,,
GQ,CU,evisa,,,
GQ,CV,visa_on_arrival,,,
GQ,CY,visa_required,,,
GQ,CZ,visa_required,,,
GQ,DE,visa_required,,,
GQ,DJ,visa_on_arrival,,,
GQ,DK,visa_required,,,
GQ,DM,visa_free,21,,
GQ,DO,visa_required,,,
GQ,DZ,visa_required,,,
GQ,EC,visa_free,90,,
GQ,EE,visa_required,,,
GQ,EG,visa_required,,,
GQ,ER,visa_required,,,
GQ,ES,visa_required,,,
GQ,ET,visa_on_arrival,,,
GQ,FI,visa_required,,,
GQ,FJ,visa_required,,,
GQ,FM,visa_free,30,,
GQ,FR,visa_required,,,
GQ,GA,visa_free,90,,
GQ,GB,visa_required,,,
GQ,GD,visa_required,,,
GQ,GE,evisa,,,
GQ,GH,visa_on_arrival,,,
GQ,GM,visa_free,90,,
GQ,GN,evisa,,,
GQ,GR,visa_required,,,
GQ,GT,visa_required,,,
GQ,GW,visa_on_arrival,,,
GQ,GY,evisa,,,
GQ,HN,visa_required,,,
GQ,HR,visa_required,,,
GQ,HT,visa_free,90,,
GQ,HU,visa_required,,,
GQ,ID,evisa,,,
GQ,IE,visa_required,,,
GQ,IL,evisa,,,
GQ,IN,evisa,,,
GQ,IQ,evisa,,,
GQ,IR,visa_on_arrival,,,
GQ,IS,visa_required,,,
GQ,IT,visa_required,,,
GQ,JM,visa_required,,,
GQ,JO,visa_required,,,
GQ,JP,visa_required,,,
GQ,KE,visa_free,60,,
GQ,KG,evisa,,,
GQ,KH,visa_on_arrival,,,
GQ,KI,visa_required,,,
GQ,KM,visa_on_arrival,,,
GQ,KN,evisa,,,
GQ,KP,visa_required,,,
GQ,KR,evisa,,,
GQ,KW,visa_required,,,
GQ,KZ,evisa,,,
GQ,LA,visa_on_arrival,,,
GQ,LB,visa_required,,,
GQ,LC,visa_on_arrival,,,
GQ,LI,visa_required,,,
GQ,LK,eta,,,
GQ,LR,evisa,,,
GQ,LS,visa_required,,,
GQ,LT,visa_required,,,
GQ,LU,visa_required,,,
GQ,LV,visa_required,,,
GQ,LY,evisa,,,
GQ,MA,visa_required,,,
GQ,MC,visa_required,,,
GQ,MD,evisa,,,
GQ,ME,visa_required,,,
GQ,MG,visa_on_arrival,,,
GQ,MH,visa_required,,,
GQ,MK,visa_required,,,
GQ,ML,visa_required,,,
GQ,MM,visa_required,,,
GQ,MN,evisa,,,
GQ,MR,evisa,,,
GQ,MT,visa_required,,,
GQ,MU,visa_on_arrival,,,
GQ,MV,visa_on_arrival,,,
GQ,MW,evisa,,,
GQ,MX,visa_required,,,
GQ,MY,evisa,,,
GQ,MZ,visa_on_arrival,,,
GQ,NA,visa_on_arrival,,,
GQ,NE,visa_required,,,
GQ,NG,evisa,,,
GQ,NI,visa_on_arrival,,,
GQ,NL,visa_required,,,
GQ,NO,visa_required,,,
GQ,NP,visa_on_arrival,,,
GQ,NR,visa_required,,,
GQ,NZ,visa_required,,,
GQ,OM,evisa,,,
GQ,PA,visa_required,,,
GQ,PE,visa_required,,,
GQ,PG,evisa,,,
GQ,PH,visa_free,30,,
GQ,PK,evisa,,,
GQ,PL,visa_required,,,
GQ,PS,visa_free,,,
GQ,PT,visa_required,,,
GQ,PW,visa_on_arrival,,,
GQ,PY,visa_required,,,
GQ,QA,evisa,,,
GQ,RO,visa_required,,,
GQ,RS,visa_required,,,
GQ,RU,visa_required,,,
GQ,RW,visa_free,30,,
GQ,SA,visa_required,,,
GQ,SB,visa_required,,,
GQ,SC,visa_free,90,,
GQ,SD,visa_required,,,
GQ,SE,visa_required,,,
GQ,SG,visa_free,30,,
GQ,SI,visa_required,,,
GQ,SK,visa_required,,,
GQ,SL,evisa,,,
GQ,SM,visa_required,,,
GQ,SN,visa_on_arrival,,,
GQ,SO,evisa,,,
GQ,SR,eta,,,
GQ,SS,evisa,,,
GQ,ST,visa_free,15,,
GQ,SV,evisa,,,
GQ,SY,evisa,,,
GQ,SZ,visa_required,,,
GQ,TD,visa_free,90,,
GQ,TG,evisa,,,
GQ,TH,evisa,,,
GQ,TJ,evisa,,,
GQ,TL,visa_on_arrival,,,
GQ,TM,visa_required,,,
GQ,TN,visa_free,90,,
GQ,TO,visa_required,,,
GQ,TR,visa_required,,,
GQ,TT,visa_required,,,
GQ,TV,visa_on_arrival,,,
GQ,TW,visa_required,,,
GQ,TZ,visa_free,90,,
GQ,UA,visa_required,,,
GQ,UG,evisa,,,
GQ,US,no_admission,,,
GQ,UY,visa_required,,,
GQ,UZ,visa_required,,,
GQ,VA,visa_required,,,
GQ,VC,visa_free,90,,
GQ,VE,visa_required,,,
GQ,VN,evisa,,,
GQ,VU,evisa,,,
GQ,WS,visa_on_arrival,,,
GQ,XK,visa_required,,,
GQ,YE,visa_required,,,
GQ,ZA,visa_required,,,
GQ,ZM,evisa,,,
GQ,ZW,visa_on_arrival,,,
GR,AD,visa_free,,,
GR,AE,visa_free,90,,
GR,AF,visa_required,,,
GR,AG,visa_free,180,,
GR,AL,visa_free,90,,
GR,AM,visa_free,180,,
GR,AO,visa_free,30,,
GR,AR,visa_free,90,,
GR,AT,visa_free,,,
GR,AU,eta,,,
GR,AZ,evisa,,,
GR,BA,visa_free,90,,
GR,BB,visa_free,90,,
GR,BD,visa_on_arrival,,,
GR,BE,visa_free,,,
GR,BF,evisa,,,
GR,BG,visa_free,,,
GR,BH,visa_on_arrival,,,
GR,BI,visa_on_arrival,,,
GR,BJ,evisa,,,
GR,BN,visa_free,90,,
GR,BO,visa_free,90,,
GR,BR,visa_free,90,,
GR,BS,visa_free,240,,
GR,BT,evisa,,,
GR,BW,visa_free,90,,
GR,BY,visa_free,30,,
GR,BZ,visa_free,,,
GR,CA,eta,,,
GR,CD,evisa,,,
GR,CF,visa_required,,,
GR,CG,visa_required,,,
GR,CH,visa_free,,,
GR,CI,eta,,,
GR,CL,visa_free,90,,
GR,CM,evisa,,,
GR,CN,visa_free,30,,https://www.fmprc.gov.cn/eng/xw/fyrbt/202602/t20260215_11860467.html
GR,CO,visa_free,90,,
GR,CR,visa_free,180,,
GR,CU,evisa,,,
GR,CV,visa_free,30,,
GR,CY,visa_free,,,
GR,CZ,visa_free,,,
GR,DE,visa_free,,,
GR,DJ,visa_on_arrival,,,
GR,DK,visa_free,,,
GR,DM,visa_free,180,,
GR,DO,visa_free,30,,
GR,DZ,visa_required,,,
GR,EC,visa_free,90,,
GR,EE,visa_free,,,
GR,EG,visa_on_arrival,,,
GR,ER,visa_required,,,
GR,ES,visa_free,,,
GR,ET,visa_on_arrival,,,
GR,FI,visa_free,,,
GR,FJ,visa_free,120,,
GR,FM,visa_free,90,,
GR,FR,visa_free,,,
GR,GA,evisa,,,
GR,GB,eta,,,
GR,GD,visa_free,90,,
GR,GE,visa_free,365,,
GR,GH,visa_required,,,
GR,GM,visa_free,90,,
GR,GN,evisa,,,
GR,GQ,evisa,,,
GR,GT,visa_free,90,,
GR,GW,visa_on_arrival,,,
GR,GY,visa_free,90,,
GR,HN,visa_free,90,,
GR,HR,visa_free,,,
GR,HT,visa_free,90,,
GR,HU,visa_free,,,
GR,ID,visa_on_arrival,,,
GR,IE,visa_free,,,
GR,IL,eta,,,
GR,IN,evisa,,,
GR,IQ,evisa,,,
GR,IR,visa_on_arrival,,,
GR,IS,visa_free,,,
GR,IT,visa_free,,,
GR,JM,visa_free,30,,
GR,JO,visa_on_arrival,,,
GR,JP,visa_free,90,,
GR,KE,eta,,,
GR,KG,visa_free,60,,
GR,KH,visa_on_arrival,,,
GR,KI,visa_free,90,,
GR,KM,visa_on_arrival,,,
GR,KN,eta,,,
GR,KP,visa_required,,,
GR,KR,visa_free,90,,
GR,KW,visa_on_arrival,,,
GR,KZ,visa_free,30,,
GR,LA,visa_on_arrival,,,
GR,LB,visa_on_arrival,,,
GR,LC,visa_free,90,,
GR,LI,visa_free,,,
GR,LK,eta,,,
GR,LR,evisa,,,
GR,LS,visa_free,14,,
GR,LT,visa_free,,,
GR,LU,visa_free,,,
GR,LV,visa_free,,,
GR,LY,evisa,,,
GR,MA,visa_free,90,,
GR,MC,visa_free,,,
GR,MD,visa_free,90,,
GR,ME,visa_free,90,,
GR,MG,visa_on_arrival,,,
GR,MH,visa_free,90,,
GR,MK,visa_free,90,,
GR,ML,visa_required,,,
GR,MM,evisa,,,
GR,MN,visa_free,30,,
GR,MR,evisa,,,
GR,MT,visa_free,,,
GR,MU,visa_free,90,,
GR,MV,visa_on_arrival,,,
GR,MW,evisa,,,
GR,MX,visa_free,180,,
GR,MY,visa_free,90,,
GR,MZ,visa_on_arrival,,,
GR,NA,visa_on_arrival,,,
GR,NE,visa_required,,,
GR,NG,evisa,,,
GR,NI,visa_free,90,,
GR,NL,visa_free,,,
GR,NO,visa_free,,,
GR,NP,visa_on_arrival,,,
GR,NR,visa_required,,,
GR,NZ,eta,,,
GR,OM,visa_on_arrival,,,
GR,PA,visa_free,90,,
GR,PE,visa_free,180,,
GR,PG,eta,,,
GR,PH,visa_free,30,,
GR,PK,evisa,,,
GR,PL,visa_free,,,
GR,PS,visa_free,,,
GR,PT,visa_free,,,
GR,PW,visa_free,90,,
GR,PY,visa_free,90,,
GR,QA,visa_on_arrival,,,
GR,RO,visa_free,,,
GR,RS,visa_free,90,,
GR,RU,evisa,,,
GR,RW,visa_free,30,,
GR,SA,visa_on_arrival,,,
GR,SB,visa_free,90,,
GR,SC,visa_free,90,,
GR,SD,visa_required,,,
GR,SE,visa_free,,,
GR,SG,visa_free,90,,
GR,SI,visa_free,,,
GR,SK,visa_free,,,
GR,SL,visa_on_arrival,,,
GR,SM,visa_free,,,
GR,SN,visa_free,90,,
GR,SO,evisa,,,
GR,SR,eta,,,
GR,SS,evisa,,,
GR,ST,visa_free,15,,
GR,SV,visa_free,180,,
GR,SY,evisa,,,
GR,SZ,visa_free,30,,
GR,TD,evisa,,,
GR,TG,evisa,,,
GR,TH,visa_free,60,,
GR,TJ,visa_free,30,,
GR,TL,visa_free,90,,
GR,TM,visa_required,,,
GR,TN,visa_free,30,,
GR,TO,visa_free,90,,
GR,TR,visa_free,90,,
GR,TT,visa_free,90,,
GR,TV,visa_free,90,,
GR,TW,visa_free,90,,
GR,TZ,visa_on_arrival,,,
GR,UA,visa_free,90,,
GR,UG,evisa,,,
GR,US,eta,,,
GR,UY,visa_free,90,,
GR,UZ,visa_free,30,,
GR,VA,visa_free,,,
GR,VC,visa_free,90,,
GR,VE,visa_free,90,,
GR,VN,evisa,,,
GR,VU,visa_free,120,,
GR,WS,visa_free,90,,
GR,XK,visa_free,90,,
GR,YE,visa_required,,,
GR,ZA,visa_free,90,,
GR,ZM,visa_free,90,,
GR,ZW,visa_on_arrival,,,
GT,AD,visa_free,90,,
GT,AE,evisa,,,
GT,AF,visa_required,,,
GT,AG,evisa,,,
GT,AL,visa_free,90,,
GT,AM,evisa,,,
GT,AO,visa_required,,,
GT,AR,visa_free,90,,
GT,AT,visa_free,90,,
GT,AU,evisa,,,
GT,AZ,evisa,,,
GT,BA,visa_free,90,,
GT,BB,visa_free,90,,
GT,BD,visa_on_arrival,,,
GT,BE,visa_free,90,,
GT,BF,evisa,,,
GT,BG,visa_free,90,,
GT,BH,evisa,,,
GT,BI,visa_on_arrival,,,
GT,BJ,evisa,,,
GT,BN,visa_required,,,
GT,BO,evisa,,,
GT,BR,visa_free,90,,
GT,BS,visa_free,90,,
GT,BT,evisa,,,
GT,BW,evisa,,,
GT,BY,visa_required,,,
GT,BZ,visa_free,30,,
GT,CA,visa_required,,,
GT,CD,evisa,,,
GT,CF,visa_required,,,
GT,CG,visa_required,,,
GT,CH,visa_free,90,,
GT,CI,eta,,,
GT,CL,visa_free,90,,
GT,CM,evisa,,,
GT,CN,visa_required,,,
GT,CO,visa_free,90,,
GT,CR,visa_free,30,,
GT,CU,evisa,,,
GT,CV,visa_required,,,
GT,CY,visa_free,90,,
GT,CZ,visa_free,90,,
GT,DE,visa_free,90,,
GT,DJ,visa_on_arrival,,,
GT,DK,visa_free,90,,
GT,DM,visa_free,21,,
GT,DO,visa_free,30,,
GT,DZ,visa_required,,,
GT,EC,visa_free,90,,
GT,EE,visa_free,90,,
GT,EG,visa_required,,,
GT,ER,visa_required,,,
GT,ES,visa_free,90,,
GT,ET,evisa,,,
GT,FI,visa_free,90,,
GT,FJ,visa_required,,,
GT,FM,visa_free,30,,
GT,FR,visa_free,90,,
GT,GA,evisa,,,
GT,GB,eta,,,
GT,GD,visa_required,,,
GT,GE,evisa,,,
GT,GH,visa_required,,,
GT,GM,visa_required,,,
GT,GN,evisa,,,
GT,GQ,evisa,,,
GT,GR,visa_free,90,,
GT,GW,visa_on_arrival,,,
GT,GY,evisa,,,
GT,HN,visa_free,90,,
GT,HR,visa_free,90,,
GT,HT,visa_free,90,,
GT,HU,visa_free,90,,
GT,ID,visa_on_arrival,,,
GT,IE,visa_free,90,,
GT,IL,eta,,,
GT,IN,evisa,,,
GT,IQ,evisa,,,
GT,IR,visa_on_arrival,,,
GT,IS,visa_free,90,,
GT,IT,visa_free,90,,
GT,JM,visa_free,30,,
GT,JO,visa_on_arrival,,,
GT,JP,visa_free,90,,
GT,KE,eta,,,
GT,KG,evisa,,,
GT,KH,visa_on_arrival,,,
GT,KI,visa_free,90,,
GT,KM,visa_on_arrival,,,
GT,KN,eta,,,
GT,KP,visa_required,,,
GT,KR,eta,,,
GT,KW,visa_required,,,
GT,KZ,evisa,,,
GT,LA,visa_on_arrival,,,
GT,LB,visa_required,,,
GT,LC,visa_on_arrival,,,
GT,LI,visa_free,90,,
GT,LK,eta,,,
GT,LR,evisa,,,
GT,LS,visa_required,,,
GT,LT,visa_free,90,,
GT,LU,visa_free,90,,
GT,LV,visa_free,90,,
GT,LY,evisa,,,
GT,MA,evisa,,,
GT,MC,visa_free,90,,
GT,MD,visa_free,90,,
GT,ME,visa_free,90,,
GT,MG,visa_on_arrival,,,
GT,MH,visa_on_arrival,,,
GT,MK,visa_free,90,,
GT,ML,visa_required,,,
GT,MM,evisa,,,
GT,MN,evisa,,,
GT,MR,evisa,,,
GT,MT,visa_free,90,,
GT,MU,visa_on_arrival,,,
GT,MV,visa_on_arrival,,,
GT,MW,evisa,,,
GT,MX,visa_required,,,
GT,MY,visa_free,30,,
GT,MZ,visa_on_arrival,,,
GT,NA,evisa,,,
GT,NE,visa_required,,,
GT,NG,evisa,,,
GT,NI,visa_free,90,,
GT,NL,visa_free,90,,
GT,NO,visa_free,90,,
GT,NP,visa_on_arrival,,,
GT,NR,visa_required,,,
GT,NZ,visa_required,,,
GT,OM,evisa,,,
GT,PA,visa_free,90,,
GT,PE,visa_free,90,,
GT,PG,evisa,,,
GT,PH,visa_free,30,,
GT,PK,evisa,,,
GT,PL,visa_free,90,,
GT,PS,visa_free,,,
GT,PT,visa_free,90,,
GT,PW,visa_on_arrival,,,
GT,PY,visa_free,90,,
GT,QA,evisa,,,
GT,RO,visa_free,90,,
GT,RS,visa_required,,,
GT,RU,visa_free,90,,
GT,RW,visa_on_arrival,,,
GT,SA,evisa,,,
GT,SB,visa_required,,,
GT,SC,visa_free,90,,
GT,SD,visa_required,,,
GT,SE,visa_free,90,,
GT,SG,visa_free,30,,
GT,SI,visa_free,90,,
GT,SK,visa_free,90,,
GT,SL,evisa,,,
GT,SM,visa_free,90,,
GT,SN,visa_on_arrival,,,
GT,SO,evisa,,,
GT,SR,eta,,,
GT,SS,evisa,,,
GT,ST,evisa,,,
GT,SV,visa_free,180,,
GT,SY,evisa,,,
GT,SZ,visa_required,,,
GT,TD,evisa,,,
GT,TG,evisa,,,
GT,TH,visa_free,60,,
GT,TJ,evisa,,,
GT,TL,visa_on_arrival,,,
GT,TM,visa_required,,,
GT,TN,visa_required,,,
GT,TO,visa_required,,,
GT,TR,visa_free,90,,
GT,TT,visa_free,90,,
GT,TV,visa_on_arrival,,,
GT,TW,visa_free,90,,
GT,TZ,visa_on_arrival,,,
GT,UA,evisa,,,
GT,UG,evisa,,,
GT,US,visa_required,,,
GT,UY,visa_free,90,,
GT,UZ,visa_free,30,,
GT,VA,visa_free,90,,
GT,VC,visa_free,90,,
GT,VE,visa_required,,,
GT,VN,evisa,,,
GT,VU,evisa,,,
GT,WS,visa_on_arrival,,,
GT,XK,visa_free,90,,
GT,YE,visa_required,,,
GT,ZA,visa_required,,,
GT,ZM,visa_free,90,,
GT,ZW,visa_on_arrival,,,
GW,AD,visa_required,,,
GW,AE,evisa,,,
GW,AF,visa_required,,,
GW,AG,evisa,,,
GW,AL,evisa,,,
GW,AM,visa_required,,,
GW,AO,visa_required,,,
GW,AR,visa_required,,,
GW,AT,visa_required,,,
GW,AU,evisa,,,
GW,AZ,visa_required,,,
GW,BA,visa_required,,,
GW,BB,visa_free,90,,
GW,BD,visa_free,90,,
GW,BE,visa_required,,,
GW,BF,visa_free,,,
GW,BG,visa_required,,,
GW,BH,evisa,,,
GW,BI,visa_on_arrival,,,
GW,BJ,visa_free,90,,
GW,BN,visa_required,,,
GW,BO,evisa,,,
GW,BR,visa_required,,,
GW,BS,evisa,,,
GW,BT,evisa,,,
GW,BW,evisa,,,
GW,BY,visa_required,,,
GW,BZ,visa_required,,,
GW,CA,visa_required,,,
GW,CD,evisa,,,
GW,CF,visa_required,,,
GW,CG,visa_required,,,
GW,CH,visa_required,,,
GW,CI,visa_free,90,,
GW,CL,visa_required,,,
GW,CM,evisa,,,
GW,CN,visa_required,,,
GW,CO,evisa,,,
GW,CR,visa_required,,,
GW,CU,evisa,,,
GW,CV,visa_free,,,
GW,CY,visa_required,,,
GW,CZ,visa_required,,,
GW,DE,visa_required,,,
GW,DJ,visa_on_arrival,,,
GW,DK,visa_required,,,
GW,DM,visa_free,21,,
GW,DO,visa_required,,,
GW,DZ,visa_required,,,
GW,EC,evisa,,,
GW,EE,visa_required,,,
GW,EG,visa_required,,,
GW,ER,visa_required,,,
GW,ES,visa_required,,,
GW,ET,visa_on_arrival,,,
GW,FI,visa_required,,,
GW,FJ,visa_required,,,
GW,FM,visa_free,30,,
GW,FR,visa_required,,,
GW,GA,evisa,,,
GW,GB,visa_required,,,
GW,GD,visa_required,,,
GW,GE,evisa,,,
GW,GH,visa_free,90,,
GW,GM,visa_free,90,,
GW,GN,visa_free,,,
GW,GQ,evisa,,,
GW,GR,visa_required,,,
GW,GT,visa_required,,,
GW,GY,evisa,,,
GW,HN,visa_required,,,
GW,HR,visa_required,,,
GW,HT,visa_free,90,,
GW,HU,visa_required,,,
GW,ID,evisa,,,
GW,IE,visa_required,,,
GW,IL,evisa,,,
GW,IN,visa_required,,,
GW,IQ,evisa,,,
GW,IR,visa_on_arrival,,,
GW,IS,visa_required,,,
GW,IT,visa_required,,,
GW,JM,visa_required,,,
GW,JO,visa_required,,,
GW,JP,visa_required,,,
GW,KE,visa_free,60,,
GW,KG,evisa,,,
GW,KH,visa_on_arrival,,,
GW,KI,visa_required,,,
GW,KM,visa_on_arrival,,,
GW,KN,evisa,,,
GW,KP,visa_required,,,
GW,KR,evisa,,,
GW,KW,visa_required,,,
GW,KZ,evisa,,,
GW,LA,visa_required,,,
GW,LB,visa_required,,,
GW,LC,visa_on_arrival,,,
GW,LI,visa_required,,,
GW,LK,eta,,,
GW,LR,visa_free,,,
GW,LS,visa_required,,,
GW,LT,visa_required,,,
GW,LU,visa_required,,,
GW,LV,visa_required,,,
GW,LY,evisa,,,
GW,MA,visa_required,,,
GW,MC,visa_required,,,
GW,MD,evisa,,,
GW,ME,visa_required,,,
GW,MG,visa_on_arrival,,,
GW,MH,visa_required,,,
GW,MK,visa_required,,,
GW,ML,visa_free,,,
GW,MM,visa_required,,,
GW,MN,evisa,,,
GW,MR,evisa,,,
GW,MT,visa_required,,,
GW,MU,visa_on_arrival,,,
GW,MV,visa_on_arrival,,,
GW,MW,evisa,,,
GW,MX,visa_required,,,
GW,MY,evisa,,,
GW,MZ,visa_on_arrival,,,
GW,NA,visa_on_arrival,,,
GW,NE,visa_free,,,
GW,NG,visa_free,,,
GW,NI,visa_on_arrival,,,
GW,NL,visa_required,,,
GW,NO,visa_required,,,
GW,NP,visa_on_arrival,,,
GW,NR,visa_required,,,
GW,NZ,visa_required,,,
GW,OM,evisa,,,
GW,PA,visa_required,,,
GW,PE,visa_required,,,
GW,PG,evisa,,,
GW,PH,visa_free,30,,
GW,PK,evisa,,,
GW,PL,visa_required,,,
GW,PS,visa_required,,,
GW,PT,visa_required,,,
GW,PW,visa_on_arrival,,,
GW,PY,visa_required,,,
GW,QA,evisa,,,
GW,RO,visa_required,,,
GW,RS,visa_required,,,
GW,RU,visa_required,,,
GW,RW,visa_free,30,,
GW,SA,evisa,,,
GW,SB,visa_required,,,
GW,SC,visa_free,90,,
GW,SD,visa_required,,,
GW,SE,visa_required,,,
GW,SG,visa_free,30,,
GW,SI,visa_required,,,
GW,SK,visa_required,,,
GW,SL,visa_free,,,
GW,SM,visa_required,,,
GW,SN,visa_free,90,,
GW,SO,evisa,,,
GW,SR,eta,,,
GW,SS,evisa,,,
GW,ST,visa_free,,,
GW,SV,evisa,,,
GW,SY,evisa,,,
GW,SZ,visa_required,,,
GW,TD,evisa,,,
GW,TG,visa_free,,,
GW,TH,evisa,,,
GW,TJ,evisa,,,
GW,TL,visa_on_arrival,,,
GW,TM,visa_required,,,
GW,TN,visa_free,90,,
GW,TO,visa_required,,,
GW,TR,visa_required,,,
GW,TT,visa_required,,,
GW,TV,visa_on_arrival,,,
GW,TW,visa_required,,,
GW,TZ,evisa,,,
GW,UA,visa_required,,,
GW,UG,evisa,,,
GW,US,visa_required,,,
GW,UY,visa_required,,,
GW,UZ,visa_required,,,
GW,VA,visa_required,,,
GW,VC,visa_free,90,,
GW,VE,visa_required,,,
GW,VN,evisa,,,
GW,VU,evisa,,,
GW,WS,visa_on_arrival,,,
GW,XK,visa_required,,,
GW,YE,visa_required,,,
GW,ZA,visa_required,,,
GW,ZM,evisa,,,
GW,ZW,evisa,,,
GY,AD,visa_required,,,
GY,AE,visa_free,90,,
GY,AF,visa_required,,,
GY,AG,visa_free,180,,
GY,AL,visa_free,90,,
GY,AM,evisa,,,
GY,AO,visa_free,30,,
GY,AR,visa_free,90,,
GY,AT,visa_required,,,
GY,AU,evisa,,,
GY,AZ,visa_required,,,
GY,BA,visa_required,,,
GY,BB,visa_free,,,
GY,BD,visa_on_arrival,,,
GY,BE,visa_required,,,
GY,BF,evisa,,,
GY,BG,visa_required,,,
GY,BH,visa_on_arrival,,,
GY,BI,visa_on_arrival,,,
GY,BJ,evisa,,,
GY,BN,visa_required,,,
GY,BO,evisa,,,
GY,BR,visa_free,90,,
GY,BS,visa_free,90,,
GY,BT,evisa,,,
GY,BW,visa_free,90,,
GY,BY,visa_required,,,
GY,BZ,visa_free,,,
GY,CA,visa_required,,,
GY,CD,evisa,,,
GY,CF,visa_required,,,
GY,CG,visa_required,,,
GY,CH,visa_required,,,
GY,CI,eta,,,
GY,CL,visa_free,90,,
GY,CM,evisa,,,
GY,CN,visa_required,,,
GY,CO,visa_free,90,,
GY,CR,visa_free,30,,
GY,CU,evisa,,,
GY,CV,visa_required,,,
GY,CY,visa_required,,,
GY,CZ,visa_required,,,
GY,DE,visa_required,,,
GY,DJ,visa_on_arrival,,,
GY,DK,visa_required,,,
GY,DM,visa_free,180,,
GY,DO,visa_free,30,,
GY,DZ,visa_required,,,
GY,EC,visa_free,90,,
GY,EE,visa_required,,,
GY,EG,visa_on_arrival,,,
GY,ER,visa_required,,,
GY,ES,visa_required,,,
GY,ET,evisa,,,
GY,FI,visa_required,,,
GY,FJ,visa_free,120,,
GY,FM,visa_free,30,,
GY,FR,visa_required,,,
GY,GA,evisa,,,
GY,GB,eta,,,
GY,GD,visa_free,90,,
GY,GE,evisa,,,
GY,GH,visa_free,90,,
GY,GM,visa_free,90,,
GY,GN,evisa,,,
GY,GQ,evisa,,,
GY,GR,visa_required,,,
GY,GT,visa_required,,,
GY,GW,visa_on_arrival,,,
GY,HN,visa_required,,,
GY,HR,visa_required,,,
GY,HT,visa_free,90,,
GY,HU,visa_required,,,
GY,ID,evisa,,,
GY,IE,visa_free,90,,
GY,IL,evisa,,,
GY,IN,evisa,,,
GY,IQ,evisa,,,
GY,IR,visa_on_arrival,,,
GY,IS,visa_required,,,
GY,IT,visa_required,,,
GY,JM,visa_free,,,
GY,JO,visa_on_arrival,,,
GY,JP,visa_required,,,
GY,KE,visa_free,90,,
GY,KG,evisa,,,
GY,KH,visa_on_arrival,,,
GY,KI,visa_free,90,,
GY,KM,visa_on_arrival,,,
GY,KN,eta,,,
GY,KP,visa_required,,,
GY,KR,eta,,,
GY,KW,visa_required,,,
GY,KZ,evisa,,,
GY,LA,visa_on_arrival,,,
GY,LB,visa_required,,,
GY,LC,visa_free,42,,
GY,LI,visa_required,,,
GY,LK,eta,,,
GY,LR,evisa,,,
GY,LS,visa_free,90,,
GY,LT,visa_required,,,
GY,LU,visa_required,,,
GY,LV,visa_required,,,
GY,LY,evisa,,,
GY,MA,visa_required,,,
GY,MC,visa_required,,,
GY,MD,evisa,,,
GY,ME,visa_required,,,
GY,MG,visa_on_arrival,,,
GY,MH,visa_required,,,
GY,MK,visa_required,,,
GY,ML,visa_required,,,
GY,MM,visa_required,,,
GY,MN,evisa,,,
GY,MR,evisa,,,
GY,MT,visa_required,,,
GY,MU,visa_free,90,,
GY,MV,visa_free,30,,
GY,MW,evisa,,,
GY,MX,visa_required,,,
GY,MY,visa_free,30,,
GY,MZ,visa_on_arrival,,,
GY,NA,evisa,,,
GY,NE,visa_required,,,
GY,NG,evisa,,,
GY,NI,visa_on_arrival,,,
GY,NL,visa_required,,,
GY,NO,visa_required,,,
GY,NP,visa_on_arrival,,,
GY,NR,visa_required,,,
GY,NZ,visa_required,,,
GY,OM,evisa,,,
GY,PA,visa_free,90,,
GY,PE,visa_free,180,,
GY,PG,eta,,,
GY,PH,visa_free,30,,
GY,PK,evisa,,,
GY,PL,visa_required,,,
GY,PS,visa_free,,,
GY,PT,visa_required,,,
GY,PW,visa_on_arrival,,,
GY,PY,visa_required,,,
GY,QA,visa_on_arrival,,,
GY,RO,visa_required,,,
GY,RS,visa_required,,,
GY,RU,visa_free,90,,
GY,RW,visa_free,30,,
GY,SA,evisa,,,
GY,SB,visa_on_arrival,,,
GY,SC,visa_free,90,,
GY,SD,visa_required,,,
GY,SE,visa_required,,,
GY,SG,visa_free,30,,
GY,SI,visa_required,,,
GY,SK,visa_required,,,
GY,SL,visa_on_arrival,,,
GY,SM,visa_required,,,
GY,SN,visa_required,,,
GY,SO,evisa,,,
GY,SR,visa_free,180,,
GY,SS,evisa,,,
GY,ST,evisa,,,
GY,SV,evisa,,,
GY,SY,evisa,,,
GY,SZ,visa_free,30,,
GY,TD,evisa,,,
GY,TG,evisa,,,
GY,TH,evisa,,,
GY,TJ,evisa,,,
GY,TL,visa_on_arrival,,,
GY,TM,visa_required,,,
GY,TN,visa_required,,,
GY,TO,visa_required,,,
GY,TR,visa_required,,,
GY,TT,visa_free,,,
GY,TV,visa_on_arrival,,,
GY,TW,visa_required,,,
GY,TZ,visa_free,90,,
GY,UA,visa_required,,,
GY,UG,evisa,,,
GY,US,visa_required,,,
GY,UY,visa_free,90,,
GY,UZ,evisa,,,
GY,VA,visa_required,,,
GY,VC,visa_free,180,,
GY,VE,visa_required,,,
GY,VN,evisa,,,
GY,VU,visa_free,120,,
GY,WS,visa_on_arrival,,,
GY,XK,visa_free,90,,
GY,YE,visa_required,,,
GY,ZA,visa_free,30,,
GY,ZM,visa_free,90,,
GY,ZW,visa_on_arrival,,,
HN,AD,visa_free,90,,
HN,AE,visa_free,90,,
HN,AF,visa_required,,,
HN,AG,evisa,,,
HN,AL,visa_free,90,,
HN,AM,evisa,,,
HN,AO,visa_required,,,
HN,AR,visa_free,90,,
HN,AT,visa_free,90,,
HN,AU,evisa,,,
HN,AZ,evisa,,,
HN,BA,visa_free,90,,
HN,BB,visa_free,90,,
HN,BD,visa_on_arrival,,,
HN,BE,visa_free,90,,
HN,BF,evisa,,,
HN,BG,visa_free,90,,
HN,BH,evisa,,,
HN,BI,visa_on_arrival,,,
HN,BJ,evisa,,,
HN,BN,visa_required,,,
HN,BO,visa_free,30,,
HN,BR,visa_free,90,,
HN,BS,visa_free,90,,
HN,BT,evisa,,,
HN,BW,evisa,,,
HN,BY,visa_required,,,
HN,BZ,visa_free,30,,
HN,CA,visa_required,,,
HN,CD,evisa,,,
HN,CF,visa_required,,,
HN,CG,visa_required,,,
HN,CH,visa_free,90,,
HN,CI,eta,,,
HN,CL,visa_free,90,,
HN,CM,evisa,,,
HN,CN,visa_required,,,
HN,CO,visa_free,90,,
HN,CR,visa_free,180,,
HN,CU,evisa,,,
HN,CV,visa_required,,,
HN,CY,visa_free,90,,
HN,CZ,visa_free,90,,
HN,DE,visa_free,90,,
HN,DJ,visa_on_arrival,,,
HN,DK,visa_free,90,,
HN,DM,visa_free,21,,
HN,DO,visa_free,30,,
HN,DZ,visa_required,,,
HN,EC,visa_free,90,,
HN,EE,visa_free,90,,
HN,EG,visa_on_arrival,,,
HN,ER,visa_required,,,
HN,ES,visa_free,90,,
HN,ET,evisa,,,
HN,FI,visa_free,90,,
HN,FJ,visa_required,,,
HN,FM,visa_free,30,,
HN,FR,visa_free,90,,
HN,GA,evisa,,,
HN,GB,visa_required,,,
HN,GD,visa_required,,,
HN,GE,visa_free,365,,
HN,GH,visa_required,,,
HN,GM,visa_required,,,
HN,GN,evisa,,,
HN,GQ,evisa,,,
HN,GR,visa_free,90,,
HN,GT,visa_free,90,,
HN,GW,visa_on_arrival,,,
HN,GY,evisa,,,
HN,HR,visa_free,90,,
HN,HT,visa_free,90,,
HN,HU,visa_free,90,,
HN,ID,evisa,,,
HN,IE,visa_required,,,
HN,IL,eta,,,
HN,IN,evisa,,,
HN,IQ,evisa,,,
HN,IR,visa_on_arrival,,,
HN,IS,visa_free,90,,
HN,IT,visa_free,90,,
HN,JM,visa_required,,,
HN,JO,visa_on_arrival,,,
HN,JP,visa_free,90,,
HN,KE,eta,,,
HN,KG,evisa,,,
HN,KH,visa_on_arrival,,,
HN,KI,visa_free,90,,
HN,KM,visa_on_arrival,,,
HN,KN,eta,,,
HN,KP,visa_required,,,
HN,KR,eta,,,
HN,KW,visa_required,,,
HN,KZ,evisa,,,
HN,LA,visa_on_arrival,,,
HN,LB,visa_required,,,
HN,LC,visa_on_arrival,,,
HN,LI,visa_free,90,,
HN,LK,eta,,,
HN,LR,evisa,,,
HN,LS,visa_required,,,
HN,LT,visa_free,90,,
HN,LU,visa_free,90,,
HN,LV,visa_free,90,,
HN,LY,evisa,,,
HN,MA,visa_required,,,
HN,MC,visa_free,90,,
HN,MD,visa_free,90,,
HN,ME,visa_free,90,,
HN,MG,visa_on_arrival,,,
HN,MH,visa_on_arrival,,,
HN,MK,visa_free,90,,
HN,ML,visa_required,,,
HN,MM,visa_required,,,
HN,MN,evisa,,,
HN,MR,evisa,,,
HN,MT,visa_free,90,,
HN,MU,visa_on_arrival,,,
HN,MV,visa_on_arrival,,,
HN,MW,evisa,,,
HN,MX,visa_required,,,
HN,MY,visa_free,30,,
HN,MZ,visa_on_arrival,,,
HN,NA,evisa,,,
HN,NE,visa_required,,,
HN,NG,evisa,,,
HN,NI,visa_free,90,,
HN,NL,visa_free,90,,
HN,NO,visa_free,90,,
HN,NP,visa_on_arrival,,,
HN,NR,visa_required,,,
HN,NZ,visa_required,,,
HN,OM,evisa,,,
HN,PA,visa_free,90,,
HN,PE,visa_free,180,,
HN,PG,evisa,,,
HN,PH,visa_free,30,,
HN,PK,evisa,,,
HN,PL,visa_free,90,,
HN,PS,visa_free,,,
HN,PT,visa_free,90,,
HN,PW,visa_on_arrival,,,
HN,PY,visa_free,90,,
HN,QA,evisa,,,
HN,RO,visa_free,90,,
HN,RS,visa_required,,,
HN,RU,visa_free,90,,
HN,RW,visa_on_arrival,,,
HN,SA,evisa,,,
HN,SB,visa_required,,,
HN,SC,visa_free,90,,
HN,SD,visa_required,,,
HN,SE,visa_free,90,,
HN,SG,visa_free,30,,
HN,SI,visa_free,90,,
HN,SK,visa_free,90,,
HN,SL,evisa,,,
HN,SM,visa_free,90,,
HN,SN,visa_on_arrival,,,
HN,SO,evisa,,,
HN,SR,eta,,,
HN,SS,evisa,,,
HN,ST,evisa,,,
HN,SV,visa_free,180,,
HN,SY,evisa,,,
HN,SZ,visa_required,,,
HN,TD,evisa,,,
HN,TG,evisa,,,
HN,TH,evisa,,,
HN,TJ,evisa,,,
HN,TL,visa_on_arrival,,,
HN,TM,visa_required,,,
HN,TN,visa_free,90,,
HN,TO,visa_required,,,
HN,TR,visa_free,90,,
HN,TT,visa_free,90,,
HN,TV,visa_on_arrival,,,
HN,TW,visa_free,90,,
HN,TZ,visa_on_arrival,,,
HN,UA,evisa,,,
HN,UG,evisa,,,
HN,US,visa_required,,,
HN,UY,visa_free,90,,
HN,UZ,visa_free,30,,
HN,VA,visa_free,,,
HN,VC,visa_free,90,,
HN,VE,visa_required,,,
HN,VN,evisa,,,
HN,VU,evisa,,,
HN,WS,visa_on_arrival,,,
HN,XK,visa_free,90,,
HN,YE,visa_required,,,
HN,ZA,visa_required,,,
HN,ZM,visa_on_arrival,,,
HN,ZW,visa_on_arrival,,,
HR,AD,visa_free,,,
HR,AE,visa_free,90,,
HR,AF,visa_required,,,
HR,AG,visa_free,180,,
HR,AL,visa_free,90,,
HR,AM,visa_free,180,,
HR,AO,visa_free,30,,
HR,AR,visa_free,90,,
HR,AT,visa_free,,,
HR,AU,eta,,,
HR,AZ,evisa,,,
HR,BA,visa_free,90,,
HR,BB,visa_free,90,,
HR,BD,visa_on_arrival,,,
HR,BE,visa_free,,,
HR,BF,evisa,,,
HR,BG,visa_free,,,
HR,BH,visa_on_arrival,,,
HR,BI,visa_on_arrival,,,
HR,BJ,evisa,,,
HR,BN,visa_free,90,,
HR,BO,visa_free,90,,
HR,BR,visa_free,90,,
HR,BS,visa_free,90,,
HR,BT,evisa,,,
HR,BW,visa_free,90,,
HR,BY,visa_free,30,,
HR,BZ,visa_free,,,
HR,CA,eta,,,
HR,CD,evisa,,,
HR,CF,visa_required,,,
HR,CG,visa_required,,,
HR,CH,visa_free,,,
HR,CI,eta,,,
HR,CL,visa_free,90,,
HR,CM,evisa,,,
HR,CN,visa_free,30,,https://www.fmprc.gov.cn/eng/xw/fyrbt/202602/t20260215_11860467.html
HR,CO,visa_free,90,,
HR,CR,visa_free,180,,
HR,CU,evisa,,,
HR,CV,visa_free,30,,
HR,CY,visa_free,,,
HR,CZ,visa_free,,,
HR,DE,visa_free,,,
HR,DJ,visa_on_arrival,,,
HR,DK,visa_free,,,
HR,DM,visa_free,180,,
HR,DO,visa_free,30,,
HR,DZ,visa_required,,,
HR,EC,visa_free,90,,
HR,EE,visa_free,,,
HR,EG,visa_on_arrival,,,
HR,ER,visa_required,,,
HR,ES,visa_free,,,
HR,ET,visa_on_arrival,,,
HR,FI,visa_free,,,
HR,FJ,visa_free,120,,
HR,FM,visa_free,90,,
HR,FR,visa_free,,,
HR,GA,evisa,,,
HR,GB,eta,,,
HR,GD,visa_free,90,,
HR,GE,visa_free,365,,
HR,GH,visa_required,,,
HR,GM,visa_free,90,,
HR,GN,evisa,,,
HR,GQ,evisa,,,
HR,GR,visa_free,,,
HR,GT,visa_free,90,,
HR,GW,visa_on_arrival,,,
HR,GY,evisa,,,
HR,HN,visa_free,90,,
HR,HT,visa_free,90,,
HR,HU,visa_free,,,
HR,ID,visa_on_arrival,,,
HR,IE,visa_free,,,
HR,IL,eta,,,
HR,IN,evisa,,,
HR,IQ,evisa,,,
HR,IR,visa_free,15,,
HR,IS,visa_free,,,
HR,IT,visa_free,,,
HR,JM,visa_on_arrival,,,
HR,JO,visa_on_arrival,,,
HR,JP,visa_free,90,,
HR,KE,eta,,,
HR,KG,visa_free,60,,
HR,KH,visa_on_arrival,,,
HR,KI,visa_free,90,,
HR,KM,visa_on_arrival,,,
HR,KN,eta,,,
HR,KP,visa_required,,,
HR,KR,visa_free,90,,
HR,KW,visa_on_arrival,,,
HR,KZ,visa_free,30,,
HR,LA,visa_on_arrival,,,
HR,LB,visa_on_arrival,,,
HR,LC,visa_free,90,,
HR,LI,visa_free,,,
HR,LK,eta,,,
HR,LR,evisa,,,
HR,LS,visa_free,14,,
HR,LT,visa_free,,,
HR,LU,visa_free,,,
HR,LV,visa_free,,,
HR,LY,evisa,,,
HR,MA,visa_free,90,,
HR,MC,visa_free,,,
HR,MD,visa_free,90,,
HR,ME,visa_free,90,,
HR,MG,visa_on_arrival,,,
HR,MH,visa_free,90,,
HR,MK,visa_free,90,,
HR,ML,visa_required,,,
HR,MM,evisa,,,
HR,MN,visa_free,30,,
HR,MR,evisa,,,
HR,MT,visa_free,,,
HR,MU,visa_free,90,,
HR,MV,visa_on_arrival,,,
HR,MW,evisa,,,
HR,MX,visa_free,180,,
HR,MY,visa_free,90,,
HR,MZ,visa_on_arrival,,,
HR,NA,visa_on_arrival,,,
HR,NE,visa_required,,,
HR,NG,evisa,,,
HR,NI,visa_free,90,,
HR,NL,visa_free,,,
HR,NO,visa_free,,,
HR,NP,visa_on_arrival,,,
HR,NR,visa_required,,,
HR,NZ,eta,,,
HR,OM,visa_on_arrival,,,
HR,PA,visa_free,90,,
HR,PE,visa_free,90,,
HR,PG,eta,,,
HR,PH,visa_free,30,,
HR,PK,evisa,,,
HR,PL,visa_free,,,
HR,PS,visa_free,,,
HR,PT,visa_free,,,
HR,PW,visa_free,90,,
HR,PY,visa_free,90,,
HR,QA,visa_on_arrival,,,
HR,RO,visa_free,,,
HR,RS,visa_free,90,,
HR,RU,evisa,,,
HR,RW,visa_on_arrival,,,
HR,SA,visa_on_arrival,,,
HR,SB,visa_free,90,,
HR,SC,visa_free,90,,
HR,SD,visa_required,,,
HR,SE,visa_free,,,
HR,SG,visa_free,90,,
HR,SI,visa_free,,,
HR,SK,visa_free,,,
HR,SL,visa_on_arrival,,,
HR,SM,visa_free,,,
HR,SN,visa_free,90,,
HR,SO,evisa,,,
HR,SR,eta,,,
HR,SS,evisa,,,
HR,ST,visa_free,15,,
HR,SV,visa_free,180,,
HR,SY,evisa,,,
HR,SZ,visa_free,30,,
HR,TD,evisa,,,
HR,TG,evisa,,,
HR,TH,visa_free,60,,
HR,TJ,visa_free,30,,
HR,TL,visa_free,90,,
HR,TM,visa_required,,,
HR,TN,visa_free,90,,
HR,TO,visa_free,90,,
HR,TR,visa_free,90,,
HR,TT,visa_free,90,,
HR,TV,visa_free,90,,
HR,TW,visa_free,90,,
HR,TZ,visa_on_arrival,,,
HR,UA,visa_free,90,,
HR,UG,evisa,,,
HR,US,eta,,,
HR,UY,visa_free,90,,
HR,UZ,visa_free,30,,
HR,VA,visa_free,,,
HR,VC,visa_free,90,,
HR,VE,visa_free,90,,
HR,VN,visa_free,45,,
HR,VU,visa_free,120,,
HR,WS,visa_free,90,,
HR,XK,visa_free,90,,
HR,YE,visa_required,,,
HR,ZA,visa_free,90,,
HR,ZM,visa_free,90,,
HR,ZW,visa_on_arrival,,,
HT,AD,visa_required,,,
HT,AE,evisa,,,
HT,AF,visa_required,,,
HT,AG,evisa,,,
HT,AL,evisa,,,
HT,AM,evisa,,,
HT,AO,visa_free,30,,
HT,AR,visa_required,,,
HT,AT,visa_required,,,
HT,AU,evisa,,,
HT,AZ,visa_required,,,
HT,BA,visa_required,,,
HT,BB,visa_required,,,
HT,BD,visa_on_arrival,,,
HT,BE,visa_required,,,
HT,BF,evisa,,,
HT,BG,visa_required,,,
HT,BH,evisa,,,
HT,BI,visa_on_arrival,,,
HT,BJ,visa_free,90,,
HT,BN,visa_required,,,
HT,BO,evisa,,,
HT,BR,visa_required,,,
HT,BS,evisa,,,
HT,BT,evisa,,,
HT,BW,evisa,,,
HT,BY,visa_required,,,
HT,BZ,visa_required,,,
HT,CA,visa_required,,,
HT,CD,evisa,,,
HT,CF,visa_required,,,
HT,CG,visa_required,,,
HT,CH,visa_required,,,
HT,CI,eta,,,
HT,CL,visa_required,,,
HT,CM,evisa,,,
HT,CN,visa_required,,,
HT,CO,evisa,,,
HT,CR,visa_required,,,
HT,CU,evisa,,,
HT,CV,visa_required,,,
HT,CY,visa_required,,,
HT,CZ,visa_required,,,
HT,DE,visa_required,,,
HT,DJ,visa_on_arrival,,,
HT,DK,visa_required,,,
HT,DM,visa_required,,,
HT,DO,visa_required,,,
HT,DZ,visa_required,,,
HT,EC,evisa,,,
HT,EE,visa_required,,,
HT,EG,visa_on_arrival,,,
HT,ER,visa_required,,,
HT,ES,visa_required,,,
HT,ET,evisa,,,
HT,FI,visa_required,,,
HT,FJ,visa_required,,,
HT,FM,visa_free,30,,
HT,FR,visa_required,,,
HT,GA,evisa,,,
HT,GB,visa_required,,,
HT,GD,visa_free,90,,
HT,GE,evisa,,,
HT,GH,visa_required,,,
HT,GM,visa_required,,,
HT,GN,evisa,,,
HT,GQ,evisa,,,
HT,GR,visa_required,,,
HT,GT,visa_required,,,
HT,GW,visa_on_arrival,,,
HT,GY,evisa,,,
HT,HN,visa_required,,,
HT,HR,visa_required,,,
HT,HU,visa_required,,,
HT,ID,evisa,,,
HT,IE,visa_required,,,
HT,IL,eta,,,
HT,IN,evisa,,,
HT,IQ,evisa,,,
HT,IR,visa_on_arrival,,,
HT,IS,visa_required,,,
HT,IT,visa_required,,,
HT,JM,visa_required,,,
HT,JO,visa_on_arrival,,,
HT,JP,visa_required,,,
HT,KE,eta,,,
HT,KG,evisa,,,
HT,KH,visa_on_arrival,,,
HT,KI,visa_free,90,,
HT,KM,visa_on_arrival,,,
HT,KN,evisa,,,
HT,KP,visa_required,,,
HT,KR,eta,,,
HT,KW,visa_required,,,
HT,KZ,evisa,,,
HT,LA,visa_on_arrival,,,
HT,LB,visa_required,,,
HT,LC,visa_required,,,
HT,LI,visa_required,,,
HT,LK,eta,,,
HT,LR,evisa,,,
HT,LS,visa_required,,,
HT,LT,visa_required,,,
HT,LU,visa_required,,,
HT,LV,visa_required,,,
HT,LY,evisa,,,
HT,MA,visa_required,,,
HT,MC,visa_required,,,
HT,MD,evisa,,,
HT,ME,visa_required,,,
HT,MG,visa_on_arrival,,,
HT,MH,visa_required,,,
HT,MK,visa_required,,,
HT,ML,visa_required,,,
HT,MM,visa_required,,,
HT,MN,evisa,,,
HT,MR,evisa,,,
HT,MT,visa_required,,,
HT,MU,visa_on_arrival,,,
HT,MV,visa_on_arrival,,,
HT,MW,visa_free,,,
HT,MX,visa_required,,,
HT,MY,visa_free,30,,
HT,MZ,visa_on_arrival,,,
HT,NA,visa_on_arrival,,,
HT,NE,visa_required,,,
HT,NG,evisa,,,
HT,NI,visa_required,,,
HT,NL,visa_required,,,
HT,NO,visa_required,,,
HT,NP,visa_on_arrival,,,
HT,NR,visa_required,,,
HT,NZ,visa_required,,,
HT,OM,evisa,,,
HT,PA,visa_required,,,
HT,PE,visa_required,,,
HT,PG,evisa,,,
HT,PH,visa_free,30,,
HT,PK,evisa,,,
HT,PL,visa_required,,,
HT,PS,visa_free,,,
HT,PT,visa_required,,,
HT,PW,visa_on_arrival,,,
HT,PY,visa_required,,,
HT,QA,evisa,,,
HT,RO,visa_required,,,
HT,RS,visa_required,,,
HT,RU,visa_required,,,
HT,RW,visa_free,90,,
HT,SA,evisa,,,
HT,SB,visa_required,,,
HT,SC,visa_free,90,,
HT,SD,visa_required,,,
HT,SE,visa_required,,,
HT,SG,visa_free,30,,
HT,SI,visa_required,,,
HT,SK,visa_required,,,
HT,SL,evisa,,,
HT,SM,visa_required,,,
HT,SN,visa_on_arrival,,,
HT,SO,evisa,,,
HT,SR,no_admission,,,
HT,SS,evisa,,,
HT,ST,evisa,,,
HT,SV,evisa,,,
HT,SY,evisa,,,
HT,SZ,visa_required,,,
HT,TD,evisa,,,
HT,TG,evisa,,,
HT,TH,evisa,,,
HT,TJ,visa_required,,,
HT,TL,visa_on_arrival,,,
HT,TM,visa_required,,,
HT,TN,visa_required,,,
HT,TO,visa_required,,,
HT,TR,visa_required,,,
HT,TT,visa_required,,,
HT,TV,visa_on_arrival,,,
HT,TW,visa_free,90,,
HT,TZ,visa_on_arrival,,,
HT,UA,evisa,,,
HT,UG,evisa,,,
HT,US,no_admission,,,
HT,UY,visa_required,,,
HT,UZ,visa_required,,,
HT,VA,visa_required,,,
HT,VC,visa_required,,,
HT,VE,visa_required,,,
HT,VN,evisa,,,
HT,VU,evisa,,,
HT,WS,visa_on_arrival,,,
HT,XK,visa_required,,,
HT,YE,visa_required,,,
HT,ZA,visa_required,,,
HT,ZM,visa_on_arrival,,,
HT,ZW,visa_on_arrival,,,
HU,AD,visa_free,,,
HU,AE,visa_free,90,,
HU,AF,visa_required,,,
HU,AG,visa_free,180,,
HU,AL,visa_free,90,,
HU,AM,visa_free,180,,
HU,AO,visa_free,30,,
HU,AR,visa_free,90,,
HU,AT,visa_free,,,
HU,AU,eta,,,
HU,AZ,evisa,,,
HU,BA,visa_free,90,,
HU,BB,visa_free,90,,
HU,BD,visa_on_arrival,,,
HU,BE,visa_free,,,
HU,BF,evisa,,,
HU,BG,visa_free,,,
HU,BH,visa_on_arrival,,,
HU,BI,visa_on_arrival,,,
HU,BJ,evisa,,,
HU,BN,visa_free,90,,
HU,BO,visa_free,90,,
HU,BR,visa_free,90,,
HU,BS,visa_free,90,,
HU,BT,evisa,,,
HU,BW,visa_free,90,,
HU,BY,visa_free,30,,
HU,BZ,visa_free,,,
HU,CA,eta,,,
HU,CD,evisa,,,
HU,CF,visa_required,,,
HU,CG,visa_required,,,
HU,CH,visa_free,,,
HU,CI,eta,,,
HU,CL,visa_free,90,,
HU,CM,evisa,,,
HU,CN,visa_free,30,,https://www.fmprc.gov.cn/eng/xw/fyrbt/202602/t20260215_11860467.html
HU,CO,visa_free,90,,
HU,CR,visa_free,180,,
HU,CU,evisa,,,
HU,CV,visa_free,30,,
HU,CY,visa_free,,,
HU,CZ,visa_free,,,
HU,DE,visa_free,,,
HU,DJ,visa_on_arrival,,,
HU,DK,visa_free,,,
HU,DM,visa_free,180,,
HU,DO,visa_free,30,,
HU,DZ,visa_required,,,
HU,EC,visa_free,90,,
HU,EE,visa_free,,,
HU,EG,visa_on_arrival,,,
HU,ER,visa_required,,,
HU,ES,visa_free,,,
HU,ET,visa_on_arrival,,,
HU,FI,visa_free,,,
HU,FJ,visa_free,120,,
HU,FM,visa_free,90,,
HU,FR,visa_free,,,
HU,GA,evisa,,,
HU,GB,eta,,,
HU,GD,visa_free,90,,
HU,GE,visa_free,365,,
HU,GH,visa_required,,,
HU,GM,visa_free,90,,
HU,GN,evisa,,,
HU,GQ,evisa,,,
HU,GR,visa_free,,,
HU,GT,visa_free,90,,
HU,GW,visa_on_arrival,,,
HU,GY,evisa,,,
HU,HN,visa_free,90,,
HU,HR,visa_free,,,
HU,HT,visa_free,90,,
HU,ID,visa_on_arrival,,,
HU,IE,visa_free,,,
HU,IL,eta,,,
HU,IN,evisa,,,
HU,IQ,evisa,,,
HU,IR,visa_on_arrival,,,
HU,IS,visa_free,,,
HU,IT,visa_free,,,
HU,JM,visa_free,30,,
HU,JO,visa_on_arrival,,,
HU,JP,visa_free,90,,
HU,KE,eta,,,
HU,KG,visa_free,60,,
HU,KH,visa_on_arrival,,,
HU,KI,visa_free,90,,
HU,KM,visa_on_arrival,,,
HU,KN,eta,,,
HU,KP,visa_required,,,
HU,KR,visa_free,90,,
HU,KW,visa_on_arrival,,,
HU,KZ,visa_free,30,,
HU,LA,visa_on_arrival,,,
HU,LB,visa_on_arrival,,,
HU,LC,visa_free,90,,
HU,LI,visa_free,,,
HU,LK,eta,,,
HU,LR,evisa,,,
HU,LS,visa_free,14,,
HU,LT,visa_free,,,
HU,LU,visa_free,,,
HU,LV,visa_free,,,
HU,LY,evisa,,,
HU,MA,visa_free,90,,
HU,MC,visa_free,,,
HU,MD,visa_free,90,,
HU,ME,visa_free,90,,
HU,MG,visa_on_arrival,,,
HU,MH,visa_free,90,,
HU,MK,visa_free,90,,
HU,ML,visa_required,,,
HU,MM,evisa,,,
HU,MN,visa_free,30,,
HU,MR,evisa,,,
HU,MT,visa_free,,,
HU,MU,visa_free,90,,
HU,MV,visa_on_arrival,,,
HU,MW,evisa,,,
HU,MX,visa_free,180,,
HU,MY,visa_free,90,,
HU,MZ,visa_on_arrival,,,
HU,NA,visa_on_arrival,,,
HU,NE,visa_required,,,
HU,NG,evisa,,,
HU,NI,visa_free,90,,
HU,NL,visa_free,,,
HU,NO,visa_free,,,
HU,NP,visa_on_arrival,,,
HU,NR,visa_required,,,
HU,NZ,eta,,,
HU,OM,visa_on_arrival,,,
HU,PA,visa_free,90,,
HU,PE,visa_free,180,,
HU,PG,eta,,,
HU,PH,visa_free,30,,
HU,PK,evisa,,,
HU,PL,visa_free,,,
HU,PS,visa_free,,,
HU,PT,visa_free,,,
HU,PW,visa_free,90,,
HU,PY,visa_free,90,,
HU,QA,visa_on_arrival,,,
HU,RO,visa_free,,,
HU,RS,visa_free,90,,
HU,RU,evisa,,,
HU,RW,visa_on_arrival,,,
HU,SA,visa_on_arrival,,,
HU,SB,visa_free,90,,
HU,SC,visa_free,90,,
HU,SD,visa_required,,,
HU,SE,visa_free,,,
HU,SG,visa_free,90,,
HU,SI,visa_free,,,
HU,SK,visa_free,,,
HU,SL,visa_on_arrival,,,
HU,SM,visa_free,,,
HU,SN,visa_free,90,,
HU,SO,evisa,,,
HU,SR,eta,,,
HU,SS,evisa,,,
HU,ST,visa_free,15,,
HU,SV,visa_free,180,,
HU,SY,evisa,,,
HU,SZ,visa_free,30,,
HU,TD,evisa,,,
HU,TG,evisa,,,
HU,TH,visa_free,60,,
HU,TJ,visa_free,30,,
HU,TL,visa_free,90,,
HU,TM,visa_required,,,
HU,TN,visa_free,90,,
HU,TO,visa_free,90,,
HU,TR,visa_free,90,,
HU,TT,visa_free,90,,
HU,TV,visa_free,90,,
HU,TW,visa_free,90,,
HU,TZ,visa_on_arrival,,,
HU,UA,visa_free,90,,
HU,UG,evisa,,,
HU,US,eta,,,
HU,UY,visa_free,90,,
HU,UZ,visa_free,30,,
HU,VA,visa_free,,,
HU,VC,visa_free,90,,
HU,VE,visa_free,90,,
HU,VN,visa_free,45,,
HU,VU,visa_free,120,,
HU,WS,visa_free,90,,
HU,XK,visa_free,90,,
HU,YE,visa_required,,,
HU,ZA,visa_free,30,,
HU,ZM,visa_free,90,,
HU,ZW,visa_on_arrival,,,
ID,AD,visa_required,,,
ID,AE,evisa,,,
ID,AF,visa_required,,,
ID,AG,evisa,,,
ID,AL,visa_free,,,
ID,AM,visa_on_arrival,,,
ID,AO,visa_free,30,,
ID,AR,visa_required,,,
ID,AT,visa_required,,,
ID,AU,evisa,,,
ID,AZ,visa_on_arrival,,,
ID,BA,visa_required,,,
ID,BB,visa_free,90,,
ID,BD,visa_on_arrival,,,
ID,BE,visa_required,,,
ID,BF,evisa,,,
ID,BG,visa_required,,,
ID,BH,evisa,,,
ID,BI,visa_on_arrival,,,
ID,BJ,evisa,,,
ID,BN,visa_free,14,,
ID,BO,evisa,,,
ID,BR,visa_free,30,,
ID,BS,evisa,,,
ID,BT,evisa,,,
ID,BW,evisa,,,
ID,BY,visa_free,30,,
ID,BZ,visa_required,,,
ID,CA,visa_required,,,
ID,CD,evisa,,,
ID,CF,visa_required,,,
ID,CG,visa_required,,,
ID,CH,visa_required,,,
ID,CI,eta,,,
ID,CL,visa_free,90,,
ID,CM,evisa,,,
ID,CN,visa_required,,,
ID,CO,visa_free,90,,
ID,CR,visa_required,,,
ID,CU,evisa,,,
ID,CV,visa_required,,,
ID,CY,visa_required,,,
ID,CZ,visa_required,,,
ID,DE,visa_required,,,
ID,DJ,visa_on_arrival,,,
ID,DK,visa_required,,,
ID,DM,visa_free,21,,
ID,DO,visa_required,,,
ID,DZ,visa_required,,,
ID,EC,visa_free,90,,
ID,EE,visa_required,,,
ID,EG,visa_required,,,
ID,ER,visa_required,,,
ID,ES,visa_required,,,
ID,ET,visa_on_arrival,,,
ID,FI,visa_required,,,
ID,FJ,visa_free,120,,
ID,FM,visa_free,30,,
ID,FR,visa_required,,,
ID,GA,evisa,,,
ID,GB,visa_required,,,
ID,GD,visa_required,,,
ID,GE,evisa,,,
ID,GH,visa_required,,,
ID,GM,visa_free,90,,
ID,GN,evisa,,,
ID,GQ,evisa,,,
ID,GR,visa_required,,,
ID,GT,visa_required,,,
ID,GW,visa_on_arrival,,,
ID,GY,visa_free,30,,
ID,HN,visa_required,,,
ID,HR,visa_required,,,
ID,HT,visa_free,90,,
ID,HU,visa_required,,,
ID,IE,visa_required,,,
ID,IL,evisa,,,
ID,IN,evisa,,,
ID,IQ,evisa,,,
ID,IR,visa_free,15,,
ID,IS,visa_required,,,
ID,IT,visa_required,,,
ID,JM,visa_required,,,
ID,JO,visa_on_arrival,,,
ID,JP,visa_free,15,,https://www.mofa.go.jp/j_info/visit/visa/short/novisa.html
ID,KE,eta,,,
ID,KG,visa_on_arrival,,,
ID,KH,visa_free,30,,
ID,KI,visa_free,90,,
ID,KM,visa_on_arrival,,,
ID,KN,eta,,,
ID,KP,visa_required,,,
ID,KR,evisa,,,
ID,KW,visa_required,,,
ID,KZ,visa_free,30,,
ID,LA,visa_free,30,,
ID,LB,visa_required,,,
ID,LC,visa_required,,,
ID,LI,visa_required,,,
ID,LK,eta,,,https://www.immigration.gov.lk/pages_e.php?id=14
ID,LR,evisa,,,
ID,LS,visa_required,,,
ID,LT,visa_required,,,
ID,LU,visa_required,,,
ID,LV,visa_required,,,
ID,LY,evisa,,,
ID,MA,visa_free,90,,
ID,MC,visa_required,,,
ID,MD,evisa,,,
ID,ME,visa_required,,,
ID,MG,visa_on_arrival,,,
ID,MH,visa_on_arrival,,,
ID,MK,visa_required,,,
ID,ML,visa_free,30,,
ID,MM,visa_free,14,,
ID,MN,evisa,,,
ID,MR,evisa,,,
ID,MT,visa_required,,,
ID,MU,visa_on_arrival,,,
ID,MV,visa_on_arrival,,,
ID,MW,evisa,,,
ID,MX,visa_required,,,
ID,MY,visa_free,30,,
ID,MZ,visa_on_arrival,,,
ID,NA,visa_free,30,,
ID,NE,visa_required,,,
ID,NG,evisa,,,
ID,NI,visa_on_arrival,,,
ID,NL,visa_required,,,
ID,NO,visa_required,,,
ID,NP,visa_on_arrival,,,
ID,NR,visa_required,,,
ID,NZ,visa_required,,,
ID,OM,visa_on_arrival,,,
ID,PA,visa_required,,,
ID,PE,visa_free,180,,
ID,PG,eta,,,
ID,PH,visa_free,30,,
ID,PK,evisa,,,
ID,PL,visa_required,,,
ID,PS,visa_free,,,
ID,PT,visa_required,,,
ID,PW,visa_on_arrival,,,
ID,PY,visa_required,,,
ID,QA,visa_on_arrival,,,
ID,RO,visa_required,,,
ID,RS,visa_free,30,,
ID,RU,evisa,,,
ID,RW,visa_free,90,,
ID,SA,evisa,,,
ID,SB,visa_required,,,
ID,SC,visa_free,90,,
ID,SD,visa_required,,,
ID,SE,visa_required,,,
ID,SG,visa_free,30,,
ID,SI,visa_required,,,
ID,SK,visa_required,,,
ID,SL,visa_on_arrival,,,
ID,SM,visa_required,,,
ID,SN,visa_required,,,
ID,SO,evisa,,,
ID,SR,eta,,,
ID,SS,evisa,,,
ID,ST,evisa,,,
ID,SV,evisa,,,
ID,SY,evisa,,,
ID,SZ,visa_required,,,
ID,TD,evisa,,,
ID,TG,evisa,,,
ID,TH,visa_free,60,,
ID,TJ,visa_free,30,,
ID,TL,visa_free,30,,
ID,TM,visa_required,,,
ID,TN,visa_free,90,,
ID,TO,visa_required,,,
ID,TR,visa_free,30,,
ID,TT,visa_required,,,
ID,TV,visa_on_arrival,,,
ID,TW,visa_required,,,
ID,TZ,visa_on_arrival,,,
ID,UA,evisa,,,
ID,UG,evisa,,,
ID,US,visa_required,,,
ID,UY,visa_required,,,
ID,UZ,visa_free,30,,
ID,VA,visa_required,,,
ID,VC,visa_free,90,,
ID,VE,visa_free,90,,
ID,VN,visa_free,30,,
ID,VU,evisa,,,
ID,WS,visa_on_arrival,,,
ID,XK,visa_required,,,
ID,YE,visa_required,,,
ID,ZA,evisa,,,
ID,ZM,evisa,,,
ID,ZW,visa_on_arrival,,,
IE,AD,visa_free,,,
IE,AE,visa_free,30,,
IE,AF,visa_required,,,
IE,AG,visa_free,180,,
IE,AL,visa_free,90,,
IE,AM,visa_free,180,,
IE,AO,visa_free,30,,
IE,AR,visa_free,90,,
IE,AT,visa_free,,,
IE,AU,eta,,,
IE,AZ,evisa,,,
IE,BA,visa_free,90,,
IE,BB,visa_free,180,,
IE,BD,visa_on_arrival,,,
IE,BE,visa_free,,,
IE,BF,evisa,,,
IE,BG,visa_free,,,
IE,BH,visa_on_arrival,,,
IE,BI,visa_on_arrival,,,
IE,BJ,evisa,,,
IE,BN,visa_free,90,,
IE,BO,visa_free,90,,
IE,BR,visa_free,90,,
IE,BS,visa_free,90,,
IE,BT,evisa,,,
IE,BW,visa_free,90,,
IE,BY,visa_free,30,,
IE,BZ,visa_free,,,
IE,CA,eta,,,
IE,CD,evisa,,,
IE,CF,visa_required,,,
IE,CG,visa_required,,,
IE,CH,visa_free,,,
IE,CI,eta,,,
IE,CL,visa_free,90,,
IE,CM,evisa,,,
IE,CN,visa_free,30,,https://www.fmprc.gov.cn/eng/xw/fyrbt/202602/t20260215_11860467.html
IE,CO,visa_free,90,,
IE,CR,visa_free,180,,
IE,CU,evisa,,,
IE,CV,visa_free,30,,
IE,CY,visa_free,,,
IE,CZ,visa_free,,,
IE,DE,visa_free,,,
IE,DJ,visa_on_arrival,,,
IE,DK,visa_free,,,
IE,DM,visa_free,180,,
IE,DO,visa_free,30,,
IE,DZ,visa_required,,,
IE,EC,visa_free,90,,
IE,EE,visa_free,,,
IE,EG,visa_on_arrival,,,
IE,ER,visa_required,,,
IE,ES,visa_free,,,
IE,ET,visa_on_arrival,,,
IE,FI,visa_free,,,
IE,FJ,visa_free,120,,
IE,FM,visa_free,30,,
IE,FR,visa_free,,,
IE,GA,evisa,,,
IE,GB,visa_free,,,
IE,GD,visa_free,90,,
IE,GE,visa_free,365,,
IE,GH,visa_required,,,
IE,GM,visa_free,90,,
IE,GN,evisa,,,
IE,GQ,evisa,,,
IE,GR,visa_free,,,
IE,GT,visa_free,90,,
IE,GW,visa_on_arrival,,,
IE,GY,visa_free,90,,
IE,HN,visa_free,90,,
IE,HR,visa_free,,,
IE,HT,visa_free,90,,
IE,HU,visa_free,,,
IE,ID,visa_on_arrival,,,
IE,IL,eta,,,
IE,IN,evisa,,,
IE,IQ,evisa,,,
IE,IR,visa_on_arrival,,,
IE,IS,visa_free,,,
IE,IT,visa_free,,,
IE,JM,visa_free,90,,
IE,JO,visa_on_arrival,,,
IE,JP,visa_free,90,,
IE,KE,eta,,,
IE,KG,visa_free,60,,
IE,KH,visa_on_arrival,,,
IE,KI,visa_free,90,,
IE,KM,visa_on_arrival,,,
IE,KN,eta,,,
IE,KP,visa_required,,,
IE,KR,visa_free,90,,
IE,KW,visa_on_arrival,,,
IE,KZ,visa_free,30,,
IE,LA,visa_on_arrival,,,
IE,LB,visa_on_arrival,,,
IE,LC,visa_free,42,,
IE,LI,visa_free,,,
IE,LK,eta,,,
IE,LR,evisa,,,
IE,LS,visa_free,90,,
IE,LT,visa_free,,,
IE,LU,visa_free,,,
IE,LV,visa_free,,,
IE,LY,evisa,,,
IE,MA,visa_free,90,,
IE,MC,visa_free,,,
IE,MD,visa_free,90,,
IE,ME,visa_free,90,,
IE,MG,visa_on_arrival,,,
IE,MH,visa_free,90,,
IE,MK,visa_free,90,,
IE,ML,visa_required,,,
IE,MM,evisa,,,
IE,MN,visa_free,30,,
IE,MR,evisa,,,
IE,MT,visa_free,,,
IE,MU,visa_free,90,,
IE,MV,visa_on_arrival,,,
IE,MW,evisa,,,
IE,MX,visa_free,180,,
IE,MY,visa_free,90,,
IE,MZ,visa_free,30,,
IE,NA,visa_on_arrival,,,
IE,NE,visa_required,,,
IE,NG,evisa,,,
IE,NI,visa_free,90,,
IE,NL,visa_free,,,
IE,NO,visa_free,,,
IE,NP,visa_on_arrival,,,
IE,NR,visa_required,,,
IE,NZ,eta,,,
IE,OM,visa_on_arrival,,,
IE,PA,visa_free,90,,
IE,PE,visa_free,180,,
IE,PG,eta,,,
IE,PH,visa_free,30,,
IE,PK,evisa,,,
IE,PL,visa_free,,,
IE,PS,visa_free,,,
IE,PT,visa_free,,,
IE,PW,visa_free,90,,
IE,PY,visa_free,90,,
IE,QA,visa_on_arrival,,,
IE,RO,visa_free,,,
IE,RS,visa_free,90,,
IE,RU,evisa,,,
IE,RW,visa_on_arrival,,,
IE,SA,visa_on_arrival,,,
IE,SB,visa_on_arrival,,,
IE,SC,visa_free,90,,
IE,SD,visa_required,,,
IE,SE,visa_free,,,
IE,SG,visa_free,90,,
IE,SI,visa_free,,,
IE,SK,visa_free,,,
IE,SL,visa_on_arrival,,,
IE,SM,visa_free,,,
IE,SN,visa_free,90,,
IE,SO,evisa,,,
IE,SR,eta,,,
IE,SS,evisa,,,
IE,ST,visa_free,15,,
IE,SV,visa_free,180,,
IE,SY,evisa,,,
IE,SZ,visa_free,30,,
IE,TD,evisa,,,
IE,TG,evisa,,,
IE,TH,visa_free,60,,
IE,TJ,visa_free,30,,
IE,TL,visa_on_arrival,,,
IE,TM,visa_required,,,
IE,TN,visa_free,90,,
IE,TO,visa_on_arrival,,,
IE,TR,visa_free,90,,
IE,TT,visa_free,,,
IE,TV,visa_on_arrival,,,
IE,TW,visa_free,90,,
IE,TZ,visa_on_arrival,,,
IE,UA,visa_free,90,,
IE,UG,visa_free,90,,
IE,US,eta,,,
IE,UY,visa_free,90,,
IE,UZ,visa_free,30,,
IE,VA,visa_free,,,
IE,VC,visa_free,90,,
IE,VE,visa_free,90,,
IE,VN,evisa,,,
IE,VU,visa_free,120,,
IE,WS,visa_on_arrival,,,
IE,XK,visa_free,90,,
IE,YE,visa_required,,,
IE,ZA,visa_free,90,,
IE,ZM,visa_free,90,,
IE,ZW,visa_on_arrival,,,
IL,AD,visa_free,90,,
IL,AE,visa_free,90,,
IL,AF,visa_required,,,
IL,AG,evisa,,,
IL,AL,visa_free,90,,
IL,AM,visa_on_arrival,,,
IL,AO,visa_free,30,,
IL,AR,visa_free,90,,
IL,AT,visa_free,90,,
IL,AU,evisa,,,
IL,AZ,visa_on_arrival,,,
IL,BA,visa_free,90,,
IL,BB,visa_free,180,,
IL,BD,no_admission,,,
IL,BE,visa_free,90,,
IL,BF,evisa,,,
IL,BG,visa_free,90,,
IL,BH,evisa,,,
IL,BI,visa_on_arrival,,,
IL,BJ,evisa,,,
IL,BN,no_admission,,,
IL,BO,visa_free,90,,
IL,BR,visa_free,90,,
IL,BS,visa_free,90,,
IL,BT,evisa,,,
IL,BW,visa_free,90,,
IL,BY,visa_free,90,,
IL,BZ,visa_free,90,,
IL,CA,eta,,,
IL,CD,evisa,,,
IL,CF,visa_free,90,,
IL,CG,visa_required,,,
IL,CH,visa_free,90,,
IL,CI,eta,,,
IL,CL,visa_free,90,,
IL,CM,evisa,,,
IL,CN,visa_required,,,
IL,CO,evisa,,,
IL,CR,visa_free,180,,
IL,CU,evisa,,,
IL,CV,visa_on_arrival,,,
IL,CY,visa_free,90,,
IL,CZ,visa_free,90,,
IL,DE,visa_free,90,,
IL,DJ,visa_on_arrival,,,
IL,DK,visa_free,90,,
IL,DM,visa_free,180,,
IL,DO,visa_free,30,,
IL,DZ,no_admission,,,
IL,EC,visa_free,90,,
IL,EE,visa_free,90,,
IL,EG,visa_required,,,
IL,ER,visa_required,,,
IL,ES,visa_free,90,,
IL,ET,visa_on_arrival,,,
IL,FI,visa_free,90,,
IL,FJ,visa_free,120,,
IL,FM,visa_free,30,,
IL,FR,visa_free,90,,
IL,GA,evisa,,,
IL,GB,eta,,,
IL,GD,visa_free,90,,
IL,GE,visa_free,365,,
IL,GH,visa_required,,,
IL,GM,visa_required,,,
IL,GN,evisa,,,
IL,GQ,evisa,,,
IL,GR,visa_free,90,,
IL,GT,visa_free,90,,
IL,GW,visa_on_arrival,,,
IL,GY,evisa,,,
IL,HN,visa_free,90,,
IL,HR,visa_free,90,,
IL,HT,visa_free,90,,
IL,HU,visa_free,90,,
IL,ID,evisa,,,
IL,IE,visa_free,90,,
IL,IN,evisa,,,
IL,IQ,evisa,,,
IL,IR,no_admission,,,
IL,IS,visa_free,90,,
IL,IT,visa_free,90,,
IL,JM,visa_free,90,,
IL,JO,visa_on_arrival,,,
IL,JP,visa_free,90,,
IL,KE,eta,,,
IL,KG,visa_free,60,,
IL,KH,visa_on_arrival,,,
IL,KI,visa_free,90,,
IL,KM,visa_on_arrival,,,
IL,KN,eta,,,
IL,KP,visa_required,,,
IL,KR,visa_free,90,,
IL,KW,visa_required,,,
IL,KZ,visa_free,30,,
IL,LA,visa_on_arrival,,,
IL,LB,no_admission,,,
IL,LC,visa_free,42,,
IL,LI,visa_free,90,,
IL,LK,eta,,,
IL,LR,evisa,,,
IL,LS,visa_free,90,,
IL,LT,visa_free,90,,
IL,LU,visa_free,90,,
IL,LV,visa_free,90,,
IL,LY,no_admission,,,
IL,MA,evisa,,,
IL,MC,visa_free,90,,
IL,MD,visa_free,90,,
IL,ME,visa_free,90,,
IL,MG,visa_on_arrival,,,
IL,MH,visa_on_arrival,,,
IL,MK,visa_free,90,,
IL,ML,visa_required,,,
IL,MM,evisa,,,
IL,MN,visa_free,30,,
IL,MR,evisa,,,
IL,MT,visa_free,90,,
IL,MU,visa_free,90,,
IL,MV,no_admission,,,
IL,MW,evisa,,,https://evisa.gov.mw/
IL,MX,visa_free,180,,
IL,MY,no_admission,,,
IL,MZ,visa_free,30,,
IL,NA,visa_on_arrival,,,
IL,NE,visa_required,,,
IL,NG,evisa,,,
IL,NI,visa_free,90,,
IL,NL,visa_free,90,,
IL,NO,visa_free,90,,
IL,NP,visa_on_arrival,,,
IL,NR,visa_on_arrival,,,
IL,NZ,eta,,,
IL,OM,evisa,,,
IL,PA,visa_free,90,,
IL,PE,visa_free,180,,
IL,PG,visa_on_arrival,,,
IL,PH,visa_free,60,,
IL,PK,no_admission,,,
IL,PL,visa_free,90,,
IL,PS,visa_free,,,
IL,PT,visa_free,90,,
IL,PW,visa_free,90,,
IL,PY,visa_free,90,,
IL,QA,evisa,,,
IL,RO,visa_free,90,,
IL,RS,visa_free,90,,
IL,RU,visa_free,90,,
IL,RW,visa_on_arrival,,,
IL,SA,no_admission,,,
IL,SB,visa_on_arrival,,,
IL,SC,visa_free,90,,
IL,SD,visa_required,,,
IL,SE,visa_free,90,,
IL,SG,visa_free,30,,
IL,SI,visa_free,90,,
IL,SK,visa_free,90,,
IL,SL,visa_on_arrival,,,
IL,SM,visa_free,90,,
IL,SN,visa_on_arrival,,,
IL,SO,evisa,,,
IL,SR,visa_free,180,,
IL,SS,evisa,,,
IL,ST,evisa,,,
IL,SV,visa_free,180,,
IL,SY,no_admission,,,
IL,SZ,visa_free,30,,
IL,TD,evisa,,,
IL,TG,evisa,,,
IL,TH,visa_free,60,,
IL,TJ,visa_on_arrival,,,
IL,TL,visa_on_arrival,,,
IL,TM,visa_required,,,
IL,TN,visa_required,,,
IL,TO,visa_free,90,,
IL,TR,visa_free,90,,
IL,TT,visa_free,90,,
IL,TV,visa_on_arrival,,,
IL,TW,visa_free,90,,
IL,TZ,visa_on_arrival,,,
IL,UA,visa_free,90,,
IL,UG,evisa,,,
IL,US,eta,,,
IL,UY,visa_free,90,,
IL,UZ,visa_free,30,,
IL,VA,visa_free,90,,
IL,VC,visa_free,90,,
IL,VE,visa_required,,,
IL,VN,evisa,,,
IL,VU,visa_free,120,,
IL,WS,visa_on_arrival,,,
IL,XK,visa_free,90,,
IL,YE,no_admission,,,
IL,ZA,visa_free,90,,
IL,ZM,visa_free,90,,
IL,ZW,visa_on_arrival,,,
IN,AD,visa_required,,,
IN,AE,evisa,,,
IN,AF,visa_required,,,
IN,AG,evisa,,,
IN,AL,evisa,,,
IN,AM,evisa,,,
IN,AO,visa_free,30,,
IN,AR,visa_required,,,
IN,AT,visa_required,,,
IN,AU,evisa,,,
IN,AZ,evisa,,,
IN,BA,visa_required,,,
IN,BB,visa_free,90,,
IN,BD,visa_required,,,
IN,BE,visa_required,,,
IN,BF,evisa,,,
IN,BG,visa_required,,,
IN,BH,evisa,,,
IN,BI,visa_on_arrival,,,
IN,BJ,evisa,,,
IN,BN,visa_required,,,
IN,BO,evisa,,,
IN,BR,visa_required,,,
IN,BS,evisa,,,
IN,BT,visa_free,14,,
IN,BW,evisa,,,
IN,BY,visa_required,,,
IN,BZ,visa_required,,,
IN,CA,visa_required,,,
IN,CD,evisa,,,
IN,CF,visa_required,,,
IN,CG,visa_required,,,
IN,CH,visa_required,,,
IN,CI,eta,,,
IN,CL,visa_required,,,
IN,CM,evisa,,,
IN,CN,visa_required,,,
IN,CO,evisa,,,
IN,CR,visa_required,,,
IN,CU,visa_required,,,
IN,CV,visa_required,,,https://www.ease.gov.cv/
IN,CY,visa_required,,,
IN,CZ,visa_required,,,
IN,DE,visa_required,,,
IN,DJ,visa_on_arrival,,,
IN,DK,visa_required,,,
IN,DM,visa_free,180,,
IN,DO,visa_required,,,
IN,DZ,visa_required,,,
IN,EC,evisa,,,
IN,EE,visa_required,,,
IN,EG,evisa,,,
IN,ER,visa_required,,,
IN,ES,visa_required,,,
IN,ET,visa_on_arrival,,,
IN,FI,visa_required,,,
IN,FJ,visa_free,120,,
IN,FM,visa_free,30,,
IN,FR,visa_required,,,
IN,GA,evisa,,,
IN,GB,visa_required,,,
IN,GD,visa_free,90,,
IN,GE,visa_required,,,
IN,GH,visa_required,,,
IN,GM,visa_free,90,,
IN,GN,evisa,,,
IN,GQ,evisa,,,
IN,GR,visa_required,,,
IN,GT,visa_required,,,
IN,GW,visa_on_arrival,,,
IN,GY,evisa,,,
IN,HN,visa_required,,,
IN,HR,visa_required,,,
IN,HT,visa_free,90,,
IN,HU,visa_required,,,
IN,ID,visa_on_arrival,,,
IN,IE,visa_required,,,
IN,IL,evisa,,,
IN,IQ,evisa,,,
IN,IR,visa_required,,2026-08-03,https://evisatraveller.mfa.ir/
IN,IS,visa_required,,,
IN,IT,visa_required,,,
IN,JM,visa_free,,,
IN,JO,visa_on_arrival,,,
IN,JP,evisa,,,
IN,KE,eta,,,
IN,KG,evisa,,,
IN,KH,visa_on_arrival,,,
IN,KI,visa_free,90,,
IN,KM,visa_on_arrival,,,
IN,KN,eta,,,
IN,KP,visa_required,,,
IN,KR,evisa,,,
IN,KW,visa_required,,,
IN,KZ,visa_free,14,,
IN,LA,visa_on_arrival,,,
IN,LB,visa_required,,,
IN,LC,visa_on_arrival,,,
IN,LI,visa_required,,,
IN,LK,eta,,,https://www.immigration.gov.lk/pages_e.php?id=14
IN,LR,evisa,,,
IN,LS,visa_required,,,
IN,LT,visa_required,,,
IN,LU,visa_required,,,
IN,LV,visa_required,,,
IN,LY,evisa,,,
IN,MA,evisa,,,
IN,MC,visa_required,,,
IN,MD,evisa,,,
IN,ME,visa_required,,,
IN,MG,visa_on_arrival,,,
IN,MH,visa_on_arrival,,,
IN,MK,visa_required,,,
IN,ML,visa_required,,,
IN,MM,visa_on_arrival,,,
IN,MN,visa_on_arrival,,,
IN,MR,evisa,,,
IN,MT,visa_required,,,
IN,MU,visa_free,90,,
IN,MV,visa_free,90,,
IN,MW,evisa,,,
IN,MX,visa_required,,,
IN,MY,visa_free,30,2026-07-19,https://www.imi.gov.my/index.php/en/main-services/visa/visa-requirement-by-country/
IN,MZ,evisa,,,
IN,NA,evisa,,,
IN,NE,visa_required,,,
IN,NG,evisa,,,
IN,NI,visa_required,,,
IN,NL,visa_required,,,
IN,NO,visa_required,,,
IN,NP,visa_free,,,
IN,NR,visa_required,,,
IN,NZ,visa_required,,,
IN,OM,evisa,,,
IN,PA,visa_required,,,
IN,PE,visa_required,,,
IN,PG,eta,,,
IN,PH,visa_free,14,,
IN,PK,visa_required,,,
IN,PL,visa_required,,,
IN,PS,visa_free,,,
IN,PT,visa_required,,,
IN,PW,visa_on_arrival,,,
IN,PY,visa_required,,,
IN,QA,visa_on_arrival,,,
IN,RO,visa_required,,,
IN,RS,visa_required,,,
IN,RU,evisa,,,
IN,RW,visa_free,30,,
IN,SA,evisa,,,
IN,SB,visa_required,,,
IN,SC,visa_free,90,,
IN,SD,visa_required,,,
IN,SE,visa_required,,,
IN,SG,evisa,,,
IN,SI,visa_required,,,
IN,SK,visa_required,,,
IN,SL,visa_on_arrival,,,
IN,SM,visa_required,,,
IN,SN,visa_free,90,,
IN,SO,evisa,,,
IN,SR,evisa,,,
IN,SS,evisa,,,
IN,ST,evisa,,,
IN,SV,evisa,,,
IN,SY,evisa,,,
IN,SZ,visa_required,,,
IN,TD,evisa,,,
IN,TG,evisa,,,
IN,TH,visa_free,60,,https://www.thaievisa.go.th/
IN,TJ,evisa,,,
IN,TL,visa_on_arrival,,,
IN,TM,visa_required,,,
IN,TN,visa_required,,,
IN,TO,visa_required,,,
IN,TR,visa_required,,,
IN,TT,visa_free,90,,
IN,TV,visa_on_arrival,,,
IN,TW,visa_required,,,
IN,TZ,visa_on_arrival,,,
IN,UA,evisa,,,
IN,UG,evisa,,,
IN,US,visa_required,,,https://travel.state.gov/
IN,UY,visa_required,,,
IN,UZ,evisa,,,
IN,VA,visa_required,,,
IN,VC,visa_free,90,,
IN,VE,visa_required,,,
IN,VN,evisa,,,https://evisa.gov.vn/
IN,VU,visa_free,120,,
IN,WS,visa_on_arrival,,,
IN,XK,visa_required,,,
IN,YE,visa_required,,,
IN,ZA,evisa,,,
IN,ZM,evisa,,,
IN,ZW,visa_on_arrival,,,
IQ,AD,visa_required,,,
IQ,AE,evisa,,,
IQ,AF,visa_required,,,
IQ,AG,evisa,,,
IQ,AL,evisa,,,
IQ,AM,evisa,,,
IQ,AO,visa_required,,,
IQ,AR,visa_required,,,
IQ,AT,visa_required,,,
IQ,AU,evisa,,,
IQ,AZ,visa_required,,,
IQ,BA,visa_required,,,
IQ,BB,visa_required,,,
IQ,BD,visa_required,,,
IQ,BE,visa_required,,,
IQ,BF,evisa,,,
IQ,BG,visa_required,,,
IQ,BH,evisa,,,
IQ,BI,visa_on_arrival,,,
IQ,BJ,evisa,,,
IQ,BN,visa_required,,,
IQ,BO,evisa,,,
IQ,BR,visa_required,,,
IQ,BS,evisa,,,
IQ,BT,evisa,,,
IQ,BW,evisa,,,
IQ,BY,visa_required,,,
IQ,BZ,visa_required,,,
IQ,CA,visa_required,,,
IQ,CD,evisa,,,
IQ,CF,visa_required,,,
IQ,CG,visa_required,,,
IQ,CH,visa_required,,,
IQ,CI,eta,,,
IQ,CL,visa_required,,,
IQ,CM,evisa,,,
IQ,CN,visa_required,,,
IQ,CO,evisa,,,
IQ,CR,visa_required,,,
IQ,CU,visa_required,,,
IQ,CV,visa_required,,,
IQ,CY,visa_required,,,
IQ,CZ,visa_required,,,
IQ,DE,visa_required,,,
IQ,DJ,visa_on_arrival,,,
IQ,DK,visa_required,,,
IQ,DM,visa_free,21,,
IQ,DO,visa_required,,,
IQ,DZ,visa_required,,,
IQ,EC,evisa,,,
IQ,EE,visa_required,,,
IQ,EG,evisa,,,
IQ,ER,visa_required,,,
IQ,ES,visa_required,,,
IQ,ET,evisa,,,
IQ,FI,visa_required,,,
IQ,FJ,visa_required,,,
IQ,FM,visa_free,30,,
IQ,FR,visa_required,,,
IQ,GA,evisa,,,
IQ,GB,visa_required,,,
IQ,GD,visa_required,,,
IQ,GE,visa_required,,,
IQ,GH,visa_required,,,
IQ,GM,visa_required,,,
IQ,GN,evisa,,,
IQ,GQ,evisa,,,
IQ,GR,visa_required,,,
IQ,GT,visa_required,,,
IQ,GW,visa_on_arrival,,,
IQ,GY,evisa,,,
IQ,HN,visa_required,,,
IQ,HR,visa_required,,,
IQ,HT,visa_free,90,,
IQ,HU,visa_required,,,
IQ,ID,evisa,,,
IQ,IE,visa_required,,,
IQ,IL,evisa,,,
IQ,IN,visa_required,,,
IQ,IR,visa_free,30,,
IQ,IS,visa_required,,,
IQ,IT,visa_required,,,
IQ,JM,visa_required,,,
IQ,JO,visa_required,,,
IQ,JP,visa_required,,,
IQ,KE,eta,,,
IQ,KG,evisa,,,
IQ,KH,visa_on_arrival,,,
IQ,KI,visa_required,,,
IQ,KM,visa_on_arrival,,,
IQ,KN,evisa,,,
IQ,KP,visa_required,,,
IQ,KR,evisa,,,
IQ,KW,visa_required,,,
IQ,KZ,evisa,,,
IQ,LA,visa_on_arrival,,,
IQ,LB,visa_on_arrival,,,
IQ,LC,visa_required,,,
IQ,LI,visa_required,,,
IQ,LK,eta,,,
IQ,LR,evisa,,,
IQ,LS,visa_required,,,
IQ,LT,visa_required,,,
IQ,LU,visa_required,,,
IQ,LV,visa_required,,,
IQ,LY,evisa,,,
IQ,MA,visa_required,,,
IQ,MC,visa_required,,,
IQ,MD,evisa,,,
IQ,ME,visa_required,,,
IQ,MG,visa_on_arrival,,,
IQ,MH,visa_required,,,
IQ,MK,visa_required,,,
IQ,ML,visa_required,,,
IQ,MM,visa_required,,,
IQ,MN,visa_required,,,
IQ,MR,evisa,,,
IQ,MT,visa_required,,,
IQ,MU,visa_required,,,
IQ,MV,visa_on_arrival,,,
IQ,MW,evisa,,,
IQ,MX,visa_required,,,
IQ,MY,visa_free,30,,
IQ,MZ,visa_on_arrival,,,
IQ,NA,evisa,,,
IQ,NE,visa_required,,,
IQ,NG,evisa,,,
IQ,NI,visa_required,,,
IQ,NL,visa_required,,,
IQ,NO,visa_required,,,
IQ,NP,visa_required,,,
IQ,NR,visa_required,,,
IQ,NZ,visa_required,,,
IQ,OM,evisa,,,
IQ,PA,visa_required,,,
IQ,PE,visa_required,,,
IQ,PG,evisa,,,
IQ,PH,visa_required,,,
IQ,PK,evisa,,,
IQ,PL,visa_required,,,
IQ,PS,visa_required,,,
IQ,PT,visa_required,,,
IQ,PW,visa_on_arrival,,,
IQ,PY,visa_required,,,
IQ,QA,evisa,,,
IQ,RO,visa_required,,,
IQ,RS,visa_required,,,
IQ,RU,visa_required,,,
IQ,RW,visa_on_arrival,,,
IQ,SA,evisa,,,
IQ,SB,visa_required,,,
IQ,SC,visa_free,90,,
IQ,SD,visa_required,,,
IQ,SE,visa_required,,,
IQ,SG,evisa,,,
IQ,SI,visa_required,,,
IQ,SK,visa_required,,,
IQ,SL,evisa,,,
IQ,SM,visa_required,,,
IQ,SN,visa_required,,,
IQ,SO,evisa,,,
IQ,SR,eta,,,
IQ,SS,evisa,,,
IQ,ST,evisa,,,
IQ,SV,evisa,,,
IQ,SY,evisa,,,
IQ,SZ,visa_required,,,
IQ,TD,evisa,,,
IQ,TG,evisa,,,
IQ,TH,evisa,,,
IQ,TJ,evisa,,,
IQ,TL,visa_on_arrival,,,
IQ,TM,visa_required,,,
IQ,TN,visa_free,15,,
IQ,TO,visa_required,,,
IQ,TR,visa_required,,,
IQ,TT,visa_required,,,
IQ,TV,visa_on_arrival,,,
IQ,TW,visa_required,,,
IQ,TZ,evisa,,,
IQ,UA,visa_required,,,
IQ,UG,evisa,,,
IQ,US,visa_required,,,
IQ,UY,visa_required,,,
IQ,UZ,visa_required,,,
IQ,VA,visa_required,,,
IQ,VC,visa_required,,,
IQ,VE,visa_required,,,
IQ,VN,evisa,,,
IQ,VU,evisa,,,
IQ,WS,visa_on_arrival,,,
IQ,XK,visa_required,,,
IQ,YE,visa_required,,,
IQ,ZA,visa_required,,,
IQ,ZM,visa_free,90,,
IQ,ZW,evisa,,,
IR,AD,visa_required,,,
IR,AE,evisa,,,
IR,AF,visa_required,,,
IR,AG,evisa,,,
IR,AL,evisa,,,
IR,AM,visa_free,90,,
IR,AO,visa_required,,,
IR,AR,visa_required,,,
IR,AT,visa_required,,,
IR,AU,evisa,,,
IR,AZ,evisa,,,
IR,BA,visa_required,,,
IR,BB,visa_required,,,
IR,BD,visa_required,,,
IR,BE,visa_required,,,
IR,BF,evisa,,,
IR,BG,visa_required,,,
IR,BH,evisa,,,
IR,BI,visa_on_arrival,,,
IR,BJ,evisa,,,
IR,BN,visa_required,,,
IR,BO,evisa,,,
IR,BR,visa_required,,,
IR,BS,evisa,,,
IR,BT,evisa,,,
IR,BW,evisa,,,
IR,BY,visa_required,,,
IR,BZ,visa_required,,,
IR,CA,visa_required,,,
IR,CD,evisa,,,
IR,CF,visa_required,,,
IR,CG,visa_required,,,
IR,CH,visa_required,,,
IR,CI,eta,,,
IR,CL,visa_required,,,
IR,CM,evisa,,,
IR,CN,visa_required,,,
IR,CO,evisa,,,
IR,CR,visa_required,,,
IR,CU,visa_required,,,
IR,CV,visa_required,,,
IR,CY,visa_required,,,
IR,CZ,visa_required,,,
IR,DE,visa_required,,,
IR,DJ,visa_on_arrival,,,
IR,DK,visa_required,,,
IR,DM,visa_free,21,,
IR,DO,visa_required,,,
IR,DZ,visa_required,,,
IR,EC,evisa,,,
IR,EE,visa_required,,,
IR,EG,visa_required,,,
IR,ER,visa_required,,,
IR,ES,visa_required,,,
IR,ET,evisa,,,
IR,FI,visa_required,,,
IR,FJ,visa_required,,,
IR,FM,visa_free,30,,
IR,FR,visa_required,,,
IR,GA,evisa,,,
IR,GB,visa_required,,,
IR,GD,visa_required,,,
IR,GE,visa_free,45,,
IR,GH,visa_required,,,
IR,GM,visa_required,,,
IR,GN,evisa,,,
IR,GQ,evisa,,,
IR,GR,visa_required,,,
IR,GT,visa_required,,,
IR,GW,visa_on_arrival,,,
IR,GY,evisa,,,
IR,HN,visa_required,,,
IR,HR,visa_required,,,
IR,HT,visa_free,90,,
IR,HU,visa_required,,,
IR,ID,evisa,,,
IR,IE,visa_required,,,
IR,IL,evisa,,,
IR,IN,visa_required,,,
IR,IQ,visa_free,30,,
IR,IS,visa_required,,,
IR,IT,visa_required,,,
IR,JM,visa_required,,,
IR,JO,visa_required,,,
IR,JP,visa_required,,,
IR,KE,eta,,,
IR,KG,evisa,,,
IR,KH,visa_on_arrival,,,
IR,KI,visa_required,,,
IR,KM,visa_on_arrival,,,
IR,KN,evisa,,,
IR,KP,visa_required,,,
IR,KR,evisa,,,
IR,KW,visa_required,,,
IR,KZ,visa_free,14,,
IR,LA,visa_required,,,
IR,LB,visa_on_arrival,,,
IR,LC,visa_required,,,
IR,LI,visa_required,,,
IR,LK,eta,,,
IR,LR,evisa,,,
IR,LS,visa_required,,,
IR,LT,visa_required,,,
IR,LU,visa_required,,,
IR,LV,visa_required,,,
IR,LY,no_admission,,,
IR,MA,visa_required,,,
IR,MC,visa_required,,,
IR,MD,evisa,,,
IR,ME,visa_required,,,
IR,MG,visa_on_arrival,,,
IR,MH,visa_required,,,
IR,MK,visa_required,,,
IR,ML,visa_required,,,
IR,MM,visa_required,,,
IR,MN,visa_required,,,
IR,MR,evisa,,,
IR,MT,visa_required,,,
IR,MU,visa_on_arrival,,,
IR,MV,visa_on_arrival,,,
IR,MW,evisa,,,
IR,MX,visa_required,,,
IR,MY,visa_free,14,,
IR,MZ,visa_on_arrival,,,
IR,NA,evisa,,,
IR,NE,visa_required,,,
IR,NG,evisa,,,
IR,NI,visa_required,,,
IR,NL,visa_required,,,
IR,NO,visa_required,,,
IR,NP,visa_on_arrival,,,
IR,NR,visa_required,,,
IR,NZ,visa_required,,,
IR,OM,visa_on_arrival,,,
IR,PA,visa_required,,,
IR,PE,visa_required,,,
IR,PG,evisa,,,
IR,PH,visa_required,,,
IR,PK,evisa,,,
IR,PL,visa_required,,,
IR,PS,visa_required,,,
IR,PT,visa_required,,,
IR,PW,visa_on_arrival,,,
IR,PY,visa_required,,,
IR,QA,visa_on_arrival,,,
IR,RO,visa_required,,,
IR,RS,visa_required,,,
IR,RU,evisa,,,
IR,RW,visa_on_arrival,,,
IR,SA,evisa,,,
IR,SB,visa_required,,,
IR,SC,visa_free,90,,
IR,SD,visa_required,,,
IR,SE,visa_required,,,
IR,SG,evisa,,,
IR,SI,visa_required,,,
IR,SK,visa_required,,,
IR,SL,visa_on_arrival,,,
IR,SM,visa_required,,,
IR,SN,visa_required,,,
IR,SO,evisa,,,
IR,SR,eta,,,
IR,SS,evisa,,,
IR,ST,evisa,,,
IR,SV,evisa,,,
IR,SY,no_admission,,,
IR,SZ,visa_required,,,
IR,TD,evisa,,,
IR,TG,evisa,,,
IR,TH,evisa,,,
IR,TJ,visa_free,30,,
IR,TL,visa_on_arrival,,,
IR,TM,visa_required,,,
IR,TN,visa_free,15,,
IR,TO,visa_required,,,
IR,TR,visa_free,90,,
IR,TT,visa_required,,,
IR,TV,visa_on_arrival,,,
IR,TW,visa_required,,,
IR,TZ,evisa,,,
IR,UA,visa_required,,,
IR,UG,evisa,,,
IR,US,no_admission,,,
IR,UY,visa_required,,,
IR,UZ,visa_required,,,
IR,VA,visa_required,,,
IR,VC,visa_required,,,
IR,VE,visa_free,15,,
IR,VN,evisa,,,
IR,VU,evisa,,,
IR,WS,visa_on_arrival,,,
IR,XK,visa_required,,,
IR,YE,visa_required,,,
IR,ZA,evisa,,,
IR,ZM,evisa,,,
IR,ZW,visa_on_arrival,,,
IS,AD,visa_free,,,
IS,AE,visa_free,90,,
IS,AF,visa_required,,,
IS,AG,visa_free,180,,
IS,AL,visa_free,90,,
IS,AM,visa_free,180,,
IS,AO,visa_free,30,,
IS,AR,visa_free,90,,
IS,AT,visa_free,,,
IS,AU,eta,,,
IS,AZ,evisa,,,
IS,BA,visa_free,90,,
IS,BB,visa_free,90,,
IS,BD,visa_on_arrival,,,
IS,BE,visa_free,,,
IS,BF,evisa,,,
IS,BG,visa_free,,,
IS,BH,visa_on_arrival,,,
IS,BI,visa_on_arrival,,,
IS,BJ,evisa,,,
IS,BN,visa_free,90,,
IS,BO,visa_free,90,,
IS,BR,visa_free,90,,
IS,BS,visa_free,240,,
IS,BT,evisa,,,
IS,BW,visa_free,90,,
IS,BY,visa_free,30,,
IS,BZ,visa_free,,,
IS,CA,eta,,,
IS,CD,evisa,,,
IS,CF,visa_required,,,
IS,CG,visa_required,,,
IS,CH,visa_free,,,
IS,CI,eta,,,
IS,CL,visa_free,90,,
IS,CM,evisa,,,
IS,CN,visa_free,30,,https://www.fmprc.gov.cn/eng/xw/fyrbt/202602/t20260215_11860467.html
IS,CO,visa_free,90,,
IS,CR,visa_free,180,,
IS,CU,evisa,,,
IS,CV,visa_free,30,,
IS,CY,visa_free,,,
IS,CZ,visa_free,,,
IS,DE,visa_free,,,
IS,DJ,visa_on_arrival,,,
IS,DK,visa_free,,,
IS,DM,visa_free,21,,
IS,DO,visa_free,30,,
IS,DZ,visa_required,,,
IS,EC,visa_free,90,,
IS,EE,visa_free,,,
IS,EG,visa_on_arrival,,,
IS,ER,visa_required,,,
IS,ES,visa_free,,,
IS,ET,visa_on_arrival,,,
IS,FI,visa_free,,,
IS,FJ,visa_free,120,,
IS,FM,visa_free,90,,
IS,FR,visa_free,,,
IS,GA,evisa,,,
IS,GB,eta,,,
IS,GD,visa_free,90,,
IS,GE,visa_free,365,,
IS,GH,visa_required,,,
IS,GM,visa_free,90,,
IS,GN,evisa,,,
IS,GQ,evisa,,,
IS,GR,visa_free,,,
IS,GT,visa_free,90,,
IS,GW,visa_on_arrival,,,
IS,GY,evisa,,,
IS,HN,visa_free,90,,
IS,HR,visa_free,,,
IS,HT,visa_free,90,,
IS,HU,visa_free,,,
IS,ID,visa_on_arrival,,,
IS,IE,visa_free,,,
IS,IL,eta,,,
IS,IN,evisa,,,
IS,IQ,evisa,,,
IS,IR,visa_on_arrival,,,
IS,IT,visa_free,,,
IS,JM,visa_free,90,,
IS,JO,visa_on_arrival,,,
IS,JP,visa_free,90,,
IS,KE,eta,,,
IS,KG,visa_free,60,,
IS,KH,visa_on_arrival,,,
IS,KI,visa_free,90,,
IS,KM,visa_on_arrival,,,
IS,KN,eta,,,
IS,KP,visa_required,,,
IS,KR,visa_free,90,,
IS,KW,visa_on_arrival,,,
IS,KZ,visa_free,30,,
IS,LA,visa_on_arrival,,,
IS,LB,visa_on_arrival,,,
IS,LC,visa_free,42,,
IS,LI,visa_free,,,
IS,LK,eta,,,
IS,LR,evisa,,,
IS,LS,visa_free,14,,
IS,LT,visa_free,,,
IS,LU,visa_free,,,
IS,LV,visa_free,,,
IS,LY,evisa,,,
IS,MA,visa_free,90,,
IS,MC,visa_free,,,
IS,MD,visa_free,90,,
IS,ME,visa_free,90,,
IS,MG,visa_on_arrival,,,
IS,MH,visa_on_arrival,,,
IS,MK,visa_free,90,,
IS,ML,visa_required,,,
IS,MM,evisa,,,
IS,MN,visa_free,30,,
IS,MR,evisa,,,
IS,MT,visa_free,,,
IS,MU,visa_free,90,,
IS,MV,visa_on_arrival,,,
IS,MW,evisa,,,
IS,MX,visa_free,180,,
IS,MY,visa_free,90,,
IS,MZ,visa_on_arrival,,,
IS,NA,visa_on_arrival,,,
IS,NE,visa_required,,,
IS,NG,evisa,,,
IS,NI,visa_free,90,,
IS,NL,visa_free,,,
IS,NO,visa_free,,,
IS,NP,visa_on_arrival,,,
IS,NR,visa_required,,,
IS,NZ,eta,,,
IS,OM,visa_on_arrival,,,
IS,PA,visa_free,90,,
IS,PE,visa_free,90,,
IS,PG,eta,,,
IS,PH,visa_free,30,,
IS,PK,evisa,,,
IS,PL,visa_free,,,
IS,PS,visa_free,,,
IS,PT,visa_free,,,
IS,PW,visa_on_arrival,,,
IS,PY,visa_free,90,,
IS,QA,visa_on_arrival,,,
IS,RO,visa_free,,,
IS,RS,visa_free,90,,
IS,RU,evisa,,,
IS,RW,visa_on_arrival,,,
IS,SA,visa_on_arrival,,,
IS,SB,visa_free,90,,
IS,SC,visa_free,90,,
IS,SD,visa_required,,,
IS,SE,visa_free,,,
IS,SG,visa_free,30,,
IS,SI,visa_free,,,
IS,SK,visa_free,,,
IS,SL,evisa,,,
IS,SM,visa_free,,,
IS,SN,visa_on_arrival,,,
IS,SO,evisa,,,
IS,SR,eta,,,
IS,SS,evisa,,,
IS,ST,visa_free,15,,
IS,SV,visa_free,180,,
IS,SY,evisa,,,
IS,SZ,visa_required,,,
IS,TD,evisa,,,
IS,TG,evisa,,,
IS,TH,visa_free,60,,
IS,TJ,visa_free,30,,
IS,TL,visa_free,90,,
IS,TM,visa_required,,,
IS,TN,visa_free,90,,
IS,TO,visa_free,90,,
IS,TR,visa_free,90,,
IS,TT,visa_free,90,,
IS,TV,visa_free,90,,
IS,TW,visa_free,90,,
IS,TZ,visa_on_arrival,,,
IS,UA,visa_free,90,,
IS,UG,evisa,,,
IS,US,eta,,,
IS,UY,visa_free,90,,
IS,UZ,visa_free,30,,
IS,VA,visa_free,,,
IS,VC,visa_free,90,,
IS,VE,visa_free,90,,
IS,VN,evisa,,,
IS,VU,evisa,,,
IS,WS,visa_on_arrival,,,
IS,XK,visa_free,90,,
IS,YE,visa_required,,,
IS,ZA,visa_free,90,,
IS,ZM,visa_free,90,,
IS,ZW,visa_on_arrival,,,
IT,AD,visa_free,,,
IT,AE,visa_free,90,,
IT,AF,visa_required,,,
IT,AG,visa_free,180,,
IT,AL,visa_free,90,,
IT,AM,visa_free,180,,
IT,AO,visa_free,30,,
IT,AR,visa_free,90,,
IT,AT,visa_free,,,
IT,AU,eta,,,
IT,AZ,evisa,,,
IT,BA,visa_free,90,,
IT,BB,visa_free,90,,
IT,BD,visa_on_arrival,,,
IT,BE,visa_free,,,
IT,BF,evisa,,,
IT,BG,visa_free,,,
IT,BH,visa_on_arrival,,,
IT,BI,visa_on_arrival,,,
IT,BJ,evisa,,,
IT,BN,visa_free,90,,
IT,BO,visa_free,90,,
IT,BR,visa_free,90,,
IT,BS,visa_free,240,,
IT,BT,evisa,,,
IT,BW,visa_free,90,,
IT,BY,visa_free,30,,
IT,BZ,visa_free,,,
IT,CA,eta,,,
IT,CD,evisa,,,
IT,CF,visa_required,,,
IT,CG,visa_required,,,
IT,CH,visa_free,,,
IT,CI,eta,,,
IT,CL,visa_free,90,,
IT,CM,evisa,,,
IT,CN,visa_free,30,,https://www.fmprc.gov.cn/eng/xw/fyrbt/202602/t20260215_11860467.html
IT,CO,visa_free,90,,
IT,CR,visa_free,180,,
IT,CU,evisa,,,
IT,CV,visa_free,30,,
IT,CY,visa_free,,,
IT,CZ,visa_free,,,
IT,DE,visa_free,,,
IT,DJ,visa_on_arrival,,,
IT,DK,visa_free,,,
IT,DM,visa_free,180,,
IT,DO,visa_free,30,,
IT,DZ,visa_required,,,
IT,EC,visa_free,90,,
IT,EE,visa_free,,,
IT,EG,visa_on_arrival,,,
IT,ER,visa_required,,,
IT,ES,visa_free,,,
IT,ET,visa_on_arrival,,,
IT,FI,visa_free,,,
IT,FJ,visa_free,120,,
IT,FM,visa_free,90,,
IT,FR,visa_free,,,
IT,GA,evisa,,,
IT,GB,eta,,,
IT,GD,visa_free,90,,
IT,GE,visa_free,365,,
IT,GH,visa_required,,,
IT,GM,visa_free,90,,
IT,GN,evisa,,,
IT,GQ,evisa,,,
IT,GR,visa_free,,,
IT,GT,visa_free,90,,
IT,GW,visa_on_arrival,,,
IT,GY,visa_free,90,,
IT,HN,visa_free,90,,
IT,HR,visa_free,,,
IT,HT,visa_free,90,,
IT,HU,visa_free,,,
IT,ID,visa_on_arrival,,,
IT,IE,visa_free,,,
IT,IL,eta,,,
IT,IN,evisa,,,
IT,IQ,evisa,,,
IT,IR,visa_on_arrival,,,
IT,IS,visa_free,,,
IT,JM,visa_free,90,,
IT,JO,visa_on_arrival,,,
IT,JP,visa_free,90,,
IT,KE,eta,,,
IT,KG,visa_free,60,,
IT,KH,visa_on_arrival,,,
IT,KI,visa_free,90,,
IT,KM,visa_on_arrival,,,
IT,KN,eta,,,
IT,KP,visa_required,,,
IT,KR,visa_free,90,,
IT,KW,visa_on_arrival,,,
IT,KZ,visa_free,30,,
IT,LA,visa_on_arrival,,,
IT,LB,visa_on_arrival,,,
IT,LC,visa_free,90,,
IT,LI,visa_free,,,
IT,LK,eta,,,
IT,LR,visa_required,,,
IT,LS,visa_free,14,,
IT,LT,visa_free,,,
IT,LU,visa_free,,,
IT,LV,visa_free,,,
IT,LY,evisa,,,
IT,MA,visa_free,90,,
IT,MC,visa_free,,,
IT,MD,visa_free,90,,
IT,ME,visa_free,90,,
IT,MG,visa_on_arrival,,,
IT,MH,visa_free,90,,
IT,MK,visa_free,90,,
IT,ML,visa_required,,,
IT,MM,evisa,,,
IT,MN,visa_free,30,,
IT,MR,evisa,,,
IT,MT,visa_free,,,
IT,MU,visa_free,90,,
IT,MV,visa_on_arrival,,,
IT,MW,evisa,,,
IT,MX,visa_free,180,,
IT,MY,visa_free,90,,
IT,MZ,visa_free,30,,
IT,NA,visa_on_arrival,,,
IT,NE,visa_required,,,
IT,NG,evisa,,,
IT,NI,visa_free,90,,
IT,NL,visa_free,,,
IT,NO,visa_free,,,
IT,NP,visa_on_arrival,,,
IT,NR,visa_required,,,
IT,NZ,eta,,,
IT,OM,visa_on_arrival,,,
IT,PA,visa_free,90,,
IT,PE,visa_free,90,,
IT,PG,eta,,,
IT,PH,visa_free,30,,
IT,PK,evisa,,,
IT,PL,visa_free,,,
IT,PS,visa_free,,,
IT,PT,visa_free,,,
IT,PW,visa_free,90,,
IT,PY,visa_free,90,,
IT,QA,visa_on_arrival,,,
IT,RO,visa_free,,,
IT,RS,visa_free,90,,
IT,RU,evisa,,,
IT,RW,visa_on_arrival,,,
IT,SA,visa_on_arrival,,,
IT,SB,visa_free,90,,
IT,SC,visa_free,90,,
IT,SD,visa_required,,,
IT,SE,visa_free,,,
IT,SG,visa_free,90,,
IT,SI,visa_free,,,
IT,SK,visa_free,,,
IT,SL,visa_on_arrival,,,
IT,SM,visa_free,,,
IT,SN,visa_free,90,,
IT,SO,evisa,,,
IT,SR,eta,,,
IT,SS,evisa,,,
IT,ST,visa_free,15,,
IT,SV,visa_free,180,,
IT,SY,evisa,,,
IT,SZ,visa_free,30,,
IT,TD,evisa,,,
IT,TG,evisa,,,
IT,TH,visa_free,60,,
IT,TJ,visa_free,30,,
IT,TL,visa_free,90,,
IT,TM,visa_required,,,
IT,TN,visa_free,90,,
IT,TO,visa_free,90,,
IT,TR,visa_free,90,,
IT,TT,visa_free,90,,
IT,TV,visa_free,90,,
IT,TW,visa_free,90,,
IT,TZ,visa_on_arrival,,,
IT,UA,visa_free,90,,
IT,UG,evisa,,,
IT,US,eta,,,
IT,UY,visa_free,90,,
IT,UZ,visa_free,30,,
IT,VA,visa_free,,,
IT,VC,visa_free,90,,
IT,VE,visa_free,90,,
IT,VN,visa_free,45,,
IT,VU,visa_free,120,,
IT,WS,visa_free,90,,
IT,XK,visa_free,90,,
IT,YE,visa_required,,,
IT,ZA,visa_free,90,,
IT,ZM,visa_free,90,,
IT,ZW,visa_on_arrival,,,
JM,AD,visa_required,,,
JM,AE,evisa,,,
JM,AF,visa_required,,,
JM,AG,visa_free,180,,
JM,AL,evisa,,,
JM,AM,evisa,,,
JM,AO,visa_free,30,,
JM,AR,visa_free,90,,
JM,AT,visa_required,,,
JM,AU,evisa,,,
JM,AZ,evisa,,,
JM,BA,visa_required,,,
JM,BB,visa_free,180,,
JM,BD,visa_free,90,,
JM,BE,visa_required,,,
JM,BF,evisa,,,
JM,BG,visa_required,,,
JM,BH,evisa,,,
JM,BI,visa_on_arrival,,,
JM,BJ,evisa,,,
JM,BN,visa_required,,,
JM,BO,evisa,,,
JM,BR,visa_free,90,,
JM,BS,visa_free,90,,
JM,BT,evisa,,,
JM,BW,visa_free,90,,
JM,BY,visa_required,,,
JM,BZ,visa_free,,,
JM,CA,visa_required,,,
JM,CD,evisa,,,
JM,CF,visa_required,,,
JM,CG,visa_required,,,
JM,CH,visa_required,,,
JM,CI,eta,,,
JM,CL,visa_free,90,,
JM,CM,evisa,,,
JM,CN,visa_required,,,
JM,CO,visa_free,90,,
JM,CR,visa_required,,,
JM,CU,evisa,,,
JM,CV,visa_required,,,
JM,CY,visa_required,,,
JM,CZ,visa_required,,,
JM,DE,visa_required,,,
JM,DJ,visa_on_arrival,,,
JM,DK,visa_required,,,
JM,DM,visa_free,180,,
JM,DO,visa_free,30,,
JM,DZ,visa_required,,,
JM,EC,visa_free,90,,
JM,EE,visa_required,,,
JM,EG,visa_on_arrival,,,
JM,ER,visa_required,,,
JM,ES,visa_required,,,
JM,ET,evisa,,,
JM,FI,visa_required,,,
JM,FJ,visa_free,120,,
JM,FM,visa_free,30,,
JM,FR,visa_required,,,
JM,GA,evisa,,,
JM,GB,visa_required,,,
JM,GD,visa_free,90,,
JM,GE,evisa,,,
JM,GH,visa_free,60,,
JM,GM,visa_free,90,,
JM,GN,evisa,,,
JM,GQ,evisa,,,
JM,GR,visa_required,,,
JM,GT,visa_required,,,
JM,GW,visa_on_arrival,,,
JM,GY,visa_free,180,,
JM,HN,visa_required,,,
JM,HR,visa_required,,,
JM,HT,visa_free,90,,
JM,HU,visa_required,,,
JM,ID,evisa,,,
JM,IE,visa_required,,,
JM,IL,eta,,,
JM,IN,evisa,,,
JM,IQ,evisa,,,
JM,IR,visa_on_arrival,,,
JM,IS,visa_required,,,
JM,IT,visa_required,,,
JM,JO,visa_on_arrival,,,
JM,JP,visa_required,,,
JM,KE,visa_free,90,,
JM,KG,evisa,,,
JM,KH,visa_on_arrival,,,
JM,KI,visa_free,90,,
JM,KM,visa_on_arrival,,,
JM,KN,eta,,,
JM,KP,visa_required,,,
JM,KR,eta,,,
JM,KW,visa_required,,,
JM,KZ,evisa,,,
JM,LA,visa_on_arrival,,,
JM,LB,visa_required,,,
JM,LC,visa_free,42,,
JM,LI,visa_required,,,
JM,LK,eta,,,
JM,LR,evisa,,,
JM,LS,visa_free,90,,
JM,LT,visa_required,,,
JM,LU,visa_required,,,
JM,LV,visa_required,,,
JM,LY,evisa,,,
JM,MA,visa_required,,,
JM,MC,visa_required,,,
JM,MD,evisa,,,
JM,ME,visa_required,,,
JM,MG,visa_on_arrival,,,
JM,MH,visa_required,,,
JM,MK,visa_required,,,
JM,ML,visa_required,,,
JM,MM,evisa,,,
JM,MN,evisa,,,
JM,MR,evisa,,,
JM,MT,visa_required,,,
JM,MU,visa_free,90,,
JM,MV,visa_on_arrival,,,
JM,MW,visa_free,90,,
JM,MX,visa_free,180,,
JM,MY,visa_free,30,,
JM,MZ,visa_on_arrival,,,
JM,NA,visa_free,90,,
JM,NE,visa_required,,,
JM,NG,evisa,,,
JM,NI,visa_on_arrival,,,
JM,NL,visa_required,,,
JM,NO,visa_required,,,
JM,NP,visa_on_arrival,,,
JM,NR,visa_required,,,
JM,NZ,visa_required,,,
JM,OM,evisa,,,
JM,PA,visa_free,90,,
JM,PE,visa_free,180,,
JM,PG,eta,,,
JM,PH,visa_free,30,,
JM,PK,evisa,,,
JM,PL,visa_required,,,
JM,PS,visa_free,,,
JM,PT,visa_required,,,
JM,PW,visa_on_arrival,,,
JM,PY,visa_required,,,
JM,QA,evisa,,,
JM,RO,visa_required,,,
JM,RS,visa_free,30,,
JM,RU,visa_free,90,,
JM,RW,visa_free,30,,
JM,SA,evisa,,,
JM,SB,visa_required,,,
JM,SC,visa_free,90,,
JM,SD,visa_required,,,
JM,SE,visa_required,,,
JM,SG,visa_free,30,,
JM,SI,visa_required,,,
JM,SK,visa_required,,,
JM,SL,visa_on_arrival,,,
JM,SM,visa_required,,,
JM,SN,visa_on_arrival,,,
JM,SO,evisa,,,
JM,SR,visa_free,180,,
JM,SS,evisa,,,
JM,ST,evisa,,,
JM,SV,evisa,,,
JM,SY,evisa,,,
JM,SZ,visa_free,30,,
JM,TD,evisa,,,
JM,TG,evisa,,,
JM,TH,visa_free,60,,
JM,TJ,visa_free,30,,
JM,TL,visa_on_arrival,,,
JM,TM,visa_required,,,
JM,TN,visa_required,,,
JM,TO,visa_required,,,
JM,TR,visa_on_arrival,,,
JM,TT,visa_free,,,
JM,TV,visa_on_arrival,,,
JM,TW,visa_required,,,
JM,TZ,visa_free,90,,
JM,UA,evisa,,,
JM,UG,visa_free,90,,
JM,US,visa_required,,,
JM,UY,visa_free,90,,
JM,UZ,visa_free,30,,
JM,VA,visa_required,,,
JM,VC,visa_free,180,,
JM,VE,visa_free,90,,
JM,VN,evisa,,,
JM,VU,visa_free,120,,
JM,WS,visa_on_arrival,,,
JM,XK,visa_required,,,
JM,YE,visa_required,,,
JM,ZA,visa_free,90,,
JM,ZM,visa_free,90,,
JM,ZW,visa_free,90,,
JO,AD,visa_required,,,
JO,AE,evisa,,,
JO,AF,visa_required,,,
JO,AG,evisa,,,
JO,AL,evisa,,,
JO,AM,visa_on_arrival,,,
JO,AO,visa_required,,,
JO,AR,visa_required,,,
JO,AT,visa_required,,,
JO,AU,evisa,,,
JO,AZ,evisa,,,
JO,BA,visa_required,,,
JO,BB,visa_free,90,,
JO,BD,visa_required,,,
JO,BE,visa_required,,,
JO,BF,evisa,,,
JO,BG,visa_required,,,
JO,BH,evisa,,,
JO,BI,visa_on_arrival,,,
JO,BJ,evisa,,,
JO,BN,visa_required,,,
JO,BO,evisa,,,
JO,BR,visa_required,,,
JO,BS,evisa,,,
JO,BT,evisa,,,
JO,BW,evisa,,,
JO,BY,visa_required,,,
JO,BZ,visa_required,,,
JO,CA,visa_required,,,
JO,CD,evisa,,,
JO,CF,visa_required,,,
JO,CG,visa_required,,,
JO,CH,visa_required,,,
JO,CI,eta,,,
JO,CL,visa_required,,,
JO,CM,evisa,,,
JO,CN,visa_required,,,
JO,CO,evisa,,,
JO,CR,visa_required,,,
JO,CU,evisa,,,
JO,CV,visa_required,,,
JO,CY,visa_required,,,
JO,CZ,visa_required,,,
JO,DE,visa_required,,,
JO,DJ,visa_on_arrival,,,
JO,DK,visa_required,,,
JO,DM,visa_free,21,,
JO,DO,visa_required,,,
JO,DZ,visa_required,,,
JO,EC,visa_free,90,,
JO,EE,visa_required,,,
JO,EG,visa_free,90,,
JO,ER,visa_required,,,
JO,ES,visa_required,,,
JO,ET,visa_on_arrival,,,
JO,FI,visa_required,,,
JO,FJ,visa_required,,,
JO,FM,visa_free,30,,
JO,FR,visa_required,,,
JO,GA,evisa,,,
JO,GB,visa_required,,,
JO,GD,visa_required,,,
JO,GE,visa_free,365,,
JO,GH,visa_required,,,
JO,GM,visa_required,,,
JO,GN,evisa,,,
JO,GQ,evisa,,,
JO,GR,visa_required,,,
JO,GT,visa_required,,,
JO,GW,visa_on_arrival,,,
JO,GY,evisa,,,
JO,HN,visa_required,,,
JO,HR,visa_required,,,
JO,HT,visa_free,90,,
JO,HU,visa_required,,,
JO,ID,visa_on_arrival,,,
JO,IE,visa_required,,,
JO,IL,evisa,,,
JO,IN,evisa,,,
JO,IQ,evisa,,,
JO,IR,visa_required,,,
JO,IS,visa_required,,,
JO,IT,visa_required,,,
JO,JM,visa_required,,,
JO,JP,visa_required,,,
JO,KE,eta,,,
JO,KG,evisa,,,
JO,KH,visa_on_arrival,,,
JO,KI,visa_required,,,
JO,KM,visa_on_arrival,,,
JO,KN,eta,,,
JO,KP,visa_required,,,
JO,KR,evisa,,,
JO,KW,visa_required,,,
JO,KZ,evisa,,,
JO,LA,visa_required,,,
JO,LB,visa_free,180,,
JO,LC,visa_required,,,
JO,LI,visa_required,,,
JO,LK,eta,,,
JO,LR,evisa,,,
JO,LS,visa_required,,,
JO,LT,visa_required,,,
JO,LU,visa_required,,,
JO,LV,visa_required,,,
JO,LY,evisa,,,
JO,MA,evisa,,,
JO,MC,visa_required,,,
JO,MD,evisa,,,
JO,ME,visa_required,,,
JO,MG,visa_on_arrival,,,
JO,MH,visa_required,,,
JO,MK,visa_required,,,
JO,ML,visa_required,,,
JO,MM,evisa,,,
JO,MN,visa_required,,,
JO,MR,evisa,,,
JO,MT,visa_required,,,
JO,MU,visa_on_arrival,,,
JO,MV,visa_on_arrival,,,
JO,MW,evisa,,,
JO,MX,visa_required,,,
JO,MY,visa_free,90,,
JO,MZ,visa_on_arrival,,,
JO,NA,evisa,,,
JO,NE,visa_required,,,
JO,NG,evisa,,,
JO,NI,visa_on_arrival,,,
JO,NL,visa_required,,,
JO,NO,visa_required,,,
JO,NP,visa_on_arrival,,,
JO,NR,visa_required,,,
JO,NZ,visa_required,,,
JO,OM,evisa,,,
JO,PA,visa_required,,,
JO,PE,visa_required,,,
JO,PG,evisa,,,
JO,PH,visa_required,,,
JO,PK,evisa,,,
JO,PL,visa_required,,,
JO,PS,visa_required,,,
JO,PT,visa_required,,,
JO,PW,visa_on_arrival,,,
JO,PY,visa_required,,,
JO,QA,evisa,,,
JO,RO,visa_required,,,
JO,RS,visa_required,,,
JO,RU,visa_free,30,,
JO,RW,visa_on_arrival,,,
JO,SA,evisa,,,
JO,SB,visa_required,,,
JO,SC,visa_free,90,,
JO,SD,visa_required,,,
JO,SE,visa_required,,,
JO,SG,evisa,,,
JO,SI,visa_required,,,
JO,SK,visa_required,,,
JO,SL,evisa,,,
JO,SM,visa_required,,,
JO,SN,visa_required,,,
JO,SO,evisa,,,
JO,SR,eta,,,
JO,SS,evisa,,,
JO,ST,evisa,,,
JO,SV,evisa,,,
JO,SY,visa_free,,,
JO,SZ,visa_required,,,
JO,TD,evisa,,,
JO,TG,evisa,,,
JO,TH,visa_free,60,,
JO,TJ,visa_free,30,,
JO,TL,visa_on_arrival,,,
JO,TM,visa_required,,,
JO,TN,visa_free,90,,
JO,TO,visa_required,,,
JO,TR,visa_free,90,,
JO,TT,visa_required,,,
JO,TV,visa_on_arrival,,,
JO,TW,visa_required,,,
JO,TZ,visa_on_arrival,,,
JO,UA,visa_required,,,
JO,UG,evisa,,,
JO,US,visa_required,,,
JO,UY,visa_required,,,
JO,UZ,visa_free,30,,
JO,VA,visa_required,,,
JO,VC,visa_required,,,
JO,VE,visa_required,,,
JO,VN,evisa,,,
JO,VU,evisa,,,
JO,WS,visa_on_arrival,,,
JO,XK,visa_free,90,,
JO,YE,visa_on_arrival,,,
JO,ZA,visa_free,30,,
JO,ZM,evisa,,,
JO,ZW,evisa,,,
JP,AD,visa_free,90,,
JP,AE,visa_free,90,,
JP,AF,visa_required,,,
JP,AG,visa_free,180,,
JP,AL,visa_free,90,,
JP,AM,visa_free,180,,
JP,AO,visa_free,30,,
JP,AR,visa_free,90,,
JP,AT,visa_free,90,,
JP,AU,eta,,,https://immi.homeaffairs.gov.au/
JP,AZ,visa_free,30,2026-07-01,https://migration.gov.az/en
JP,BA,visa_free,90,,
JP,BB,visa_free,90,,
JP,BD,visa_on_arrival,,,
JP,BE,visa_free,90,,
JP,BF,evisa,,,
JP,BG,visa_free,90,,
JP,BH,visa_on_arrival,,,
JP,BI,visa_on_arrival,,,
JP,BJ,evisa,,,
JP,BN,visa_free,30,,
JP,BO,visa_free,90,,
JP,BR,visa_free,90,,
JP,BS,visa_free,90,,
JP,BT,evisa,,,
JP,BW,visa_free,90,,
JP,BY,visa_free,30,,
JP,BZ,visa_free,90,,
JP,CA,eta,,,https://www.canada.ca/en/immigration-refugees-citizenship/services/visit-canada/eta.html
JP,CD,evisa,,,
JP,CF,visa_required,,,
JP,CG,visa_required,,,
JP,CH,visa_free,90,,
JP,CI,eta,,,
JP,CL,visa_free,90,,
JP,CM,evisa,,,
JP,CN,visa_free,30,,https://www.fmprc.gov.cn/eng/xw/fyrbt/202602/t20260215_11860467.html
JP,CO,visa_free,90,,
JP,CR,visa_free,180,,
JP,CU,evisa,,,
JP,CV,visa_on_arrival,,,
JP,CY,visa_free,90,,
JP,CZ,visa_free,90,,
JP,DE,visa_free,90,,
JP,DJ,visa_on_arrival,,,
JP,DK,visa_free,90,,
JP,DM,visa_free,180,,
JP,DO,visa_free,30,,
JP,DZ,visa_required,,,
JP,EC,visa_free,90,,
JP,EE,visa_free,90,,
JP,EG,visa_on_arrival,,,
JP,ER,visa_required,,,
JP,ES,visa_free,90,,
JP,ET,visa_on_arrival,,,
JP,FI,visa_free,90,,
JP,FJ,visa_free,120,,
JP,FM,visa_free,30,,
JP,FR,visa_free,90,,
JP,GA,evisa,,,
JP,GB,eta,,,
JP,GD,visa_free,90,,
JP,GE,visa_free,365,,
JP,GH,visa_required,,,
JP,GM,visa_required,,,
JP,GN,evisa,,,
JP,GQ,evisa,,,
JP,GR,visa_free,90,,
JP,GT,visa_free,90,,
JP,GW,visa_on_arrival,,,
JP,GY,visa_free,90,,
JP,HN,visa_free,90,,
JP,HR,visa_free,90,,
JP,HT,visa_free,90,,
JP,HU,visa_free,90,,
JP,ID,visa_on_arrival,,,
JP,IE,visa_free,90,,
JP,IL,eta,,,
JP,IN,visa_on_arrival,,,
JP,IQ,evisa,,,
JP,IR,visa_free,15,,
JP,IS,visa_free,90,,
JP,IT,visa_free,90,,
JP,JM,visa_free,30,,
JP,JO,visa_on_arrival,,,
JP,KE,eta,,,
JP,KG,visa_free,60,,
JP,KH,visa_on_arrival,,,
JP,KI,visa_free,90,,
JP,KM,visa_on_arrival,,,
JP,KN,eta,,,
JP,KP,visa_required,,,
JP,KR,visa_free,90,,
JP,KW,visa_on_arrival,,,
JP,KZ,visa_free,30,,
JP,LA,visa_free,15,,
JP,LB,visa_on_arrival,,,
JP,LC,visa_free,42,,
JP,LI,visa_free,90,,
JP,LK,eta,,,
JP,LR,visa_required,,,
JP,LS,visa_free,90,,
JP,LT,visa_free,90,,
JP,LU,visa_free,90,,
JP,LV,visa_free,90,,
JP,LY,evisa,,,
JP,MA,visa_free,90,,
JP,MC,visa_free,90,,
JP,MD,visa_free,90,,
JP,ME,visa_free,90,,
JP,MG,visa_on_arrival,,,
JP,MH,visa_on_arrival,,,
JP,MK,visa_free,90,,
JP,ML,visa_required,,,
JP,MM,visa_on_arrival,,,
JP,MN,visa_free,30,,
JP,MR,evisa,,,
JP,MT,visa_free,90,,
JP,MU,visa_free,90,,
JP,MV,visa_on_arrival,,,
JP,MW,evisa,,,
JP,MX,visa_free,180,,
JP,MY,visa_free,90,,
JP,MZ,visa_free,30,,
JP,NA,visa_on_arrival,,,
JP,NE,visa_required,,,
JP,NG,evisa,,,
JP,NI,visa_free,90,,
JP,NL,visa_free,90,,
JP,NO,visa_free,90,,
JP,NP,visa_on_arrival,,,
JP,NR,visa_required,,,
JP,NZ,eta,,,
JP,OM,visa_on_arrival,,,
JP,PA,visa_free,90,,
JP,PE,visa_free,180,,
JP,PG,eta,,,
JP,PH,visa_free,30,,
JP,PK,evisa,,,
JP,PL,visa_free,90,,
JP,PS,visa_free,,,
JP,PT,visa_free,90,,
JP,PW,visa_on_arrival,,,
JP,PY,visa_free,90,,
JP,QA,visa_on_arrival,,,
JP,RO,visa_free,90,,
JP,RS,visa_free,90,,
JP,RU,evisa,,,
JP,RW,visa_on_arrival,,,
JP,SA,visa_on_arrival,,,
JP,SB,visa_on_arrival,,,
JP,SC,visa_free,90,,
JP,SD,visa_required,,,
JP,SE,visa_free,90,,
JP,SG,visa_free,30,,
JP,SI,visa_free,90,,
JP,SK,visa_free,90,,
JP,SL,visa_on_arrival,,,
JP,SM,visa_free,90,,
JP,SN,visa_free,90,,
JP,SO,evisa,,,
JP,SR,eta,,,
JP,SS,evisa,,,
JP,ST,visa_free,15,,
JP,SV,visa_free,180,,
JP,SY,evisa,,,
JP,SZ,visa_free,30,,
JP,TD,evisa,,,
JP,TG,evisa,,,
JP,TH,visa_free,60,,
JP,TJ,visa_free,30,,
JP,TL,visa_on_arrival,,,
JP,TM,visa_required,,,
JP,TN,visa_free,90,,
JP,TO,visa_on_arrival,,,
JP,TR,visa_free,90,,
JP,TT,visa_free,90,,
JP,TV,visa_on_arrival,,,
JP,TW,visa_free,90,,
JP,TZ,visa_on_arrival,,,
JP,UA,visa_free,90,,
JP,UG,evisa,,,
JP,US,eta,,,https://esta.cbp.dhs.gov/
JP,UY,visa_free,90,,
JP,UZ,visa_free,30,,
JP,VA,visa_free,90,,
JP,VC,visa_free,90,,
JP,VE,visa_free,90,,
JP,VN,visa_free,45,,
JP,VU,visa_free,120,,
JP,WS,visa_on_arrival,,,
JP,XK,visa_free,90,,
JP,YE,visa_required,,,
JP,ZA,visa_free,90,,
JP,ZM,visa_free,90,,
JP,ZW,visa_on_arrival,,,
KE,AD,visa_required,,,
KE,AE,evisa,,,
KE,AF,visa_required,,,
KE,AG,visa_free,180,,
KE,AL,evisa,,,
KE,AM,visa_required,,,
KE,AO,visa_required,,,
KE,AR,visa_required,,,
KE,AT,visa_required,,,
KE,AU,evisa,,,
KE,AZ,visa_required,,,
KE,BA,visa_required,,,
KE,BB,visa_free,180,,
KE,BD,visa_required,,,
KE,BE,visa_required,,,
KE,BF,evisa,,,
KE,BG,visa_required,,,
KE,BH,evisa,,,
KE,BI,visa_free,90,,
KE,BJ,visa_free,90,,
KE,BN,visa_required,,,
KE,BO,evisa,,,
KE,BR,visa_required,,,
KE,BS,visa_free,90,,
KE,BT,evisa,,,
KE,BW,visa_free,90,,
KE,BY,visa_required,,,
KE,BZ,visa_required,,,
KE,CA,visa_required,,,
KE,CD,visa_on_arrival,,,
KE,CF,visa_required,,,
KE,CG,visa_required,,,
KE,CH,visa_required,,,
KE,CI,eta,,,
KE,CL,visa_required,,,
KE,CM,evisa,,,
KE,CN,visa_required,,,
KE,CO,evisa,,,
KE,CR,visa_required,,,
KE,CU,visa_free,90,,
KE,CV,visa_on_arrival,,,
KE,CY,visa_required,,,
KE,CZ,visa_required,,,
KE,DE,visa_required,,,
KE,DJ,visa_on_arrival,,,
KE,DK,visa_required,,,
KE,DM,visa_free,180,,
KE,DO,visa_required,,,
KE,DZ,visa_required,,,
KE,EC,evisa,,,
KE,EE,visa_required,,,
KE,EG,visa_required,,,
KE,ER,visa_free,,,
KE,ES,visa_required,,,
KE,ET,visa_free,360,,
KE,FI,visa_required,,,
KE,FJ,visa_free,120,,
KE,FM,visa_free,30,,
KE,FR,visa_required,,,
KE,GA,evisa,,,
KE,GB,visa_required,,,
KE,GD,visa_free,90,,
KE,GE,visa_required,,,
KE,GH,visa_free,60,,
KE,GM,visa_free,90,,
KE,GN,evisa,,,
KE,GQ,evisa,,,
KE,GR,visa_required,,,
KE,GT,visa_required,,,
KE,GW,visa_on_arrival,,,
KE,GY,evisa,,,
KE,HN,visa_required,,,
KE,HR,visa_required,,,
KE,HT,visa_free,90,,
KE,HU,visa_required,,,
KE,ID,visa_on_arrival,,,
KE,IE,visa_required,,,
KE,IL,evisa,,,
KE,IN,evisa,,,
KE,IQ,evisa,,,
KE,IR,visa_on_arrival,,,
KE,IS,visa_required,,,
KE,IT,visa_required,,,
KE,JM,visa_free,,,
KE,JO,visa_on_arrival,,,
KE,JP,visa_required,,,
KE,KG,evisa,,,
KE,KH,visa_on_arrival,,,
KE,KI,visa_free,90,,
KE,KM,visa_on_arrival,,,
KE,KN,eta,,,
KE,KP,visa_required,,,
KE,KR,evisa,,,
KE,KW,visa_required,,,
KE,KZ,evisa,,,
KE,LA,visa_on_arrival,,,
KE,LB,visa_required,,,
KE,LC,visa_on_arrival,,,
KE,LI,visa_required,,,
KE,LK,eta,,,
KE,LR,evisa,,,
KE,LS,visa_free,90,,
KE,LT,visa_required,,,
KE,LU,visa_required,,,
KE,LV,visa_required,,,
KE,LY,evisa,,,
KE,MA,visa_required,,,
KE,MC,visa_required,,,
KE,MD,evisa,,,
KE,ME,visa_required,,,
KE,MG,visa_on_arrival,,,
KE,MH,visa_required,,,
KE,MK,visa_required,,,
KE,ML,visa_on_arrival,,,
KE,MM,evisa,,,
KE,MN,evisa,,,
KE,MR,evisa,,,
KE,MT,visa_required,,,
KE,MU,visa_free,90,,
KE,MV,visa_on_arrival,,,
KE,MW,visa_free,90,,
KE,MX,visa_required,,,
KE,MY,visa_free,30,,
KE,MZ,visa_on_arrival,,,
KE,NA,visa_free,90,,
KE,NE,visa_required,,,
KE,NG,evisa,,,
KE,NI,visa_required,,,
KE,NL,visa_required,,,
KE,NO,visa_required,,,
KE,NP,visa_on_arrival,,,
KE,NR,visa_required,,,
KE,NZ,visa_required,,,
KE,OM,evisa,,,
KE,PA,visa_required,,,
KE,PE,visa_required,,,
KE,PG,eta,,,
KE,PH,visa_free,30,,
KE,PK,evisa,,,
KE,PL,visa_required,,,
KE,PS,visa_required,,,
KE,PT,visa_required,,,
KE,PW,visa_on_arrival,,,
KE,PY,visa_required,,,
KE,QA,evisa,,,
KE,RO,visa_required,,,
KE,RS,visa_required,,,
KE,RU,evisa,,,
KE,RW,visa_free,180,,
KE,SA,evisa,,,
KE,SB,visa_required,,,
KE,SC,visa_free,90,,
KE,SD,visa_on_arrival,,,
KE,SE,visa_required,,,
KE,SG,visa_free,30,,
KE,SI,visa_required,,,
KE,SK,visa_required,,,
KE,SL,visa_on_arrival,,,
KE,SM,visa_required,,,
KE,SN,visa_on_arrival,,,
KE,SO,evisa,,,
KE,SR,evisa,,,
KE,SS,visa_free,,,
KE,ST,evisa,,,
KE,SV,evisa,,,
KE,SY,evisa,,,
KE,SZ,visa_free,30,,
KE,TD,evisa,,,
KE,TG,evisa,,,
KE,TH,evisa,,,
KE,TJ,evisa,,,
KE,TL,visa_on_arrival,,,
KE,TM,visa_required,,,
KE,TN,visa_required,,,
KE,TO,visa_required,,,
KE,TR,visa_required,,,
KE,TT,visa_free,,,
KE,TV,visa_on_arrival,,,
KE,TW,visa_required,,,
KE,TZ,visa_free,90,,
KE,UA,visa_required,,,
KE,UG,visa_free,90,,
KE,US,visa_required,,,
KE,UY,visa_required,,,
KE,UZ,visa_required,,,
KE,VA,visa_required,,,
KE,VC,visa_free,90,,
KE,VE,visa_required,,,
KE,VN,evisa,,,
KE,VU,visa_free,120,,
KE,WS,visa_on_arrival,,,
KE,XK,visa_required,,,
KE,YE,visa_required,,,
KE,ZA,visa_free,90,,
KE,ZM,visa_free,90,,
KE,ZW,visa_free,90,,
KG,AD,visa_required,,,
KG,AE,evisa,,,
KG,AF,visa_required,,,
KG,AG,visa_free,180,,
KG,AL,evisa,,,
KG,AM,visa_free,180,,
KG,AO,visa_required,,,
KG,AR,visa_required,,,
KG,AT,visa_required,,,
KG,AU,evisa,,,
KG,AZ,visa_free,90,,
KG,BA,visa_required,,,
KG,BB,visa_free,28,,
KG,BD,visa_on_arrival,,,
KG,BE,visa_required,,,
KG,BF,evisa,,,
KG,BG,visa_required,,,
KG,BH,evisa,,,
KG,BI,visa_on_arrival,,,
KG,BJ,evisa,,,
KG,BN,visa_required,,,
KG,BO,evisa,,,
KG,BR,visa_required,,,
KG,BS,evisa,,,
KG,BT,evisa,,,
KG,BW,evisa,,,
KG,BY,visa_free,,,
KG,BZ,visa_required,,,
KG,CA,visa_required,,,
KG,CD,evisa,,,
KG,CF,visa_required,,,
KG,CG,visa_required,,,
KG,CH,visa_required,,,
KG,CI,eta,,,
KG,CL,visa_required,,,
KG,CM,evisa,,,
KG,CN,visa_required,,,
KG,CO,evisa,,,
KG,CR,visa_required,,,
KG,CU,evisa,,,
KG,CV,visa_required,,,
KG,CY,visa_required,,,
KG,CZ,visa_required,,,
KG,DE,visa_required,,,
KG,DJ,visa_on_arrival,,,
KG,DK,visa_required,,,
KG,DM,visa_free,21,,
KG,DO,visa_required,,,
KG,DZ,visa_required,,,
KG,EC,evisa,,,
KG,EE,visa_required,,,
KG,EG,visa_required,,,
KG,ER,visa_required,,,
KG,ES,visa_required,,,
KG,ET,evisa,,,
KG,FI,visa_required,,,
KG,FJ,visa_required,,,
KG,FM,visa_free,30,,
KG,FR,visa_required,,,
KG,GA,evisa,,,
KG,GB,visa_required,,,
KG,GD,visa_free,,,
KG,GE,visa_free,365,,
KG,GH,visa_required,,,
KG,GM,visa_required,,,
KG,GN,evisa,,,
KG,GQ,evisa,,,
KG,GR,visa_required,,,
KG,GT,visa_required,,,
KG,GW,visa_on_arrival,,,
KG,GY,evisa,,,
KG,HN,visa_required,,,
KG,HR,visa_required,,,
KG,HT,visa_free,90,,
KG,HU,visa_required,,,
KG,ID,evisa,,,
KG,IE,visa_required,,,
KG,IL,evisa,,,
KG,IN,evisa,,,
KG,IQ,evisa,,,
KG,IR,visa_free,15,,
KG,IS,visa_required,,,
KG,IT,visa_required,,,
KG,JM,visa_on_arrival,,,
KG,JO,visa_on_arrival,,,
KG,JP,visa_required,,,
KG,KE,eta,,,
KG,KH,visa_on_arrival,,,
KG,KI,visa_required,,,
KG,KM,visa_on_arrival,,,
KG,KN,evisa,,,
KG,KP,visa_required,,,
KG,KR,evisa,,,
KG,KW,visa_required,,,
KG,KZ,visa_free,90,,
KG,LA,visa_on_arrival,,,
KG,LB,visa_on_arrival,,,
KG,LC,visa_on_arrival,,,
KG,LI,visa_required,,,
KG,LK,eta,,,
KG,LR,evisa,,,
KG,LS,visa_required,,,
KG,LT,visa_required,,,
KG,LU,visa_required,,,
KG,LV,visa_required,,,
KG,LY,evisa,,,
KG,MA,visa_required,,,
KG,MC,visa_required,,,
KG,MD,visa_free,90,,
KG,ME,visa_required,,,
KG,MG,visa_on_arrival,,,
KG,MH,visa_on_arrival,,,
KG,MK,visa_required,,,
KG,ML,visa_required,,,
KG,MM,evisa,,,
KG,MN,visa_free,90,,
KG,MR,evisa,,,
KG,MT,visa_required,,,
KG,MU,visa_on_arrival,,,
KG,MV,visa_on_arrival,,,
KG,MW,evisa,,,
KG,MX,visa_required,,,
KG,MY,visa_free,90,,
KG,MZ,visa_on_arrival,,,
KG,NA,visa_on_arrival,,,
KG,NE,visa_required,,,
KG,NG,evisa,,,
KG,NI,visa_on_arrival,,,
KG,NL,visa_required,,,
KG,NO,visa_required,,,
KG,NP,visa_on_arrival,,,
KG,NR,visa_required,,,
KG,NZ,visa_required,,,
KG,OM,evisa,,,
KG,PA,visa_required,,,
KG,PE,visa_required,,,
KG,PG,evisa,,,
KG,PH,visa_free,30,,
KG,PK,evisa,,,
KG,PL,visa_required,,,
KG,PS,visa_free,,,
KG,PT,visa_required,,,
KG,PW,visa_on_arrival,,,
KG,PY,visa_required,,,
KG,QA,evisa,,,
KG,RO,visa_required,,,
KG,RS,visa_free,90,,
KG,RU,visa_free,,,
KG,RW,visa_on_arrival,,,
KG,SA,visa_on_arrival,,,
KG,SB,visa_required,,,
KG,SC,visa_free,90,,
KG,SD,visa_required,,,
KG,SE,visa_required,,,
KG,SG,evisa,,,
KG,SI,visa_required,,,
KG,SK,visa_required,,,
KG,SL,evisa,,,
KG,SM,visa_required,,,
KG,SN,visa_required,,,
KG,SO,evisa,,,
KG,SR,eta,,,
KG,SS,evisa,,,
KG,ST,evisa,,,
KG,SV,evisa,,,
KG,SY,visa_on_arrival,,,
KG,SZ,visa_required,,,
KG,TD,evisa,,,
KG,TG,evisa,,,
KG,TH,visa_on_arrival,,,
KG,TJ,visa_free,,,
KG,TL,visa_on_arrival,,,
KG,TM,visa_required,,,
KG,TN,visa_required,,,
KG,TO,visa_required,,,
KG,TR,visa_free,90,,
KG,TT,visa_required,,,
KG,TV,visa_on_arrival,,,
KG,TW,visa_required,,,
KG,TZ,evisa,,,
KG,UA,visa_free,90,,
KG,UG,evisa,,,
KG,US,visa_required,,,
KG,UY,visa_required,,,
KG,UZ,visa_free,60,,
KG,VA,visa_required,,,
KG,VC,visa_free,90,,
KG,VE,visa_required,,,
KG,VN,visa_free,30,,
KG,VU,evisa,,,
KG,WS,visa_on_arrival,,,
KG,XK,visa_required,,,
KG,YE,visa_required,,,
KG,ZA,visa_required,,,
KG,ZM,evisa,,,
KG,ZW,visa_on_arrival,,,
KH,AD,visa_required,,,
KH,AE,evisa,,,
KH,AF,visa_required,,,
KH,AG,evisa,,,
KH,AL,evisa,,,
KH,AM,evisa,,,
KH,AO,visa_required,,,
KH,AR,visa_required,,,
KH,AT,visa_required,,,
KH,AU,evisa,,,
KH,AZ,visa_required,,,
KH,BA,visa_required,,,
KH,BB,visa_free,90,,
KH,BD,visa_on_arrival,,,
KH,BE,visa_required,,,
KH,BF,evisa,,,
KH,BG,visa_required,,,
KH,BH,evisa,,,
KH,BI,visa_on_arrival,,,
KH,BJ,evisa,,,
KH,BN,visa_free,14,,
KH,BO,evisa,,,
KH,BR,visa_required,,,
KH,BS,evisa,,,
KH,BT,evisa,,,
KH,BW,evisa,,,
KH,BY,visa_required,,,
KH,BZ,visa_required,,,
KH,CA,visa_required,,,
KH,CD,evisa,,,
KH,CF,visa_required,,,
KH,CG,visa_required,,,
KH,CH,visa_required,,,
KH,CI,eta,,,
KH,CL,visa_required,,,
KH,CM,evisa,,,
KH,CN,visa_required,,,
KH,CO,evisa,,,
KH,CR,visa_required,,,
KH,CU,evisa,,,
KH,CV,visa_required,,,
KH,CY,visa_required,,,
KH,CZ,visa_required,,,
KH,DE,visa_required,,,
KH,DJ,visa_on_arrival,,,
KH,DK,visa_required,,,
KH,DM,visa_free,21,,
KH,DO,visa_required,,,
KH,DZ,visa_required,,,
KH,EC,visa_free,90,,
KH,EE,visa_required,,,
KH,EG,visa_on_arrival,,,
KH,ER,visa_required,,,
KH,ES,visa_required,,,
KH,ET,evisa,,,
KH,FI,visa_required,,,
KH,FJ,visa_required,,,
KH,FM,visa_free,30,,
KH,FR,visa_required,,,
KH,GA,evisa,,,
KH,GB,visa_required,,,
KH,GD,visa_required,,,
KH,GE,visa_required,,,
KH,GH,visa_required,,,
KH,GM,visa_required,,,
KH,GN,evisa,,,
KH,GQ,evisa,,,
KH,GR,visa_required,,,
KH,GT,visa_required,,,
KH,GW,visa_on_arrival,,,
KH,GY,evisa,,,
KH,HN,visa_required,,,
KH,HR,visa_required,,,
KH,HT,visa_free,90,,
KH,HU,visa_required,,,
KH,ID,visa_free,30,,
KH,IE,visa_required,,,
KH,IL,evisa,,,
KH,IN,evisa,,,
KH,IQ,evisa,,,
KH,IR,visa_free,15,,
KH,IS,visa_required,,,
KH,IT,visa_required,,,
KH,JM,visa_required,,,
KH,JO,visa_required,,,
KH,JP,evisa,,,
KH,KE,eta,,,
KH,KG,evisa,,,
KH,KI,visa_required,,,
KH,KM,visa_on_arrival,,,
KH,KN,evisa,,,
KH,KP,visa_required,,,
KH,KR,evisa,,,
KH,KW,visa_on_arrival,,,
KH,KZ,evisa,,,
KH,LA,visa_free,30,,
KH,LB,visa_required,,,
KH,LC,visa_on_arrival,,,
KH,LI,visa_required,,,
KH,LK,eta,,,
KH,LR,evisa,,,
KH,LS,visa_required,,,
KH,LT,visa_required,,,
KH,LU,visa_required,,,
KH,LV,visa_required,,,
KH,LY,evisa,,,
KH,MA,visa_required,,,
KH,MC,visa_required,,,
KH,MD,evisa,,,
KH,ME,visa_required,,,
KH,MG,visa_on_arrival,,,
KH,MH,visa_on_arrival,,,
KH,MK,visa_required,,,
KH,ML,visa_required,,,
KH,MM,visa_free,14,,
KH,MN,evisa,,,
KH,MR,evisa,,,
KH,MT,visa_required,,,
KH,MU,visa_on_arrival,,,
KH,MV,visa_on_arrival,,,
KH,MW,evisa,,,
KH,MX,visa_required,,,
KH,MY,visa_free,30,,
KH,MZ,visa_on_arrival,,,
KH,NA,visa_on_arrival,,,
KH,NE,visa_required,,,
KH,NG,evisa,,,
KH,NI,visa_on_arrival,,,
KH,NL,visa_required,,,
KH,NO,visa_required,,,
KH,NP,visa_on_arrival,,,
KH,NR,visa_required,,,
KH,NZ,visa_required,,,
KH,OM,evisa,,,
KH,PA,visa_free,90,,
KH,PE,visa_required,,,
KH,PG,evisa,,,
KH,PH,visa_free,30,,
KH,PK,evisa,,,
KH,PL,visa_required,,,
KH,PS,visa_free,,,
KH,PT,visa_required,,,
KH,PW,visa_on_arrival,,,
KH,PY,visa_required,,,
KH,QA,evisa,,,
KH,RO,visa_required,,,
KH,RS,visa_required,,,
KH,RU,evisa,,,
KH,RW,visa_free,30,,
KH,SA,evisa,,,
KH,SB,visa_required,,,
KH,SC,visa_free,90,,
KH,SD,visa_required,,,
KH,SE,visa_required,,,
KH,SG,visa_free,30,,
KH,SI,visa_required,,,
KH,SK,visa_required,,,
KH,SL,visa_on_arrival,,,
KH,SM,visa_required,,,
KH,SN,visa_required,,,
KH,SO,evisa,,,
KH,SR,eta,,,
KH,SS,evisa,,,
KH,ST,evisa,,,
KH,SV,evisa,,,
KH,SY,evisa,,,
KH,SZ,visa_required,,,
KH,TD,evisa,,,
KH,TG,evisa,,,
KH,TH,visa_free,60,,
KH,TJ,evisa,,,
KH,TL,visa_on_arrival,,,
KH,TM,visa_required,,,
KH,TN,visa_required,,,
KH,TO,visa_required,,,
KH,TR,visa_required,,,
KH,TT,visa_required,,,
KH,TV,visa_on_arrival,,,
KH,TW,visa_required,,2026-08-10,https://www.boca.gov.tw/cp-220-8253-ff790-2.html
KH,TZ,visa_on_arrival,,,
KH,UA,evisa,,,
KH,UG,evisa,,,
KH,US,visa_required,,,
KH,UY,visa_required,,,
KH,UZ,evisa,,,
KH,VA,visa_required,,,
KH,VC,visa_free,90,,
KH,VE,visa_required,,,
KH,VN,visa_free,30,,
KH,VU,evisa,,,
KH,WS,visa_on_arrival,,,
KH,XK,visa_required,,,
KH,YE,visa_required,,,
KH,ZA,visa_required,,,
KH,ZM,evisa,,,
KH,ZW,evisa,,,
KI,AD,visa_free,90,,
KI,AE,visa_free,90,,
KI,AF,visa_required,,,
KI,AG,visa_free,180,,
KI,AL,evisa,,,
KI,AM,evisa,,,
KI,AO,visa_free,30,,
KI,AR,visa_required,,,
KI,AT,visa_free,90,,
KI,AU,evisa,,,
KI,AZ,visa_required,,,
KI,BA,visa_free,90,,
KI,BB,visa_free,180,,
KI,BD,visa_on_arrival,,,
KI,BE,visa_free,90,,
KI,BF,evisa,,,
KI,BG,visa_free,90,,
KI,BH,evisa,,,
KI,BI,visa_on_arrival,,,
KI,BJ,evisa,,,
KI,BN,visa_required,,,
KI,BO,evisa,,,
KI,BR,visa_required,,,
KI,BS,visa_free,90,,
KI,BT,evisa,,,
KI,BW,visa_free,90,,
KI,BY,visa_required,,,
KI,BZ,visa_free,,,
KI,CA,visa_required,,,
KI,CD,evisa,,,
KI,CF,visa_required,,,
KI,CG,visa_required,,,
KI,CH,visa_free,90,,
KI,CI,eta,,,
KI,CL,visa_required,,,
KI,CM,evisa,,,
KI,CN,visa_required,,,
KI,CO,evisa,,,
KI,CR,visa_free,30,,
KI,CU,evisa,,,
KI,CV,visa_required,,,
KI,CY,visa_free,90,,
KI,CZ,visa_free,90,,
KI,DE,visa_free,90,,
KI,DJ,visa_on_arrival,,,
KI,DK,visa_free,90,,
KI,DM,visa_free,180,,
KI,DO,visa_free,30,,
KI,DZ,visa_required,,,
KI,EC,visa_free,90,,
KI,EE,visa_free,90,,
KI,EG,visa_on_arrival,,,
KI,ER,visa_required,,,
KI,ES,visa_free,90,,
KI,ET,evisa,,,
KI,FI,visa_free,90,,
KI,FJ,visa_free,120,,
KI,FM,visa_free,30,,
KI,FR,visa_free,90,,
KI,GA,evisa,,,
KI,GB,eta,,,
KI,GD,visa_free,90,,
KI,GE,evisa,,,
KI,GH,visa_required,,,
KI,GM,visa_free,90,,
KI,GN,evisa,,,
KI,GQ,evisa,,,
KI,GR,visa_free,90,,
KI,GT,visa_required,,,
KI,GW,visa_on_arrival,,,
KI,GY,evisa,,,
KI,HN,visa_required,,,
KI,HR,visa_free,90,,
KI,HT,visa_free,90,,
KI,HU,visa_free,90,,
KI,ID,evisa,,,
KI,IE,visa_free,90,,
KI,IL,evisa,,,
KI,IN,evisa,,,
KI,IQ,evisa,,,
KI,IR,visa_on_arrival,,,
KI,IS,visa_free,90,,
KI,IT,visa_free,90,,
KI,JM,visa_free,,,
KI,JO,visa_on_arrival,,,
KI,JP,visa_required,,,
KI,KE,visa_free,90,,
KI,KG,evisa,,,
KI,KH,visa_on_arrival,,,
KI,KM,visa_on_arrival,,,
KI,KN,eta,,,
KI,KP,visa_required,,,
KI,KR,visa_free,30,,
KI,KW,visa_required,,,
KI,KZ,evisa,,,
KI,LA,visa_on_arrival,,,
KI,LB,visa_required,,,
KI,LC,visa_free,42,,
KI,LI,visa_free,90,,
KI,LK,eta,,,
KI,LR,evisa,,,
KI,LS,visa_free,90,,
KI,LT,visa_free,90,,
KI,LU,visa_free,90,,
KI,LV,visa_free,90,,
KI,LY,evisa,,,
KI,MA,visa_required,,,
KI,MC,visa_free,90,,
KI,MD,visa_free,90,,
KI,ME,visa_free,90,,
KI,MG,visa_on_arrival,,,
KI,MH,visa_on_arrival,,,
KI,MK,visa_required,,,
KI,ML,visa_required,,,
KI,MM,visa_required,,,
KI,MN,evisa,,,
KI,MR,evisa,,,
KI,MT,visa_free,90,,
KI,MU,visa_free,90,,
KI,MV,visa_on_arrival,,,
KI,MW,visa_free,90,,
KI,MX,visa_required,,,
KI,MY,visa_free,30,,
KI,MZ,visa_on_arrival,,,
KI,NA,visa_on_arrival,,,
KI,NE,visa_required,,,
KI,NG,evisa,,,
KI,NI,visa_on_arrival,,,
KI,NL,visa_free,90,,
KI,NO,visa_free,90,,
KI,NP,visa_on_arrival,,,
KI,NR,visa_on_arrival,,,
KI,NZ,visa_required,,,
KI,OM,evisa,,,
KI,PA,visa_free,90,,
KI,PE,visa_free,180,,
KI,PG,visa_on_arrival,,,
KI,PH,visa_free,30,,
KI,PK,evisa,,,
KI,PL,visa_free,90,,
KI,PS,visa_free,,,
KI,PT,visa_free,90,,
KI,PW,visa_on_arrival,,,
KI,PY,visa_required,,,
KI,QA,evisa,,,
KI,RO,visa_free,90,,
KI,RS,visa_required,,,
KI,RU,visa_required,,,
KI,RW,visa_free,30,,
KI,SA,evisa,,,
KI,SB,visa_on_arrival,,,
KI,SC,visa_free,90,,
KI,SD,visa_required,,,
KI,SE,visa_free,90,,
KI,SG,visa_free,30,,
KI,SI,visa_free,90,,
KI,SK,visa_free,90,,
KI,SL,visa_on_arrival,,,
KI,SM,visa_free,90,,
KI,SN,visa_on_arrival,,,
KI,SO,evisa,,,
KI,SR,eta,,,
KI,SS,evisa,,,
KI,ST,evisa,,,
KI,SV,evisa,,,
KI,SY,evisa,,,
KI,SZ,visa_required,,,
KI,TD,evisa,,,
KI,TG,evisa,,,
KI,TH,evisa,,,
KI,TJ,evisa,,,
KI,TL,visa_on_arrival,,,
KI,TM,visa_required,,,
KI,TN,visa_free,90,,
KI,TO,visa_on_arrival,,,
KI,TR,visa_required,,,
KI,TT,visa_free,,,
KI,TV,visa_on_arrival,,,
KI,TW,evisa,,,
KI,TZ,visa_free,90,,
KI,UA,evisa,,,
KI,UG,evisa,,,
KI,US,visa_required,,,
KI,UY,visa_required,,,
KI,UZ,evisa,,,
KI,VA,visa_free,90,,
KI,VC,visa_free,90,,
KI,VE,visa_required,,,
KI,VN,evisa,,,
KI,VU,visa_free,120,,
KI,WS,visa_on_arrival,,,
KI,XK,visa_free,90,,
KI,YE,visa_required,,,
KI,ZA,visa_required,,,
KI,ZM,visa_free,90,,
KI,ZW,visa_free,90,,
KM,AD,visa_required,,,
KM,AE,evisa,,,
KM,AF,visa_required,,,
KM,AG,evisa,,,
KM,AL,evisa,,,
KM,AM,visa_required,,,
KM,AO,visa_required,,,
KM,AR,visa_required,,,
KM,AT,visa_required,,,
KM,AU,evisa,,,
KM,AZ,visa_required,,,
KM,BA,visa_required,,,
KM,BB,visa_free,90,,
KM,BD,visa_on_arrival,,,
KM,BE,visa_required,,,
KM,BF,evisa,,,
KM,BG,visa_required,,,
KM,BH,evisa,,,
KM,BI,visa_on_arrival,,,
KM,BJ,visa_free,90,,
KM,BN,visa_required,,,
KM,BO,evisa,,,
KM,BR,visa_required,,,
KM,BS,evisa,,,
KM,BT,evisa,,,
KM,BW,evisa,,,
KM,BY,visa_required,,,
KM,BZ,visa_required,,,
KM,CA,visa_required,,,
KM,CD,evisa,,,
KM,CF,visa_required,,,
KM,CG,visa_required,,,
KM,CH,visa_required,,,
KM,CI,eta,,,
KM,CL,visa_required,,,
KM,CM,evisa,,,
KM,CN,visa_required,,,
KM,CO,evisa,,,
KM,CR,visa_required,,,
KM,CU,evisa,,,
KM,CV,visa_required,,,
KM,CY,visa_required,,,
KM,CZ,visa_required,,,
KM,DE,visa_required,,,
KM,DJ,visa_on_arrival,,,
KM,DK,visa_required,,,
KM,DM,visa_free,21,,
KM,DO,visa_required,,,
KM,DZ,visa_required,,,
KM,EC,visa_free,90,,
KM,EE,visa_required,,,
KM,EG,visa_required,,,
KM,ER,visa_required,,,
KM,ES,visa_required,,,
KM,ET,visa_on_arrival,,,
KM,FI,visa_required,,,
KM,FJ,visa_required,,,
KM,FM,visa_free,30,,
KM,FR,visa_required,,,
KM,GA,evisa,,,
KM,GB,visa_required,,,
KM,GD,visa_required,,,
KM,GE,evisa,,,
KM,GH,visa_on_arrival,,,
KM,GM,visa_free,90,,
KM,GN,evisa,,,
KM,GQ,evisa,,,
KM,GR,visa_required,,,
KM,GT,visa_required,,,
KM,GW,visa_on_arrival,,,
KM,GY,evisa,,,
KM,HN,visa_required,,,
KM,HR,visa_required,,,
KM,HT,visa_free,90,,
KM,HU,visa_required,,,
KM,ID,evisa,,,
KM,IE,visa_required,,,
KM,IL,evisa,,,
KM,IN,evisa,,,
KM,IQ,evisa,,,
KM,IR,visa_on_arrival,,,
KM,IS,visa_required,,,
KM,IT,visa_required,,,
KM,JM,visa_required,,,
KM,JO,visa_required,,,
KM,JP,visa_required,,,
KM,KE,visa_free,90,,
KM,KG,evisa,,,
KM,KH,visa_on_arrival,,,
KM,KI,visa_required,,,
KM,KN,evisa,,,
KM,KP,visa_required,,,
KM,KR,evisa,,,
KM,KW,visa_required,,,
KM,KZ,evisa,,,
KM,LA,visa_on_arrival,,,
KM,LB,visa_on_arrival,,,
KM,LC,visa_on_arrival,,,
KM,LI,visa_required,,,
KM,LK,eta,,,
KM,LR,evisa,,,
KM,LS,visa_required,,,
KM,LT,visa_required,,,
KM,LU,visa_required,,,
KM,LV,visa_required,,,
KM,LY,evisa,,,
KM,MA,visa_required,,,
KM,MC,visa_required,,,
KM,MD,evisa,,,
KM,ME,visa_required,,,
KM,MG,visa_on_arrival,,,
KM,MH,visa_required,,,
KM,MK,visa_required,,,
KM,ML,visa_required,,,
KM,MM,visa_required,,,
KM,MN,evisa,,,
KM,MR,evisa,,,
KM,MT,visa_required,,,
KM,MU,visa_on_arrival,,,
KM,MV,visa_on_arrival,,,
KM,MW,evisa,,,
KM,MX,visa_required,,,
KM,MY,visa_free,30,,
KM,MZ,visa_on_arrival,,,
KM,NA,visa_on_arrival,,,
KM,NE,visa_required,,,
KM,NG,evisa,,,
KM,NI,visa_on_arrival,,,
KM,NL,visa_required,,,
KM,NO,visa_required,,,
KM,NP,visa_on_arrival,,,
KM,NR,visa_required,,,
KM,NZ,visa_required,,,
KM,OM,evisa,,,
KM,PA,visa_free,90,,
KM,PE,visa_required,,,
KM,PG,evisa,,,
KM,PH,visa_free,30,,
KM,PK,evisa,,,
KM,PL,visa_required,,,
KM,PS,visa_required,,,
KM,PT,visa_required,,,
KM,PW,visa_on_arrival,,,
KM,PY,visa_required,,,
KM,QA,evisa,,,
KM,RO,visa_required,,,
KM,RS,visa_required,,,
KM,RU,visa_required,,,
KM,RW,visa_free,30,,
KM,SA,evisa,,,
KM,SB,visa_required,,,
KM,SC,visa_free,90,,
KM,SD,visa_required,,,
KM,SE,visa_required,,,
KM,SG,visa_free,30,,
KM,SI,visa_required,,,
KM,SK,visa_required,,,
KM,SL,visa_on_arrival,,,
KM,SM,visa_required,,,
KM,SN,visa_on_arrival,,,
KM,SO,visa_on_arrival,,,
KM,SR,eta,,,
KM,SS,evisa,,,
KM,ST,evisa,,,
KM,SV,evisa,,,
KM,SY,evisa,,,
KM,SZ,visa_required,,,
KM,TD,evisa,,,
KM,TG,evisa,,,
KM,TH,evisa,,,
KM,TJ,visa_required,,,
KM,TL,visa_on_arrival,,,
KM,TM,visa_required,,,
KM,TN,visa_required,,,
KM,TO,visa_required,,,
KM,TR,visa_required,,,
KM,TT,visa_required,,,
KM,TV,visa_on_arrival,,,
KM,TW,visa_required,,,
KM,TZ,visa_on_arrival,,,
KM,UA,visa_required,,,
KM,UG,visa_free,90,,
KM,US,visa_required,,,
KM,UY,visa_required,,,
KM,UZ,visa_required,,,
KM,VA,visa_required,,,
KM,VC,visa_free,90,,
KM,VE,visa_required,,,
KM,VN,evisa,,,
KM,VU,evisa,,,
KM,WS,visa_on_arrival,,,
KM,XK,visa_required,,,
KM,YE,visa_required,,,
KM,ZA,evisa,,,
KM,ZM,visa_free,90,,
KM,ZW,visa_on_arrival,,,
KN,AD,visa_free,90,,
KN,AE,evisa,,,
KN,AF,visa_required,,,
KN,AG,visa_free,,,
KN,AL,visa_free,90,,
KN,AM,evisa,,,
KN,AO,visa_free,30,,
KN,AR,visa_free,90,,
KN,AT,visa_free,90,,
KN,AU,evisa,,,
KN,AZ,visa_required,,,
KN,BA,visa_free,90,,
KN,BB,visa_free,180,,
KN,BD,visa_free,90,,
KN,BE,visa_free,90,,
KN,BF,evisa,,,
KN,BG,visa_free,90,,
KN,BH,evisa,,,
KN,BI,visa_on_arrival,,,
KN,BJ,evisa,,,
KN,BN,visa_required,,,
KN,BO,evisa,,,
KN,BR,visa_free,90,,
KN,BS,visa_free,90,,
KN,BT,evisa,,,
KN,BW,visa_free,90,,
KN,BY,visa_free,30,,
KN,BZ,visa_free,,,
KN,CA,visa_required,,,
KN,CD,evisa,,,
KN,CF,visa_required,,,
KN,CG,visa_required,,,
KN,CH,visa_free,90,,
KN,CI,eta,,,
KN,CL,visa_free,90,,
KN,CM,evisa,,,
KN,CN,visa_required,,,
KN,CO,visa_free,90,,
KN,CR,visa_free,30,,
KN,CU,visa_free,30,,
KN,CV,visa_on_arrival,,,
KN,CY,visa_free,90,,
KN,CZ,visa_free,90,,
KN,DE,visa_free,90,,
KN,DJ,visa_on_arrival,,,
KN,DK,visa_free,90,,
KN,DM,visa_free,,,
KN,DO,visa_free,30,,
KN,DZ,visa_required,,,
KN,EC,visa_free,90,,
KN,EE,visa_free,90,,
KN,EG,visa_on_arrival,,,
KN,ER,visa_required,,,
KN,ES,visa_free,90,,
KN,ET,evisa,,,
KN,FI,visa_free,90,,
KN,FJ,visa_free,120,,
KN,FM,visa_free,30,,
KN,FR,visa_free,90,,
KN,GA,evisa,,,
KN,GB,eta,,,
KN,GD,visa_free,,,
KN,GE,visa_free,90,,
KN,GH,visa_required,,,
KN,GM,visa_free,90,,
KN,GN,evisa,,,
KN,GQ,evisa,,,
KN,GR,visa_free,90,,
KN,GT,visa_free,90,,
KN,GW,visa_on_arrival,,,
KN,GY,visa_free,90,,
KN,HN,visa_free,90,,
KN,HR,visa_free,90,,
KN,HT,visa_free,90,,
KN,HU,visa_free,90,,
KN,ID,evisa,,,
KN,IE,visa_free,90,,
KN,IL,eta,,,
KN,IN,evisa,,,
KN,IQ,evisa,,,
KN,IR,visa_on_arrival,,,
KN,IS,visa_free,90,,
KN,IT,visa_free,90,,
KN,JM,visa_free,,,
KN,JO,visa_on_arrival,,,
KN,JP,visa_required,,,
KN,KE,visa_free,90,,
KN,KG,evisa,,,
KN,KH,visa_on_arrival,,,
KN,KI,visa_free,90,,
KN,KM,visa_on_arrival,,,
KN,KP,visa_required,,,
KN,KR,eta,,,
KN,KW,visa_required,,,
KN,KZ,visa_free,90,,
KN,LA,visa_on_arrival,,,
KN,LB,visa_on_arrival,,,
KN,LC,visa_free,,,
KN,LI,visa_free,90,,
KN,LK,eta,,,
KN,LR,evisa,,,
KN,LS,visa_free,90,,
KN,LT,visa_free,90,,
KN,LU,visa_free,90,,
KN,LV,visa_free,90,,
KN,LY,evisa,,,
KN,MA,visa_required,,,
KN,MC,visa_free,90,,
KN,MD,visa_free,90,,
KN,ME,visa_free,90,,
KN,MG,visa_on_arrival,,,
KN,MH,visa_on_arrival,,,
KN,MK,visa_free,90,,
KN,ML,visa_required,,,
KN,MM,visa_required,,,
KN,MN,evisa,,,
KN,MR,evisa,,,
KN,MT,visa_free,90,,
KN,MU,visa_free,90,,
KN,MV,visa_on_arrival,,,
KN,MW,evisa,,,
KN,MX,visa_required,,,
KN,MY,visa_free,30,,
KN,MZ,visa_on_arrival,,,
KN,NA,visa_on_arrival,,,
KN,NE,visa_required,,,
KN,NG,visa_free,90,,
KN,NI,visa_free,90,,
KN,NL,visa_free,90,,
KN,NO,visa_free,90,,
KN,NP,visa_on_arrival,,,
KN,NR,visa_required,,,
KN,NZ,visa_required,,,
KN,OM,evisa,,,
KN,PA,visa_free,90,,
KN,PE,visa_free,180,,
KN,PG,eta,,,
KN,PH,visa_free,30,,
KN,PK,evisa,,,
KN,PL,visa_free,90,,
KN,PS,visa_free,,,
KN,PT,visa_free,90,,
KN,PW,visa_on_arrival,,,
KN,PY,visa_required,,,
KN,QA,evisa,,,
KN,RO,visa_free,90,,
KN,RS,visa_free,90,,
KN,RU,visa_free,90,,
KN,RW,visa_free,90,,
KN,SA,visa_on_arrival,,,
KN,SB,visa_on_arrival,,,
KN,SC,visa_free,90,,
KN,SD,visa_required,,,
KN,SE,visa_free,90,,
KN,SG,visa_free,30,,
KN,SI,visa_free,90,,
KN,SK,visa_free,90,,
KN,SL,visa_on_arrival,,,
KN,SM,visa_free,90,,
KN,SN,visa_on_arrival,,,
KN,SO,evisa,,,
KN,SR,visa_free,180,,
KN,SS,evisa,,,
KN,ST,evisa,,,
KN,SV,visa_free,180,,
KN,SY,evisa,,,
KN,SZ,visa_required,,,
KN,TD,evisa,,,
KN,TG,evisa,,,
KN,TH,evisa,,,
KN,TJ,visa_free,30,,
KN,TL,visa_on_arrival,,,
KN,TM,visa_required,,,
KN,TN,visa_free,90,,
KN,TO,visa_on_arrival,,,
KN,TR,visa_required,,,
KN,TT,visa_free,,,
KN,TV,visa_on_arrival,,,
KN,TW,visa_free,30,,
KN,TZ,visa_free,90,,
KN,UA,visa_free,90,,
KN,UG,evisa,,,
KN,US,visa_required,,,
KN,UY,visa_free,90,,
KN,UZ,visa_free,30,,
KN,VA,visa_free,90,,
KN,VC,visa_free,,,
KN,VE,visa_free,90,,
KN,VN,evisa,,,
KN,VU,visa_free,120,,
KN,WS,visa_on_arrival,,,
KN,XK,visa_free,90,,
KN,YE,visa_required,,,
KN,ZA,visa_required,,,
KN,ZM,visa_free,90,,
KN,ZW,visa_free,90,,
KP,AD,visa_required,,,
KP,AE,evisa,,,
KP,AF,visa_required,,,
KP,AG,evisa,,,
KP,AL,evisa,,,
KP,AM,visa_on_arrival,,,
KP,AO,visa_required,,,
KP,AR,visa_required,,,
KP,AT,visa_required,,,
KP,AU,evisa,,,
KP,AZ,visa_required,,,
KP,BA,visa_required,,,
KP,BB,visa_required,,,
KP,BD,visa_on_arrival,,,
KP,BE,visa_required,,,
KP,BF,evisa,,,
KP,BG,visa_required,,,
KP,BH,visa_required,,,
KP,BI,visa_on_arrival,,,
KP,BJ,evisa,,,
KP,BN,visa_required,,,
KP,BO,evisa,,,
KP,BR,visa_required,,,
KP,BS,evisa,,,
KP,BT,evisa,,,
KP,BW,evisa,,,
KP,BY,visa_required,,,
KP,BZ,visa_required,,,
KP,CA,visa_required,,,
KP,CD,evisa,,,
KP,CF,visa_required,,,
KP,CG,visa_required,,,
KP,CH,visa_required,,,
KP,CI,eta,,,
KP,CL,visa_required,,,
KP,CM,evisa,,,
KP,CN,visa_required,,,
KP,CO,evisa,,,
KP,CR,visa_required,,,
KP,CU,evisa,,,
KP,CV,visa_required,,,
KP,CY,visa_required,,,
KP,CZ,visa_required,,,
KP,DE,visa_required,,,
KP,DJ,visa_on_arrival,,,
KP,DK,visa_required,,,
KP,DM,visa_free,21,,
KP,DO,visa_required,,,
KP,DZ,visa_required,,,
KP,EC,evisa,,,
KP,EE,visa_required,,,
KP,EG,visa_on_arrival,,,
KP,ER,visa_required,,,
KP,ES,visa_required,,,
KP,ET,visa_on_arrival,,,
KP,FI,visa_required,,,
KP,FJ,visa_required,,,
KP,FM,visa_free,30,,
KP,FR,visa_required,,,
KP,GA,evisa,,,
KP,GB,visa_required,,,
KP,GD,visa_required,,,
KP,GE,evisa,,,
KP,GH,visa_required,,,
KP,GM,visa_required,,,
KP,GN,evisa,,,
KP,GQ,evisa,,,
KP,GR,visa_required,,,
KP,GT,visa_required,,,
KP,GW,visa_on_arrival,,,
KP,GY,visa_free,90,,
KP,HN,visa_required,,,
KP,HR,visa_required,,,
KP,HT,visa_free,90,,
KP,HU,visa_required,,,
KP,ID,evisa,,,
KP,IE,visa_required,,,
KP,IL,evisa,,,
KP,IN,visa_required,,,
KP,IQ,evisa,,,
KP,IR,visa_on_arrival,,,
KP,IS,visa_required,,,
KP,IT,visa_required,,,
KP,JM,visa_required,,,
KP,JO,visa_on_arrival,,,
KP,JP,no_admission,,,
KP,KE,eta,,,
KP,KG,visa_free,,,
KP,KH,visa_on_arrival,,,
KP,KI,visa_required,,,
KP,KM,visa_on_arrival,,,
KP,KN,evisa,,,
KP,KR,evisa,,,
KP,KW,visa_required,,,
KP,KZ,evisa,,,
KP,LA,visa_on_arrival,,,
KP,LB,visa_required,,,
KP,LC,visa_required,,,
KP,LI,visa_required,,,
KP,LK,no_admission,,,
KP,LR,evisa,,,
KP,LS,visa_required,,,
KP,LT,visa_required,,,
KP,LU,visa_required,,,
KP,LV,visa_required,,,
KP,LY,evisa,,,
KP,MA,visa_required,,,
KP,MC,visa_required,,,
KP,MD,evisa,,,
KP,ME,visa_required,,,
KP,MG,visa_on_arrival,,,
KP,MH,visa_required,,,
KP,MK,visa_required,,,
KP,ML,visa_required,,,
KP,MM,evisa,,,
KP,MN,visa_required,,,
KP,MR,evisa,,,
KP,MT,visa_required,,,
KP,MU,visa_required,,,
KP,MV,visa_on_arrival,,,
KP,MW,evisa,,,
KP,MX,visa_required,,,
KP,MY,visa_required,,,
KP,MZ,visa_on_arrival,,,
KP,NA,evisa,,,
KP,NE,visa_required,,,
KP,NG,evisa,,,
KP,NI,visa_on_arrival,,,
KP,NL,visa_required,,,
KP,NO,visa_required,,,
KP,NP,visa_on_arrival,,,
KP,NR,visa_required,,,
KP,NZ,visa_required,,,
KP,OM,evisa,,,
KP,PA,visa_required,,,
KP,PE,visa_required,,,
KP,PG,evisa,,,
KP,PH,visa_required,,,
KP,PK,evisa,,,
KP,PL,visa_required,,,
KP,PS,visa_free,,,
KP,PT,visa_required,,,
KP,PW,visa_on_arrival,,,
KP,PY,visa_required,,,
KP,QA,evisa,,,
KP,RO,visa_required,,,
KP,RS,visa_required,,,
KP,RU,evisa,,,
KP,RW,visa_on_arrival,,,
KP,SA,visa_required,,,
KP,SB,visa_required,,,
KP,SC,visa_free,90,,
KP,SD,visa_required,,,
KP,SE,visa_required,,,
KP,SG,evisa,,,
KP,SI,visa_required,,,
KP,SK,visa_required,,,
KP,SL,evisa,,,
KP,SM,visa_required,,,
KP,SN,visa_required,,,
KP,SO,evisa,,,
KP,SR,eta,,,
KP,SS,evisa,,,
KP,ST,evisa,,,
KP,SV,evisa,,,
KP,SY,evisa,,,
KP,SZ,visa_required,,,
KP,TD,evisa,,,
KP,TG,evisa,,,
KP,TH,evisa,,,
KP,TJ,evisa,,,
KP,TL,visa_on_arrival,,,
KP,TM,visa_required,,,
KP,TN,visa_required,,,
KP,TO,visa_required,,,
KP,TR,visa_required,,,
KP,TT,visa_required,,,
KP,TV,visa_on_arrival,,,
KP,TW,visa_required,,,
KP,TZ,visa_on_arrival,,,
KP,UA,visa_required,,,
KP,UG,evisa,,,
KP,US,visa_required,,,
KP,UY,visa_required,,,
KP,UZ,visa_required,,,
KP,VA,visa_required,,,
KP,VC,visa_free,90,,
KP,VE,visa_required,,,
KP,VN,evisa,,,
KP,VU,evisa,,,
KP,WS,visa_on_arrival,,,
KP,XK,visa_required,,,
KP,YE,visa_required,,,
KP,ZA,visa_required,,,
KP,ZM,evisa,,,
KP,ZW,evisa,,,
KR,AD,visa_free,90,,
KR,AE,visa_free,90,,
KR,AF,visa_required,,,
KR,AG,visa_free,180,,
KR,AL,visa_free,90,,
KR,AM,visa_free,180,,
KR,AO,visa_free,30,,
KR,AR,visa_free,90,,
KR,AT,visa_free,90,,
KR,AU,eta,,,
KR,AZ,visa_free,30,2026-07-01,https://migration.gov.az/en
KR,BA,visa_free,90,,
KR,BB,visa_free,90,,
KR,BD,visa_on_arrival,,,
KR,BE,visa_free,90,,
KR,BF,evisa,,,
KR,BG,visa_free,90,,
KR,BH,visa_on_arrival,,,
KR,BI,visa_on_arrival,,,
KR,BJ,evisa,,,
KR,BN,visa_free,30,,
KR,BO,visa_free,90,,
KR,BR,visa_free,90,,
KR,BS,visa_free,90,,
KR,BT,evisa,,,
KR,BW,visa_free,90,,
KR,BY,visa_free,30,,
KR,BZ,visa_free,90,,
KR,CA,eta,,,
KR,CD,evisa,,,
KR,CF,visa_required,,,
KR,CG,visa_required,,,
KR,CH,visa_free,90,,
KR,CI,eta,,,
KR,CL,visa_free,90,,
KR,CM,evisa,,,
KR,CN,visa_free,30,,https://www.fmprc.gov.cn/eng/xw/fyrbt/202602/t20260215_11860467.html
KR,CO,visa_free,90,,
KR,CR,visa_free,180,,
KR,CU,evisa,,,
KR,CV,visa_on_arrival,,,
KR,CY,visa_free,90,,
KR,CZ,visa_free,90,,
KR,DE,visa_free,90,,
KR,DJ,visa_on_arrival,,,
KR,DK,visa_free,90,,
KR,DM,visa_free,180,,
KR,DO,visa_free,30,,
KR,DZ,visa_required,,,
KR,EC,visa_free,90,,
KR,EE,visa_free,90,,
KR,EG,visa_on_arrival,,,
KR,ER,visa_required,,,
KR,ES,visa_free,90,,
KR,ET,visa_on_arrival,,,
KR,FI,visa_free,90,,
KR,FJ,visa_free,120,,
KR,FM,visa_free,30,,
KR,FR,visa_free,90,,
KR,GA,evisa,,,
KR,GB,eta,,,
KR,GD,visa_free,90,,
KR,GE,visa_free,365,,
KR,GH,visa_required,,,
KR,GM,visa_required,,,
KR,GN,evisa,,,
KR,GQ,evisa,,,
KR,GR,visa_free,90,,
KR,GT,visa_free,90,,
KR,GW,visa_on_arrival,,,
KR,GY,visa_free,30,,
KR,HN,visa_free,90,,
KR,HR,visa_free,90,,
KR,HT,visa_free,90,,
KR,HU,visa_free,90,,
KR,ID,visa_on_arrival,,,
KR,IE,visa_free,90,,
KR,IL,eta,,,
KR,IN,visa_on_arrival,,,
KR,IQ,evisa,,,
KR,IR,visa_on_arrival,,,
KR,IS,visa_free,90,,
KR,IT,visa_free,90,,
KR,JM,visa_free,90,,
KR,JO,visa_on_arrival,,,
KR,JP,visa_free,90,,
KR,KE,eta,,,
KR,KG,visa_free,60,,
KR,KH,visa_on_arrival,,,
KR,KI,visa_free,90,,
KR,KM,visa_on_arrival,,,
KR,KN,eta,,,
KR,KP,visa_required,,,
KR,KW,visa_on_arrival,,,
KR,KZ,visa_free,30,,
KR,LA,visa_free,30,,
KR,LB,visa_on_arrival,,,
KR,LC,visa_free,42,,
KR,LI,visa_free,90,,
KR,LK,eta,,,
KR,LR,evisa,,,
KR,LS,visa_free,14,,
KR,LT,visa_free,90,,
KR,LU,visa_free,90,,
KR,LV,visa_free,90,,
KR,LY,evisa,,,
KR,MA,visa_free,90,,
KR,MC,visa_free,90,,
KR,MD,visa_free,90,,
KR,ME,visa_free,90,,
KR,MG,visa_on_arrival,,,
KR,MH,visa_on_arrival,,,
KR,MK,visa_free,90,,
KR,ML,visa_required,,,
KR,MM,visa_on_arrival,,,
KR,MN,visa_free,90,,
KR,MR,evisa,,,
KR,MT,visa_free,90,,
KR,MU,visa_free,90,,
KR,MV,visa_on_arrival,,,
KR,MW,evisa,,,
KR,MX,visa_free,180,,
KR,MY,visa_free,90,,
KR,MZ,visa_free,30,,
KR,NA,visa_on_arrival,,,
KR,NE,visa_required,,,
KR,NG,evisa,,,
KR,NI,visa_free,90,,
KR,NL,visa_free,90,,
KR,NO,visa_free,90,,
KR,NP,visa_on_arrival,,,
KR,NR,visa_required,,,
KR,NZ,eta,,,
KR,OM,visa_on_arrival,,,
KR,PA,visa_free,90,,
KR,PE,visa_free,180,,
KR,PG,eta,,,
KR,PH,visa_free,30,,
KR,PK,evisa,,,
KR,PL,visa_free,90,,
KR,PS,visa_free,,,
KR,PT,visa_free,90,,
KR,PW,visa_on_arrival,,,
KR,PY,visa_free,30,,
KR,QA,visa_on_arrival,,,
KR,RO,visa_free,90,,
KR,RS,visa_free,90,,
KR,RU,visa_free,60,,
KR,RW,visa_on_arrival,,,
KR,SA,visa_on_arrival,,,
KR,SB,visa_on_arrival,,,
KR,SC,visa_free,90,,
KR,SD,visa_required,,,
KR,SE,visa_free,90,,
KR,SG,visa_free,90,,
KR,SI,visa_free,90,,
KR,SK,visa_free,90,,
KR,SL,visa_on_arrival,,,
KR,SM,visa_free,90,,
KR,SN,visa_free,90,,
KR,SO,evisa,,,
KR,SR,eta,,,
KR,SS,evisa,,,
KR,ST,visa_free,15,,
KR,SV,visa_free,180,,
KR,SY,evisa,,,
KR,SZ,visa_free,30,,
KR,TD,evisa,,,
KR,TG,evisa,,,
KR,TH,visa_free,60,,
KR,TJ,visa_free,30,,
KR,TL,visa_on_arrival,,,
KR,TM,visa_required,,,
KR,TN,visa_free,90,,
KR,TO,visa_on_arrival,,,
KR,TR,visa_free,90,,
KR,TT,visa_free,90,,
KR,TV,visa_on_arrival,,,
KR,TW,visa_free,90,,
KR,TZ,visa_on_arrival,,,
KR,UA,visa_free,90,,
KR,UG,evisa,,,
KR,US,eta,,,https://esta.cbp.dhs.gov/
KR,UY,visa_free,90,,
KR,UZ,visa_free,30,,
KR,VA,visa_free,90,,
KR,VC,visa_free,90,,
KR,VE,visa_free,90,,
KR,VN,visa_free,45,,
KR,VU,visa_free,120,,
KR,WS,visa_on_arrival,,,
KR,XK,visa_free,90,,
KR,YE,visa_required,,,
KR,ZA,visa_free,30,,
KR,ZM,visa_free,90,,
KR,ZW,visa_on_arrival,,,
KW,AD,visa_required,,,
KW,AE,visa_free,,,
KW,AF,visa_required,,,
KW,AG,evisa,,,
KW,AL,visa_free,90,,
KW,AM,visa_free,180,,
KW,AO,visa_required,,,
KW,AR,visa_required,,,
KW,AT,visa_required,,,
KW,AU,evisa,,,
KW,AZ,visa_on_arrival,,,
KW,BA,visa_free,90,,
KW,BB,visa_free,90,,
KW,BD,visa_on_arrival,,,
KW,BE,visa_required,,,
KW,BF,evisa,,,
KW,BG,visa_required,,,
KW,BH,visa_free,,,
KW,BI,visa_on_arrival,,,
KW,BJ,evisa,,,
KW,BN,visa_on_arrival,,,
KW,BO,evisa,,,
KW,BR,visa_required,,,
KW,BS,visa_free,90,,
KW,BT,evisa,,,
KW,BW,visa_free,90,,
KW,BY,visa_free,30,,
KW,BZ,visa_required,,,
KW,CA,visa_required,,,
KW,CD,evisa,,,
KW,CF,visa_required,,,
KW,CG,visa_required,,,
KW,CH,visa_required,,,
KW,CI,eta,,,
KW,CL,visa_required,,,
KW,CM,evisa,,,
KW,CN,visa_free,30,,https://www.fmprc.gov.cn/eng/xw/fyrbt/202602/t20260215_11860467.html
KW,CO,evisa,,,
KW,CR,visa_required,,,
KW,CU,evisa,,,
KW,CV,visa_on_arrival,,,
KW,CY,visa_required,,,
KW,CZ,visa_required,,,
KW,DE,visa_required,,,
KW,DJ,visa_on_arrival,,,
KW,DK,visa_required,,,
KW,DM,visa_free,21,,
KW,DO,visa_free,30,,
KW,DZ,visa_required,,,
KW,EC,visa_free,90,,
KW,EE,visa_required,,,
KW,EG,visa_free,180,,
KW,ER,visa_required,,,
KW,ES,visa_required,,,
KW,ET,visa_on_arrival,,,
KW,FI,visa_required,,,
KW,FJ,visa_required,,,
KW,FM,visa_free,30,,
KW,FR,visa_required,,,
KW,GA,evisa,,,
KW,GB,eta,,,
KW,GD,visa_required,,,
KW,GE,visa_free,365,,
KW,GH,visa_required,,,
KW,GM,visa_required,,,
KW,GN,evisa,,,
KW,GQ,evisa,,,
KW,GR,visa_required,,,
KW,GT,visa_free,90,,
KW,GW,visa_on_arrival,,,
KW,GY,visa_free,31,,
KW,HN,visa_free,90,,
KW,HR,visa_required,,,
KW,HT,visa_free,90,,
KW,HU,visa_required,,,
KW,ID,visa_on_arrival,,,
KW,IE,visa_required,,,
KW,IL,evisa,,,
KW,IN,evisa,,,
KW,IQ,visa_on_arrival,,,
KW,IR,visa_free,15,,
KW,IS,visa_required,,,
KW,IT,visa_required,,,
KW,JM,visa_required,,,
KW,JO,visa_free,90,,
KW,JP,visa_required,,,
KW,KE,eta,,,
KW,KG,visa_free,60,,
KW,KH,visa_on_arrival,,,
KW,KI,visa_required,,,
KW,KM,visa_on_arrival,,,
KW,KN,eta,,,
KW,KP,visa_required,,,
KW,KR,visa_free,30,,
KW,KZ,visa_free,30,,
KW,LA,visa_on_arrival,,,
KW,LB,visa_free,180,,
KW,LC,visa_free,42,,
KW,LI,visa_required,,,
KW,LK,eta,,,
KW,LR,visa_required,,,
KW,LS,visa_required,,,
KW,LT,visa_required,,,
KW,LU,visa_required,,,
KW,LV,visa_required,,,
KW,LY,evisa,,,
KW,MA,visa_free,90,,
KW,MC,visa_required,,,
KW,MD,evisa,,,
KW,ME,visa_required,,,
KW,MG,visa_on_arrival,,,
KW,MH,visa_on_arrival,,,
KW,MK,visa_required,,,
KW,ML,visa_required,,,
KW,MM,evisa,,,
KW,MN,visa_on_arrival,,,
KW,MR,evisa,,,
KW,MT,visa_required,,,
KW,MU,visa_free,90,,
KW,MV,visa_on_arrival,,,
KW,MW,evisa,,,
KW,MX,visa_required,,,
KW,MY,visa_free,90,,
KW,MZ,visa_on_arrival,,,
KW,NA,evisa,,,
KW,NE,visa_required,,,
KW,NG,evisa,,,
KW,NI,visa_free,90,,
KW,NL,visa_required,,,
KW,NO,visa_required,,,
KW,NP,visa_on_arrival,,,
KW,NR,visa_required,,,
KW,NZ,eta,,,
KW,OM,visa_free,,,
KW,PA,visa_free,90,,
KW,PE,visa_required,,,
KW,PG,evisa,,,
KW,PH,visa_free,30,,
KW,PK,visa_free,90,,
KW,PL,visa_required,,,
KW,PS,visa_free,,,
KW,PT,visa_required,,,
KW,PW,visa_on_arrival,,,
KW,PY,visa_required,,,
KW,QA,visa_free,,,
KW,RO,visa_required,,,
KW,RS,visa_required,,,
KW,RU,evisa,,,
KW,RW,visa_on_arrival,,,
KW,SA,visa_free,,,
KW,SB,visa_on_arrival,,,
KW,SC,visa_free,90,,
KW,SD,visa_free,,,
KW,SE,visa_required,,,
KW,SG,visa_free,30,,
KW,SI,visa_required,,,
KW,SK,visa_required,,,
KW,SL,visa_on_arrival,,,
KW,SM,visa_required,,,
KW,SN,visa_on_arrival,,,
KW,SO,evisa,,,
KW,SR,eta,,,
KW,SS,evisa,,,
KW,ST,visa_free,15,,
KW,SV,visa_free,180,,
KW,SY,visa_on_arrival,,,
KW,SZ,visa_free,30,,
KW,TD,evisa,,,
KW,TG,evisa,,,
KW,TH,visa_free,60,,
KW,TJ,visa_free,30,,
KW,TL,visa_on_arrival,,,
KW,TM,visa_required,,,
KW,TN,visa_free,90,,
KW,TO,visa_required,,,
KW,TR,visa_free,90,,
KW,TT,visa_required,,,
KW,TV,visa_on_arrival,,,
KW,TW,evisa,,,
KW,TZ,visa_on_arrival,,,
KW,UA,visa_free,90,,
KW,UG,evisa,,,
KW,US,visa_required,,,
KW,UY,visa_required,,,
KW,UZ,visa_free,10,,
KW,VA,visa_required,,,
KW,VC,visa_free,90,,
KW,VE,visa_free,90,,
KW,VN,evisa,,,
KW,VU,visa_free,120,,
KW,WS,visa_on_arrival,,,
KW,XK,visa_free,90,,
KW,YE,visa_on_arrival,,,
KW,ZA,visa_required,,,
KW,ZM,visa_free,90,,
KW,ZW,visa_on_arrival,,,
KZ,AD,visa_required,,,
KZ,AE,visa_free,30,,
KZ,AF,visa_required,,,
KZ,AG,visa_free,180,,
KZ,AL,visa_free,90,,
KZ,AM,visa_free,180,,
KZ,AO,visa_required,,,
KZ,AR,visa_free,90,,
KZ,AT,visa_required,,,
KZ,AU,evisa,,,
KZ,AZ,visa_free,90,,
KZ,BA,visa_required,,,
KZ,BB,visa_free,28,,
KZ,BD,visa_on_arrival,,,
KZ,BE,visa_required,,,
KZ,BF,evisa,,,
KZ,BG,visa_required,,,
KZ,BH,visa_on_arrival,,,
KZ,BI,visa_on_arrival,,,
KZ,BJ,evisa,,,
KZ,BN,visa_required,,,
KZ,BO,evisa,,,
KZ,BR,visa_free,30,,
KZ,BS,evisa,,,
KZ,BT,evisa,,,
KZ,BW,evisa,,,
KZ,BY,visa_free,,,
KZ,BZ,visa_required,,,
KZ,CA,visa_required,,,
KZ,CD,evisa,,,
KZ,CF,visa_required,,,
KZ,CG,visa_required,,,
KZ,CH,visa_required,,,
KZ,CI,eta,,,
KZ,CL,visa_required,,,
KZ,CM,evisa,,,
KZ,CN,visa_free,30,,
KZ,CO,visa_free,90,,
KZ,CR,visa_required,,,
KZ,CU,evisa,,,
KZ,CV,visa_required,,2026-07-15,https://ease.gov.cv/
KZ,CY,visa_required,,,
KZ,CZ,visa_required,,,
KZ,DE,visa_required,,,
KZ,DJ,evisa,,2026-07-15,https://www.evisa.gouv.dj/
KZ,DK,visa_required,,,
KZ,DM,visa_free,21,,
KZ,DO,visa_free,30,,
KZ,DZ,visa_required,,,
KZ,EC,visa_free,90,,
KZ,EE,visa_required,,,
KZ,EG,visa_on_arrival,,,
KZ,ER,visa_required,,,
KZ,ES,visa_required,,,
KZ,ET,evisa,,,
KZ,FI,visa_required,,,
KZ,FJ,visa_required,,,
KZ,FM,visa_free,30,,
KZ,FR,visa_required,,,
KZ,GA,evisa,,,
KZ,GB,visa_required,,,
KZ,GD,visa_free,,,
KZ,GE,visa_free,365,,
KZ,GH,visa_required,,,
KZ,GM,visa_required,,,
KZ,GN,evisa,,,
KZ,GQ,evisa,,,
KZ,GR,visa_required,,,
KZ,GT,visa_required,,,
KZ,GW,visa_on_arrival,,,
KZ,GY,evisa,,,
KZ,HN,visa_required,,,
KZ,HR,visa_required,,,
KZ,HT,visa_free,90,,
KZ,HU,visa_required,,,
KZ,ID,visa_free,30,2026-07-09,https://jdih.kemenimipas.go.id/
KZ,IE,visa_required,,,
KZ,IL,evisa,,,
KZ,IN,evisa,,,
KZ,IQ,evisa,,,
KZ,IR,visa_free,14,,
KZ,IS,visa_required,,,
KZ,IT,visa_required,,,
KZ,JM,visa_required,,2026-07-15,https://www.pica.gov.jm/immigration/entry-visa-requirements
KZ,JO,visa_on_arrival,,,
KZ,JP,visa_required,,,
KZ,KE,eta,,,
KZ,KG,visa_free,,,
KZ,KH,visa_on_arrival,,,
KZ,KI,visa_required,,,
KZ,KM,visa_on_arrival,,,
KZ,KN,eta,,,
KZ,KP,visa_required,,,
KZ,KR,eta,,,
KZ,KW,visa_required,,,
KZ,LA,visa_on_arrival,,,
KZ,LB,visa_required,,,
KZ,LC,visa_required,,,
KZ,LI,visa_required,,,
KZ,LK,eta,,,https://www.immigration.gov.lk/pages_e.php?id=14
KZ,LR,evisa,,,
KZ,LS,visa_required,,,
KZ,LT,visa_required,,,
KZ,LU,visa_required,,,
KZ,LV,visa_required,,,
KZ,LY,evisa,,,
KZ,MA,visa_free,30,,
KZ,MC,visa_required,,,
KZ,MD,visa_free,90,,
KZ,ME,visa_required,,,
KZ,MG,visa_on_arrival,,,
KZ,MH,visa_on_arrival,,,
KZ,MK,visa_required,,,
KZ,ML,visa_required,,,
KZ,MM,evisa,,,
KZ,MN,visa_free,90,,
KZ,MR,evisa,,,
KZ,MT,visa_required,,,
KZ,MU,visa_on_arrival,,,
KZ,MV,visa_on_arrival,,,
KZ,MW,evisa,,,
KZ,MX,visa_required,,,
KZ,MY,visa_free,30,,
KZ,MZ,visa_on_arrival,,,
KZ,NA,visa_on_arrival,,,
KZ,NE,visa_required,,,
KZ,NG,evisa,,,
KZ,NI,visa_on_arrival,,,
KZ,NL,visa_required,,,
KZ,NO,visa_required,,,
KZ,NP,visa_on_arrival,,,
KZ,NR,visa_required,,,
KZ,NZ,visa_required,,,
KZ,OM,visa_free,14,,https://www.fm.gov.om/en/
KZ,PA,visa_required,,,
KZ,PE,visa_required,,,
KZ,PG,evisa,,,
KZ,PH,visa_free,30,,
KZ,PK,evisa,,,
KZ,PL,visa_required,,,
KZ,PS,visa_free,,,
KZ,PT,visa_required,,,
KZ,PW,visa_on_arrival,,,
KZ,PY,visa_required,,,
KZ,QA,visa_on_arrival,,,
KZ,RO,visa_required,,,
KZ,RS,visa_free,30,,
KZ,RU,visa_free,90,,
KZ,RW,visa_on_arrival,,,
KZ,SA,visa_on_arrival,,,
KZ,SB,visa_required,,,
KZ,SC,visa_free,90,,
KZ,SD,visa_required,,,
KZ,SE,visa_required,,,
KZ,SG,evisa,,,
KZ,SI,visa_required,,,
KZ,SK,visa_required,,,
KZ,SL,evisa,,,
KZ,SM,visa_required,,,
KZ,SN,visa_required,,,
KZ,SO,evisa,,,
KZ,SR,eta,,,
KZ,SS,evisa,,,
KZ,ST,evisa,,,
KZ,SV,evisa,,,
KZ,SY,visa_on_arrival,,,
KZ,SZ,visa_required,,,
KZ,TD,evisa,,,
KZ,TG,evisa,,,
KZ,TH,visa_free,60,,
KZ,TJ,visa_free,,,
KZ,TL,visa_on_arrival,,,
KZ,TM,visa_required,,,
KZ,TN,visa_free,90,,
KZ,TO,visa_required,,,
KZ,TR,visa_free,90,,
KZ,TT,visa_required,,,
KZ,TV,visa_on_arrival,,,
KZ,TW,visa_required,,,
KZ,TZ,visa_on_arrival,,,
KZ,UA,visa_free,90,,
KZ,UG,evisa,,,
KZ,US,visa_required,,,
KZ,UY,visa_required,,,
KZ,UZ,visa_free,,,
KZ,VA,visa_required,,,
KZ,VC,visa_free,90,,
KZ,VE,visa_required,,,
KZ,VN,visa_free,30,,
KZ,VU,evisa,,,
KZ,WS,visa_on_arrival,,,
KZ,XK,visa_required,,,
KZ,YE,visa_required,,,
KZ,ZA,visa_required,,,
KZ,ZM,visa_on_arrival,,,
KZ,ZW,visa_on_arrival,,,
LA,AD,visa_required,,,
LA,AE,evisa,,,
LA,AF,visa_required,,,
LA,AG,evisa,,,
LA,AL,evisa,,,
LA,AM,evisa,,,
LA,AO,visa_required,,,
LA,AR,visa_required,,,
LA,AT,visa_required,,,
LA,AU,evisa,,,
LA,AZ,visa_required,,,
LA,BA,visa_required,,,
LA,BB,visa_required,,,
LA,BD,visa_on_arrival,,,
LA,BE,visa_required,,,
LA,BF,evisa,,,
LA,BG,visa_required,,,
LA,BH,evisa,,,
LA,BI,visa_on_arrival,,,
LA,BJ,evisa,,,
LA,BN,visa_free,30,,
LA,BO,evisa,,,
LA,BR,visa_required,,,
LA,BS,evisa,,,
LA,BT,evisa,,,
LA,BW,evisa,,,
LA,BY,visa_required,,,
LA,BZ,visa_required,,,
LA,CA,visa_required,,,
LA,CD,evisa,,,
LA,CF,visa_required,,,
LA,CG,visa_required,,,
LA,CH,visa_required,,,
LA,CI,eta,,,
LA,CL,visa_required,,,
LA,CM,evisa,,,
LA,CN,visa_required,,,
LA,CO,evisa,,,
LA,CR,visa_required,,,
LA,CU,evisa,,,
LA,CV,visa_required,,,
LA,CY,visa_required,,,
LA,CZ,visa_required,,,
LA,DE,visa_required,,,
LA,DJ,visa_on_arrival,,,
LA,DK,visa_required,,,
LA,DM,visa_free,21,,
LA,DO,visa_required,,,
LA,DZ,visa_required,,,
LA,EC,visa_free,90,,
LA,EE,visa_required,,,
LA,EG,visa_on_arrival,,,
LA,ER,visa_required,,,
LA,ES,visa_required,,,
LA,ET,evisa,,,
LA,FI,visa_required,,,
LA,FJ,visa_required,,,
LA,FM,visa_free,30,,
LA,FR,visa_required,,,
LA,GA,evisa,,,
LA,GB,visa_required,,,
LA,GD,visa_required,,,
LA,GE,evisa,,,
LA,GH,visa_required,,,
LA,GM,visa_required,,,
LA,GN,evisa,,,
LA,GQ,evisa,,,
LA,GR,visa_required,,,
LA,GT,visa_required,,,
LA,GW,visa_on_arrival,,,
LA,GY,evisa,,,
LA,HN,visa_required,,,
LA,HR,visa_required,,,
LA,HT,visa_free,90,,
LA,HU,visa_required,,,
LA,ID,visa_free,30,,
LA,IE,visa_required,,,
LA,IL,evisa,,,
LA,IN,evisa,,,
LA,IQ,evisa,,,
LA,IR,visa_on_arrival,,,
LA,IS,visa_required,,,
LA,IT,visa_required,,,
LA,JM,visa_required,,,
LA,JO,visa_required,,,
LA,JP,visa_required,,,
LA,KE,eta,,,
LA,KG,evisa,,,
LA,KH,visa_free,30,,
LA,KI,visa_required,,,
LA,KM,visa_on_arrival,,,
LA,KN,evisa,,,
LA,KP,visa_required,,,
LA,KR,evisa,,,
LA,KW,visa_on_arrival,,,
LA,KZ,evisa,,,
LA,LB,visa_required,,,
LA,LC,visa_required,,,
LA,LI,visa_required,,,
LA,LK,eta,,,
LA,LR,evisa,,,
LA,LS,visa_required,,,
LA,LT,visa_required,,,
LA,LU,visa_required,,,
LA,LV,visa_required,,,
LA,LY,evisa,,,
LA,MA,evisa,,,
LA,MC,visa_required,,,
LA,MD,evisa,,,
LA,ME,visa_required,,,
LA,MG,visa_on_arrival,,,
LA,MH,visa_required,,,
LA,MK,visa_required,,,
LA,ML,visa_required,,,
LA,MM,visa_free,14,,
LA,MN,visa_free,30,,
LA,MR,evisa,,,
LA,MT,visa_required,,,
LA,MU,visa_required,,,
LA,MV,visa_on_arrival,,,
LA,MW,evisa,,,
LA,MX,visa_required,,,
LA,MY,visa_free,30,,
LA,MZ,visa_on_arrival,,,
LA,NA,evisa,,,
LA,NE,visa_required,,,
LA,NG,evisa,,,
LA,NI,visa_required,,,
LA,NL,visa_required,,,
LA,NO,visa_required,,,
LA,NP,visa_on_arrival,,,
LA,NR,visa_required,,,
LA,NZ,visa_required,,,
LA,OM,evisa,,,
LA,PA,visa_required,,,
LA,PE,visa_required,,,
LA,PG,evisa,,,
LA,PH,visa_free,30,,
LA,PK,evisa,,,
LA,PL,visa_required,,,
LA,PS,visa_free,,,
LA,PT,visa_required,,,
LA,PW,visa_on_arrival,,,
LA,PY,visa_required,,,
LA,QA,evisa,,,
LA,RO,visa_required,,,
LA,RS,visa_required,,,
LA,RU,visa_free,30,,
LA,RW,visa_free,30,,
LA,SA,evisa,,,
LA,SB,visa_required,,,
LA,SC,visa_free,90,,
LA,SD,visa_required,,,
LA,SE,visa_required,,,
LA,SG,visa_free,30,,
LA,SI,visa_required,,,
LA,SK,visa_required,,,
LA,SL,evisa,,,
LA,SM,visa_required,,,
LA,SN,visa_required,,,
LA,SO,evisa,,,
LA,SR,eta,,,
LA,SS,evisa,,,
LA,ST,evisa,,,
LA,SV,evisa,,,
LA,SY,evisa,,,
LA,SZ,visa_required,,,
LA,TD,evisa,,,
LA,TG,evisa,,,
LA,TH,visa_free,60,,
LA,TJ,evisa,,,
LA,TL,visa_on_arrival,,,
LA,TM,visa_required,,,
LA,TN,visa_required,,,
LA,TO,visa_required,,,
LA,TR,visa_required,,,
LA,TT,visa_required,,,
LA,TV,visa_on_arrival,,,
LA,TW,eta,,,
LA,TZ,visa_on_arrival,,,
LA,UA,evisa,,,
LA,UG,evisa,,,
LA,US,visa_required,,,
LA,UY,visa_required,,,
LA,UZ,evisa,,,
LA,VA,visa_required,,,
LA,VC,visa_free,90,,
LA,VE,visa_required,,,
LA,VN,visa_free,30,,
LA,VU,evisa,,,
LA,WS,visa_on_arrival,,,
LA,XK,visa_required,,,
LA,YE,visa_required,,,
LA,ZA,visa_required,,,
LA,ZM,visa_free,90,,
LA,ZW,evisa,,,
LB,AD,visa_required,,,
LB,AE,evisa,,,
LB,AF,visa_required,,,
LB,AG,evisa,,,
LB,AL,evisa,,,
LB,AM,visa_on_arrival,,,
LB,AO,visa_required,,,
LB,AR,visa_required,,,
LB,AT,visa_required,,,
LB,AU,evisa,,,
LB,AZ,visa_required,,,
LB,BA,visa_required,,,
LB,BB,visa_free,90,,
LB,BD,visa_required,,,
LB,BE,visa_required,,,
LB,BF,evisa,,,
LB,BG,visa_required,,,
LB,BH,evisa,,,
LB,BI,visa_on_arrival,,,
LB,BJ,evisa,,,
LB,BN,visa_required,,,
LB,BO,evisa,,,
LB,BR,visa_required,,,
LB,BS,evisa,,,
LB,BT,evisa,,,
LB,BW,evisa,,,
LB,BY,visa_required,,,
LB,BZ,visa_required,,,
LB,CA,visa_required,,,
LB,CD,evisa,,,
LB,CF,visa_required,,,
LB,CG,visa_required,,,
LB,CH,visa_required,,,
LB,CI,eta,,,
LB,CL,visa_required,,,
LB,CM,evisa,,,
LB,CN,visa_required,,,
LB,CO,evisa,,,
LB,CR,visa_required,,,
LB,CU,evisa,,,
LB,CV,visa_required,,,
LB,CY,visa_required,,,
LB,CZ,visa_required,,,
LB,DE,visa_required,,,
LB,DJ,visa_on_arrival,,,
LB,DK,visa_required,,,
LB,DM,visa_free,21,,
LB,DO,visa_required,,,
LB,DZ,visa_required,,,
LB,EC,visa_free,90,,
LB,EE,visa_required,,,
LB,EG,visa_required,,,
LB,ER,visa_required,,,
LB,ES,visa_required,,,
LB,ET,visa_on_arrival,,,
LB,FI,visa_required,,,
LB,FJ,visa_required,,,
LB,FM,visa_free,30,,
LB,FR,visa_required,,,
LB,GA,evisa,,,
LB,GB,visa_required,,,
LB,GD,visa_required,,,
LB,GE,visa_free,365,,
LB,GH,visa_required,,,
LB,GM,visa_required,,,
LB,GN,evisa,,,
LB,GQ,evisa,,,
LB,GR,visa_required,,,
LB,GT,visa_required,,,
LB,GW,visa_on_arrival,,,
LB,GY,evisa,,,
LB,HN,visa_required,,,
LB,HR,visa_required,,,
LB,HT,visa_free,90,,
LB,HU,visa_required,,,
LB,ID,evisa,,,
LB,IE,visa_required,,,
LB,IL,evisa,,,
LB,IN,visa_required,,,
LB,IQ,visa_free,30,,
LB,IR,visa_free,30,,
LB,IS,visa_required,,,
LB,IT,visa_required,,,
LB,JM,visa_required,,,
LB,JO,visa_free,90,,
LB,JP,visa_required,,,
LB,KE,eta,,,
LB,KG,evisa,,,
LB,KH,visa_on_arrival,,,
LB,KI,visa_required,,,
LB,KM,visa_on_arrival,,,
LB,KN,evisa,,,
LB,KP,visa_required,,,
LB,KR,evisa,,,
LB,KW,visa_required,,,
LB,KZ,evisa,,,
LB,LA,visa_on_arrival,,,
LB,LC,visa_required,,,
LB,LI,visa_required,,,
LB,LK,eta,,,
LB,LR,evisa,,,
LB,LS,visa_required,,,
LB,LT,visa_required,,,
LB,LU,visa_required,,,
LB,LV,visa_required,,,
LB,LY,evisa,,,
LB,MA,visa_required,,,
LB,MC,visa_required,,,
LB,MD,evisa,,,
LB,ME,visa_required,,,
LB,MG,visa_on_arrival,,,
LB,MH,visa_on_arrival,,,
LB,MK,visa_required,,,
LB,ML,visa_required,,,
LB,MM,visa_required,,,
LB,MN,visa_required,,,
LB,MR,evisa,,,
LB,MT,visa_required,,,
LB,MU,visa_on_arrival,,,
LB,MV,visa_on_arrival,,,
LB,MW,evisa,,,
LB,MX,visa_required,,,
LB,MY,visa_free,90,,
LB,MZ,visa_on_arrival,,,
LB,NA,evisa,,,
LB,NE,visa_required,,,
LB,NG,evisa,,,
LB,NI,visa_required,,,
LB,NL,visa_required,,,
LB,NO,visa_required,,,
LB,NP,visa_on_arrival,,,
LB,NR,visa_required,,,
LB,NZ,visa_required,,,
LB,OM,visa_on_arrival,,,
LB,PA,visa_required,,,
LB,PE,visa_required,,,
LB,PG,evisa,,,
LB,PH,visa_required,,,
LB,PK,evisa,,,
LB,PL,visa_required,,,
LB,PS,visa_free,,,
LB,PT,visa_required,,,
LB,PW,visa_on_arrival,,,
LB,PY,visa_required,,,
LB,QA,visa_on_arrival,,,
LB,RO,visa_required,,,
LB,RS,visa_required,,,
LB,RU,visa_required,,,
LB,RW,visa_free,30,,
LB,SA,evisa,,,
LB,SB,visa_required,,,
LB,SC,visa_free,90,,
LB,SD,visa_required,,,
LB,SE,visa_required,,,
LB,SG,evisa,,,
LB,SI,visa_required,,,
LB,SK,visa_required,,,
LB,SL,visa_on_arrival,,,
LB,SM,visa_required,,,
LB,SN,visa_required,,,
LB,SO,evisa,,,
LB,SR,eta,,,
LB,SS,evisa,,,
LB,ST,evisa,,,
LB,SV,evisa,,,
LB,SY,visa_free,,,
LB,SZ,visa_required,,,
LB,TD,evisa,,,
LB,TG,evisa,,,
LB,TH,evisa,,,
LB,TJ,visa_on_arrival,,,
LB,TL,visa_on_arrival,,,
LB,TM,visa_required,,,
LB,TN,visa_required,,,
LB,TO,visa_required,,,
LB,TR,visa_free,90,,
LB,TT,visa_required,,,
LB,TV,visa_on_arrival,,,
LB,TW,visa_required,,,
LB,TZ,evisa,,,
LB,UA,visa_required,,,
LB,UG,evisa,,,
LB,US,visa_required,,,
LB,UY,visa_required,,,
LB,UZ,evisa,,,
LB,VA,visa_required,,,
LB,VC,visa_required,,,
LB,VE,visa_required,,,
LB,VN,evisa,,,
LB,VU,evisa,,,
LB,WS,visa_on_arrival,,,
LB,XK,visa_required,,,
LB,YE,visa_required,,,
LB,ZA,visa_required,,,
LB,ZM,evisa,,,
LB,ZW,evisa,,,
LC,AD,visa_free,90,,
LC,AE,evisa,,,
LC,AF,visa_required,,,
LC,AG,visa_free,,,
LC,AL,evisa,,,
LC,AM,evisa,,,
LC,AO,visa_free,30,,
LC,AR,visa_free,90,,
LC,AT,visa_free,90,,
LC,AU,evisa,,,
LC,AZ,visa_required,,,
LC,BA,visa_free,90,,
LC,BB,visa_free,180,,
LC,BD,visa_on_arrival,,,
LC,BE,visa_free,90,,
LC,BF,evisa,,,
LC,BG,visa_free,90,,
LC,BH,evisa,,,
LC,BI,visa_on_arrival,,,
LC,BJ,evisa,,,
LC,BN,visa_required,,,
LC,BO,evisa,,,
LC,BR,visa_free,90,,
LC,BS,visa_free,90,,
LC,BT,evisa,,,
LC,BW,visa_free,90,,
LC,BY,visa_required,,,
LC,BZ,visa_free,,,
LC,CA,visa_required,,,
LC,CD,evisa,,,
LC,CF,visa_required,,,
LC,CG,visa_required,,,
LC,CH,visa_free,90,,
LC,CI,eta,,,
LC,CL,visa_free,90,,
LC,CM,evisa,,,
LC,CN,visa_required,,,
LC,CO,visa_free,90,,
LC,CR,visa_free,30,,
LC,CU,visa_free,30,,
LC,CV,visa_on_arrival,,,
LC,CY,visa_free,90,,
LC,CZ,visa_free,90,,
LC,DE,visa_free,90,,
LC,DJ,visa_on_arrival,,,
LC,DK,visa_free,90,,
LC,DM,visa_free,,,
LC,DO,visa_free,30,,
LC,DZ,visa_required,,,
LC,EC,visa_free,90,,
LC,EE,visa_free,90,,
LC,EG,visa_on_arrival,,,
LC,ER,visa_required,,,
LC,ES,visa_free,90,,
LC,ET,evisa,,,
LC,FI,visa_free,90,,
LC,FJ,visa_free,120,,
LC,FM,visa_free,30,,
LC,FR,visa_free,90,,
LC,GA,evisa,,,
LC,GB,eta,,,
LC,GD,visa_free,,,
LC,GE,evisa,,,
LC,GH,visa_required,,,
LC,GM,visa_free,90,,
LC,GN,evisa,,,
LC,GQ,evisa,,,
LC,GR,visa_free,90,,
LC,GT,visa_free,90,,
LC,GW,visa_on_arrival,,,
LC,GY,visa_free,90,,
LC,HN,visa_free,90,,
LC,HR,visa_free,90,,
LC,HT,visa_free,90,,
LC,HU,visa_free,90,,
LC,ID,evisa,,,
LC,IE,visa_free,90,,
LC,IL,eta,,,
LC,IN,evisa,,,
LC,IQ,evisa,,,
LC,IR,visa_on_arrival,,,
LC,IS,visa_free,90,,
LC,IT,visa_free,90,,
LC,JM,visa_free,,,
LC,JO,visa_on_arrival,,,
LC,JP,visa_required,,,
LC,KE,visa_free,90,,
LC,KG,evisa,,,
LC,KH,visa_on_arrival,,,
LC,KI,visa_free,90,,
LC,KM,visa_on_arrival,,,
LC,KN,visa_free,,,
LC,KP,visa_required,,,
LC,KR,eta,,,
LC,KW,visa_required,,,
LC,KZ,evisa,,,
LC,LA,visa_on_arrival,,,
LC,LB,visa_required,,,
LC,LI,visa_free,90,,
LC,LK,eta,,,
LC,LR,evisa,,,
LC,LS,visa_free,90,,
LC,LT,visa_free,90,,
LC,LU,visa_free,90,,
LC,LV,visa_free,90,,
LC,LY,evisa,,,
LC,MA,visa_required,,,
LC,MC,visa_free,90,,
LC,MD,visa_free,90,,
LC,ME,visa_free,90,,
LC,MG,visa_on_arrival,,,
LC,MH,visa_required,,,
LC,MK,visa_required,,,
LC,ML,visa_required,,,
LC,MM,visa_required,,,
LC,MN,evisa,,,
LC,MR,evisa,,,
LC,MT,visa_free,90,,
LC,MU,visa_free,90,,
LC,MV,visa_on_arrival,,,
LC,MW,visa_free,90,,
LC,MX,visa_required,,,
LC,MY,visa_free,30,,
LC,MZ,visa_on_arrival,,,
LC,NA,visa_on_arrival,,,
LC,NE,visa_required,,,
LC,NG,evisa,,,
LC,NI,visa_free,90,,
LC,NL,visa_free,90,,
LC,NO,visa_free,90,,
LC,NP,visa_on_arrival,,,
LC,NR,visa_required,,,
LC,NZ,visa_required,,,
LC,OM,evisa,,,
LC,PA,visa_free,90,,
LC,PE,visa_free,180,,
LC,PG,eta,,,
LC,PH,visa_free,30,,
LC,PK,evisa,,,
LC,PL,visa_free,90,,
LC,PS,visa_free,,,
LC,PT,visa_free,90,,
LC,PW,visa_on_arrival,,,
LC,PY,visa_required,,,
LC,QA,evisa,,,
LC,RO,visa_free,90,,
LC,RS,visa_required,,,
LC,RU,visa_required,,,
LC,RW,visa_free,30,,
LC,SA,evisa,,,
LC,SB,visa_on_arrival,,,
LC,SC,visa_free,90,,
LC,SD,visa_required,,,
LC,SE,visa_free,90,,
LC,SG,visa_free,30,,
LC,SI,visa_free,90,,
LC,SK,visa_free,90,,
LC,SL,visa_on_arrival,,,
LC,SM,visa_free,90,,
LC,SN,visa_on_arrival,,,
LC,SO,evisa,,,
LC,SR,visa_free,180,,
LC,SS,evisa,,,
LC,ST,evisa,,,
LC,SV,visa_free,180,,
LC,SY,evisa,,,
LC,SZ,visa_free,30,,
LC,TD,evisa,,,
LC,TG,evisa,,,
LC,TH,evisa,,,
LC,TJ,visa_free,30,,
LC,TL,visa_on_arrival,,,
LC,TM,visa_required,,,
LC,TN,visa_free,90,,
LC,TO,visa_on_arrival,,,
LC,TR,visa_on_arrival,,,
LC,TT,visa_free,,,
LC,TV,visa_on_arrival,,,
LC,TW,visa_free,30,,
LC,TZ,visa_free,90,,
LC,UA,evisa,,,
LC,UG,evisa,,,
LC,US,visa_required,,,
LC,UY,visa_required,,,
LC,UZ,visa_free,30,,
LC,VA,visa_free,90,,
LC,VC,visa_free,,,
LC,VE,visa_free,90,,
LC,VN,evisa,,,
LC,VU,visa_free,120,,
LC,WS,visa_on_arrival,,,
LC,XK,visa_free,90,,
LC,YE,visa_required,,,
LC,ZA,visa_required,,,
LC,ZM,visa_free,90,,
LC,ZW,visa_free,90,,
LI,AD,visa_free,,,
LI,AE,visa_free,90,,
LI,AF,visa_required,,,
LI,AG,visa_free,180,,
LI,AL,visa_free,90,,
LI,AM,visa_free,180,,
LI,AO,visa_required,,,
LI,AR,visa_free,90,,
LI,AT,visa_free,,,
LI,AU,eta,,,
LI,AZ,evisa,,,
LI,BA,visa_free,90,,
LI,BB,visa_free,180,,
LI,BD,visa_on_arrival,,,
LI,BE,visa_free,,,
LI,BF,evisa,,,
LI,BG,visa_free,,,
LI,BH,visa_on_arrival,,,
LI,BI,visa_on_arrival,,,
LI,BJ,evisa,,,
LI,BN,visa_free,90,,
LI,BO,visa_free,90,,
LI,BR,visa_free,90,,
LI,BS,visa_free,240,,
LI,BT,evisa,,,
LI,BW,visa_free,90,,
LI,BY,visa_free,30,,
LI,BZ,visa_free,,,
LI,CA,eta,,,
LI,CD,evisa,,,
LI,CF,visa_required,,,
LI,CG,visa_required,,,
LI,CH,visa_free,,,
LI,CI,eta,,,
LI,CL,visa_free,90,,
LI,CM,evisa,,,
LI,CN,visa_free,30,,https://www.fmprc.gov.cn/eng/xw/fyrbt/202602/t20260215_11860467.html
LI,CO,visa_free,90,,
LI,CR,visa_free,180,,
LI,CU,evisa,,,
LI,CV,visa_free,30,,
LI,CY,visa_free,,,
LI,CZ,visa_free,,,
LI,DE,visa_free,,,
LI,DJ,visa_on_arrival,,,
LI,DK,visa_free,,,
LI,DM,visa_free,21,,
LI,DO,visa_free,30,,
LI,DZ,visa_required,,,
LI,EC,visa_free,90,,
LI,EE,visa_free,,,
LI,EG,visa_on_arrival,,,
LI,ER,visa_required,,,
LI,ES,visa_free,,,
LI,ET,visa_on_arrival,,,
LI,FI,visa_free,,,
LI,FJ,visa_free,120,,
LI,FM,visa_free,90,,
LI,FR,visa_free,,,
LI,GA,evisa,,,
LI,GB,eta,,,
LI,GD,visa_free,90,,
LI,GE,visa_free,365,,
LI,GH,visa_required,,,
LI,GM,visa_free,90,,
LI,GN,evisa,,,
LI,GQ,evisa,,,
LI,GR,visa_free,,,
LI,GT,visa_free,90,,
LI,GW,visa_on_arrival,,,
LI,GY,evisa,,,
LI,HN,visa_free,90,,
LI,HR,visa_free,,,
LI,HT,visa_free,90,,
LI,HU,visa_free,,,
LI,ID,visa_on_arrival,,,
LI,IE,visa_free,,,
LI,IL,eta,,,
LI,IN,evisa,,,
LI,IQ,evisa,,,
LI,IR,visa_on_arrival,,,
LI,IS,visa_free,,,
LI,IT,visa_free,,,
LI,JM,visa_free,90,,
LI,JO,visa_on_arrival,,,
LI,JP,visa_free,90,,
LI,KE,eta,,,
LI,KG,visa_free,60,,
LI,KH,visa_on_arrival,,,
LI,KI,visa_free,90,,
LI,KM,visa_on_arrival,,,
LI,KN,eta,,,
LI,KP,visa_required,,,
LI,KR,visa_free,90,,
LI,KW,visa_on_arrival,,,
LI,KZ,visa_free,30,,
LI,LA,visa_on_arrival,,,
LI,LB,visa_on_arrival,,,
LI,LC,visa_free,42,,
LI,LK,eta,,,
LI,LR,evisa,,,
LI,LS,visa_required,,,
LI,LT,visa_free,,,
LI,LU,visa_free,,,
LI,LV,visa_free,,,
LI,LY,evisa,,,
LI,MA,visa_free,90,,
LI,MC,visa_free,,,
LI,MD,visa_free,90,,
LI,ME,visa_free,90,,
LI,MG,visa_on_arrival,,,
LI,MH,visa_on_arrival,,,
LI,MK,visa_free,90,,
LI,ML,visa_required,,,
LI,MM,visa_required,,,
LI,MN,visa_free,30,,
LI,MR,evisa,,,
LI,MT,visa_free,,,
LI,MU,visa_free,90,,
LI,MV,visa_on_arrival,,,
LI,MW,evisa,,,
LI,MX,visa_free,180,,
LI,MY,visa_free,90,,
LI,MZ,visa_on_arrival,,,
LI,NA,visa_on_arrival,,,
LI,NE,visa_required,,,
LI,NG,evisa,,,
LI,NI,visa_free,90,,
LI,NL,visa_free,,,
LI,NO,visa_free,,,
LI,NP,visa_on_arrival,,,
LI,NR,visa_required,,,
LI,NZ,eta,,,
LI,OM,visa_on_arrival,,,
LI,PA,visa_free,90,,
LI,PE,visa_free,90,,
LI,PG,eta,,,
LI,PH,visa_free,30,,
LI,PK,evisa,,,
LI,PL,visa_free,,,
LI,PS,visa_free,,,
LI,PT,visa_free,,,
LI,PW,visa_on_arrival,,,
LI,PY,visa_free,90,,
LI,QA,visa_on_arrival,,,
LI,RO,visa_free,,,
LI,RS,visa_free,90,,
LI,RU,evisa,,,
LI,RW,visa_on_arrival,,,
LI,SA,visa_on_arrival,,,
LI,SB,visa_free,90,,
LI,SC,visa_free,90,,
LI,SD,visa_required,,,
LI,SE,visa_free,,,
LI,SG,visa_free,30,,
LI,SI,visa_free,,,
LI,SK,visa_free,,,
LI,SL,visa_on_arrival,,,
LI,SM,visa_free,,,
LI,SN,visa_on_arrival,,,
LI,SO,evisa,,,
LI,SR,eta,,,
LI,SS,evisa,,,
LI,ST,visa_free,15,,
LI,SV,visa_free,180,,
LI,SY,evisa,,,
LI,SZ,visa_free,30,,
LI,TD,evisa,,,
LI,TG,evisa,,,
LI,TH,visa_free,60,,
LI,TJ,visa_free,30,,
LI,TL,visa_free,90,,
LI,TM,visa_required,,,
LI,TN,visa_free,90,,
LI,TO,visa_free,90,,
LI,TR,visa_free,90,,
LI,TT,visa_free,90,,
LI,TV,visa_free,90,,
LI,TW,visa_free,90,,
LI,TZ,visa_on_arrival,,,
LI,UA,visa_free,90,,
LI,UG,evisa,,,
LI,US,eta,,,
LI,UY,visa_free,90,,
LI,UZ,visa_free,30,,
LI,VA,visa_free,,,
LI,VC,visa_free,90,,
LI,VE,visa_free,90,,
LI,VN,evisa,,,
LI,VU,visa_free,120,,
LI,WS,visa_on_arrival,,,
LI,XK,visa_free,90,,
LI,YE,visa_required,,,
LI,ZA,visa_free,90,,
LI,ZM,visa_free,90,,
LI,ZW,visa_on_arrival,,,
LK,AD,visa_required,,,
LK,AE,evisa,,,
LK,AF,visa_required,,,
LK,AG,evisa,,,
LK,AL,evisa,,,
LK,AM,visa_required,,,
LK,AO,visa_required,,,
LK,AR,visa_required,,,
LK,AT,visa_required,,,
LK,AU,evisa,,,
LK,AZ,evisa,,,
LK,BA,visa_required,,,
LK,BB,visa_free,180,,
LK,BD,visa_required,,,
LK,BE,visa_required,,,
LK,BF,evisa,,,
LK,BG,visa_required,,,
LK,BH,evisa,,,
LK,BI,visa_on_arrival,,,
LK,BJ,evisa,,,
LK,BN,visa_required,,,
LK,BO,evisa,,,
LK,BR,visa_required,,,
LK,BS,visa_free,90,,
LK,BT,evisa,,,
LK,BW,evisa,,,
LK,BY,visa_required,,,
LK,BZ,visa_required,,,
LK,CA,visa_required,,,
LK,CD,evisa,,,
LK,CF,visa_required,,,
LK,CG,visa_required,,,
LK,CH,visa_required,,,
LK,CI,eta,,,
LK,CL,visa_required,,,
LK,CM,evisa,,,
LK,CN,visa_required,,,
LK,CO,evisa,,,
LK,CR,visa_required,,,
LK,CU,visa_required,,,
LK,CV,visa_required,,,
LK,CY,visa_required,,,
LK,CZ,visa_required,,,
LK,DE,visa_required,,,
LK,DJ,visa_on_arrival,,,
LK,DK,visa_required,,,
LK,DM,visa_free,180,,
LK,DO,visa_required,,,
LK,DZ,visa_required,,,
LK,EC,evisa,,,
LK,EE,visa_required,,,
LK,EG,visa_required,,,
LK,ER,visa_required,,,
LK,ES,visa_required,,,
LK,ET,evisa,,,
LK,FI,visa_required,,,
LK,FJ,visa_required,,,
LK,FM,visa_free,30,,
LK,FR,visa_required,,,
LK,GA,evisa,,,
LK,GB,visa_required,,,
LK,GD,visa_free,90,,
LK,GE,visa_required,,,
LK,GH,visa_required,,,
LK,GM,visa_free,90,,
LK,GN,evisa,,,
LK,GQ,evisa,,,
LK,GR,visa_required,,,
LK,GT,visa_required,,,
LK,GW,visa_on_arrival,,,
LK,GY,evisa,,,
LK,HN,visa_required,,,
LK,HR,visa_required,,,
LK,HT,visa_free,90,,
LK,HU,visa_required,,,
LK,ID,evisa,,,
LK,IE,visa_required,,,
LK,IL,evisa,,,
LK,IN,evisa,,,
LK,IQ,evisa,,,
LK,IR,visa_on_arrival,,,
LK,IS,visa_required,,,
LK,IT,visa_required,,,
LK,JM,visa_required,,,
LK,JO,visa_required,,,
LK,JP,visa_required,,,
LK,KE,eta,,,
LK,KG,evisa,,,
LK,KH,visa_on_arrival,,,
LK,KI,visa_free,90,,
LK,KM,visa_on_arrival,,,
LK,KN,eta,,,
LK,KP,visa_required,,,
LK,KR,evisa,,,
LK,KW,visa_required,,,
LK,KZ,evisa,,,
LK,LA,visa_on_arrival,,,
LK,LB,visa_required,,,
LK,LC,visa_required,,,
LK,LI,visa_required,,,
LK,LR,evisa,,,
LK,LS,visa_free,,,
LK,LT,visa_required,,,
LK,LU,visa_required,,,
LK,LV,visa_required,,,
LK,LY,evisa,,,
LK,MA,visa_required,,,
LK,MC,visa_required,,,
LK,MD,evisa,,,
LK,ME,visa_required,,,
LK,MG,visa_on_arrival,,,
LK,MH,visa_required,,,
LK,MK,visa_required,,,
LK,ML,visa_required,,,
LK,MM,evisa,,,
LK,MN,visa_required,,,
LK,MR,evisa,,,
LK,MT,visa_required,,,
LK,MU,visa_on_arrival,,,
LK,MV,visa_on_arrival,,,
LK,MW,evisa,,,
LK,MX,visa_required,,,
LK,MY,evisa,,,
LK,MZ,evisa,,,
LK,NA,evisa,,,
LK,NE,visa_required,,,
LK,NG,evisa,,,
LK,NI,visa_required,,,
LK,NL,visa_required,,,
LK,NO,visa_required,,,
LK,NP,visa_on_arrival,,,
LK,NR,visa_required,,,
LK,NZ,visa_required,,,
LK,OM,evisa,,,
LK,PA,visa_required,,,
LK,PE,visa_required,,,
LK,PG,evisa,,,
LK,PH,visa_required,,,
LK,PK,evisa,,,
LK,PL,visa_required,,,
LK,PS,visa_required,,,
LK,PT,visa_required,,,
LK,PW,visa_on_arrival,,,
LK,PY,visa_required,,,
LK,QA,evisa,,,
LK,RO,visa_required,,,
LK,RS,visa_required,,,
LK,RU,visa_required,,,
LK,RW,visa_free,30,,
LK,SA,evisa,,,
LK,SB,visa_required,,,
LK,SC,visa_free,90,,
LK,SD,visa_required,,,
LK,SE,visa_required,,,
LK,SG,visa_free,30,,
LK,SI,visa_required,,,
LK,SK,visa_required,,,
LK,SL,visa_on_arrival,,,
LK,SM,visa_required,,,
LK,SN,visa_required,,,
LK,SO,evisa,,,
LK,SR,evisa,,,
LK,SS,evisa,,,
LK,ST,evisa,,,
LK,SV,evisa,,,
LK,SY,evisa,,,
LK,SZ,visa_required,,,
LK,TD,evisa,,,
LK,TG,evisa,,,
LK,TH,visa_free,60,,
LK,TJ,visa_free,30,,
LK,TL,visa_on_arrival,,,
LK,TM,visa_required,,,
LK,TN,visa_required,,,
LK,TO,visa_required,,,
LK,TR,visa_required,,,
LK,TT,visa_required,,,
LK,TV,visa_on_arrival,,,
LK,TW,visa_required,,,
LK,TZ,visa_on_arrival,,,
LK,UA,visa_required,,,
LK,UG,evisa,,,
LK,US,visa_required,,,
LK,UY,visa_required,,,
LK,UZ,evisa,,,
LK,VA,visa_required,,,
LK,VC,visa_free,90,,
LK,VE,visa_free,90,,
LK,VN,evisa,,,
LK,VU,visa_free,120,,
LK,WS,visa_on_arrival,,,
LK,XK,visa_required,,,
LK,YE,visa_required,,,
LK,ZA,visa_required,,,
LK,ZM,evisa,,,
LK,ZW,evisa,,,
LR,AD,visa_required,,,
LR,AE,evisa,,,
LR,AF,visa_required,,,
LR,AG,evisa,,,
LR,AL,evisa,,,
LR,AM,visa_required,,,
LR,AO,visa_required,,,
LR,AR,visa_required,,,
LR,AT,visa_required,,,
LR,AU,evisa,,,
LR,AZ,visa_required,,,
LR,BA,visa_required,,,
LR,BB,visa_free,90,,
LR,BD,visa_on_arrival,,,
LR,BE,visa_required,,,
LR,BF,visa_free,,,
LR,BG,visa_required,,,
LR,BH,evisa,,,
LR,BI,visa_on_arrival,,,
LR,BJ,visa_free,90,,
LR,BN,visa_required,,,
LR,BO,evisa,,,
LR,BR,visa_required,,,
LR,BS,evisa,,,
LR,BT,evisa,,,
LR,BW,evisa,,,
LR,BY,visa_required,,,
LR,BZ,visa_required,,,
LR,CA,visa_required,,,
LR,CD,evisa,,,
LR,CF,visa_free,90,,
LR,CG,visa_required,,,
LR,CH,visa_required,,,
LR,CI,visa_free,90,,
LR,CL,visa_required,,,
LR,CM,evisa,,,
LR,CN,visa_required,,,
LR,CO,evisa,,,
LR,CR,visa_required,,,
LR,CU,evisa,,,
LR,CV,visa_free,,,
LR,CY,visa_required,,,
LR,CZ,visa_required,,,
LR,DE,visa_required,,,
LR,DJ,visa_on_arrival,,,
LR,DK,visa_required,,,
LR,DM,visa_free,21,,
LR,DO,visa_required,,,
LR,DZ,visa_required,,,
LR,EC,visa_free,90,,
LR,EE,visa_required,,,
LR,EG,visa_required,,,
LR,ER,visa_required,,,
LR,ES,visa_required,,,
LR,ET,visa_on_arrival,,,
LR,FI,visa_required,,,
LR,FJ,visa_required,,,
LR,FM,visa_free,30,,
LR,FR,visa_required,,,
LR,GA,evisa,,,
LR,GB,visa_required,,,
LR,GD,visa_required,,,
LR,GE,visa_required,,,
LR,GH,visa_free,90,,
LR,GM,visa_free,90,,
LR,GN,visa_free,,,
LR,GQ,evisa,,,
LR,GR,visa_required,,,
LR,GT,visa_required,,,
LR,GW,visa_free,,,
LR,GY,evisa,,,
LR,HN,visa_required,,,
LR,HR,visa_required,,,
LR,HT,visa_free,90,,
LR,HU,visa_required,,,
LR,ID,evisa,,,
LR,IE,visa_required,,,
LR,IL,evisa,,,
LR,IN,evisa,,,
LR,IQ,evisa,,,
LR,IR,visa_on_arrival,,,
LR,IS,visa_required,,,
LR,IT,visa_required,,,
LR,JM,visa_required,,,
LR,JO,visa_required,,,
LR,JP,visa_required,,,
LR,KE,visa_free,60,,
LR,KG,evisa,,,
LR,KH,visa_on_arrival,,,
LR,KI,visa_required,,,
LR,KM,visa_on_arrival,,,
LR,KN,evisa,,,
LR,KP,visa_required,,,
LR,KR,evisa,,,
LR,KW,visa_required,,,
LR,KZ,evisa,,,
LR,LA,visa_required,,,
LR,LB,visa_required,,,
LR,LC,visa_required,,,
LR,LI,visa_required,,,
LR,LK,eta,,,
LR,LS,visa_required,,,
LR,LT,visa_required,,,
LR,LU,visa_required,,,
LR,LV,visa_required,,,
LR,LY,evisa,,,
LR,MA,visa_required,,,
LR,MC,visa_required,,,
LR,MD,evisa,,,
LR,ME,visa_required,,,
LR,MG,visa_on_arrival,,,
LR,MH,visa_required,,,
LR,MK,visa_required,,,
LR,ML,visa_free,,,
LR,MM,visa_required,,,
LR,MN,visa_required,,,
LR,MR,evisa,,,
LR,MT,visa_required,,,
LR,MU,visa_on_arrival,,,
LR,MV,visa_on_arrival,,,
LR,MW,evisa,,,
LR,MX,visa_required,,,
LR,MY,evisa,,,
LR,MZ,visa_on_arrival,,,
LR,NA,visa_on_arrival,,,
LR,NE,visa_free,,,
LR,NG,visa_free,,,
LR,NI,visa_required,,,
LR,NL,visa_required,,,
LR,NO,visa_required,,,
LR,NP,visa_required,,,
LR,NR,visa_required,,,
LR,NZ,visa_required,,,
LR,OM,evisa,,,
LR,PA,visa_required,,,
LR,PE,visa_required,,,
LR,PG,evisa,,,
LR,PH,visa_free,30,,
LR,PK,evisa,,,
LR,PL,visa_required,,,
LR,PS,visa_required,,,
LR,PT,visa_required,,,
LR,PW,visa_on_arrival,,,
LR,PY,visa_required,,,
LR,QA,evisa,,,
LR,RO,visa_required,,,
LR,RS,visa_required,,,
LR,RU,visa_required,,,
LR,RW,visa_free,30,,
LR,SA,evisa,,,
LR,SB,visa_required,,,
LR,SC,visa_free,90,,
LR,SD,visa_required,,,
LR,SE,visa_required,,,
LR,SG,visa_free,30,,
LR,SI,visa_required,,,
LR,SK,visa_required,,,
LR,SL,visa_free,,,
LR,SM,visa_required,,,
LR,SN,visa_free,90,,
LR,SO,evisa,,,
LR,SR,eta,,,
LR,SS,evisa,,,
LR,ST,evisa,,,
LR,SV,evisa,,,
LR,SY,evisa,,,
LR,SZ,visa_required,,,
LR,TD,evisa,,,
LR,TG,visa_free,,,
LR,TH,evisa,,,
LR,TJ,evisa,,,
LR,TL,visa_on_arrival,,,
LR,TM,visa_required,,,
LR,TN,visa_required,,,
LR,TO,visa_required,,,
LR,TR,visa_required,,,
LR,TT,visa_required,,,
LR,TV,visa_on_arrival,,,
LR,TW,visa_required,,,
LR,TZ,visa_on_arrival,,,
LR,UA,visa_required,,,
LR,UG,evisa,,,
LR,US,visa_required,,,
LR,UY,visa_required,,,
LR,UZ,visa_required,,,
LR,VA,visa_required,,,
LR,VC,visa_free,90,,
LR,VE,visa_required,,,
LR,VN,evisa,,,
LR,VU,evisa,,,
LR,WS,visa_on_arrival,,,
LR,XK,visa_required,,,
LR,YE,visa_required,,,
LR,ZA,evisa,,,
LR,ZM,visa_free,90,,
LR,ZW,evisa,,,
LS,AD,visa_required,,,
LS,AE,evisa,,,
LS,AF,visa_required,,,
LS,AG,visa_free,180,,
LS,AL,evisa,,,
LS,AM,visa_required,,,
LS,AO,visa_free,30,,
LS,AR,visa_required,,,
LS,AT,visa_required,,,
LS,AU,evisa,,,
LS,AZ,visa_required,,,
LS,BA,visa_required,,,
LS,BB,visa_free,180,,
LS,BD,visa_free,90,,
LS,BE,visa_required,,,
LS,BF,evisa,,,
LS,BG,visa_required,,,
LS,BH,evisa,,,
LS,BI,visa_on_arrival,,,
LS,BJ,visa_free,90,,
LS,BN,visa_required,,,
LS,BO,evisa,,,
LS,BR,visa_required,,,
LS,BS,visa_free,90,,
LS,BT,evisa,,,
LS,BW,visa_free,90,,
LS,BY,visa_required,,,
LS,BZ,visa_free,,,
LS,CA,visa_required,,,
LS,CD,evisa,,,
LS,CF,visa_required,,,
LS,CG,visa_required,,,
LS,CH,visa_required,,,
LS,CI,eta,,,
LS,CL,visa_required,,,
LS,CM,evisa,,,
LS,CN,visa_required,,,
LS,CO,evisa,,,
LS,CR,visa_required,,,
LS,CU,evisa,,,
LS,CV,visa_required,,,
LS,CY,visa_required,,,
LS,CZ,visa_required,,,
LS,DE,visa_required,,,
LS,DJ,visa_on_arrival,,,
LS,DK,visa_required,,,
LS,DM,visa_free,180,,
LS,DO,visa_required,,,
LS,DZ,visa_required,,,
LS,EC,visa_free,90,,
LS,EE,visa_required,,,
LS,EG,visa_required,,,
LS,ER,visa_required,,,
LS,ES,visa_required,,,
LS,ET,visa_on_arrival,,,
LS,FI,visa_required,,,
LS,FJ,visa_free,120,,
LS,FM,visa_free,30,,
LS,FR,visa_required,,,
LS,GA,evisa,,,
LS,GB,visa_required,,,
LS,GD,visa_free,90,,
LS,GE,evisa,,,
LS,GH,visa_free,60,,
LS,GM,visa_free,90,,
LS,GN,evisa,,,
LS,GQ,evisa,,,
LS,GR,visa_required,,,
LS,GT,visa_required,,,
LS,GW,visa_on_arrival,,,
LS,GY,visa_free,28,,
LS,HN,visa_required,,,
LS,HR,visa_required,,,
LS,HT,visa_free,90,,
LS,HU,visa_required,,,
LS,ID,evisa,,,
LS,IE,visa_required,,,
LS,IL,eta,,,
LS,IN,evisa,,,
LS,IQ,evisa,,,
LS,IR,visa_on_arrival,,,
LS,IS,visa_required,,,
LS,IT,visa_required,,,
LS,JM,visa_free,,,
LS,JO,visa_on_arrival,,,
LS,JP,visa_free,90,,
LS,KE,visa_free,90,,
LS,KG,evisa,,,
LS,KH,visa_on_arrival,,,
LS,KI,visa_free,90,,
LS,KM,visa_on_arrival,,,
LS,KN,eta,,,
LS,KP,visa_required,,,
LS,KR,eta,,,
LS,KW,visa_required,,,
LS,KZ,evisa,,,
LS,LA,visa_required,,,
LS,LB,visa_required,,,
LS,LC,visa_free,42,,
LS,LI,visa_required,,,
LS,LK,eta,,,
LS,LR,evisa,,,
LS,LT,visa_required,,,
LS,LU,visa_required,,,
LS,LV,visa_required,,,
LS,LY,evisa,,,
LS,MA,visa_required,,,
LS,MC,visa_required,,,
LS,MD,evisa,,,
LS,ME,visa_required,,,
LS,MG,visa_on_arrival,,,
LS,MH,visa_required,,,
LS,MK,visa_required,,,
LS,ML,visa_required,,,
LS,MM,visa_required,,,
LS,MN,evisa,,,
LS,MR,evisa,,,
LS,MT,visa_required,,,
LS,MU,visa_free,90,,
LS,MV,visa_on_arrival,,,
LS,MW,visa_free,90,,
LS,MX,visa_required,,,
LS,MY,visa_free,30,,
LS,MZ,visa_on_arrival,,,
LS,NA,visa_free,90,,
LS,NE,visa_required,,,
LS,NG,evisa,,,
LS,NI,visa_on_arrival,,,
LS,NL,visa_required,,,
LS,NO,visa_required,,,
LS,NP,visa_on_arrival,,,
LS,NR,visa_required,,,
LS,NZ,visa_required,,,
LS,OM,evisa,,,
LS,PA,visa_required,,,
LS,PE,visa_required,,,
LS,PG,eta,,,
LS,PH,visa_free,30,,
LS,PK,evisa,,,
LS,PL,visa_required,,,
LS,PS,visa_free,,,
LS,PT,visa_required,,,
LS,PW,visa_on_arrival,,,
LS,PY,visa_required,,,
LS,QA,evisa,,,
LS,RO,visa_required,,,
LS,RS,visa_required,,,
LS,RU,visa_required,,,
LS,RW,visa_free,30,,
LS,SA,evisa,,,
LS,SB,visa_required,,,
LS,SC,visa_free,90,,
LS,SD,visa_required,,,
LS,SE,visa_required,,,
LS,SG,visa_free,30,,
LS,SI,visa_required,,,
LS,SK,visa_required,,,
LS,SL,visa_on_arrival,,,
LS,SM,visa_required,,,
LS,SN,visa_on_arrival,,,
LS,SO,evisa,,,
LS,SR,eta,,,
LS,SS,evisa,,,
LS,ST,evisa,,,
LS,SV,evisa,,,
LS,SY,evisa,,,
LS,SZ,visa_free,30,,
LS,TD,evisa,,,
LS,TG,evisa,,,
LS,TH,evisa,,,
LS,TJ,evisa,,,
LS,TL,visa_on_arrival,,,
LS,TM,visa_required,,,
LS,TN,visa_required,,,
LS,TO,visa_required,,,
LS,TR,visa_required,,,
LS,TT,visa_free,,,
LS,TV,visa_on_arrival,,,
LS,TW,visa_required,,,
LS,TZ,visa_free,90,,
LS,UA,visa_required,,,
LS,UG,visa_free,90,,
LS,US,visa_required,,,
LS,UY,visa_required,,,
LS,UZ,visa_required,,,
LS,VA,visa_required,,,
LS,VC,visa_free,90,,
LS,VE,visa_required,,,
LS,VN,evisa,,,
LS,VU,visa_free,120,,
LS,WS,visa_on_arrival,,,
LS,XK,visa_free,90,,
LS,YE,visa_required,,,
LS,ZA,visa_free,30,,
LS,ZM,visa_free,90,,
LS,ZW,visa_free,90,,
LT,AD,visa_free,,,
LT,AE,visa_free,90,,
LT,AF,visa_required,,,
LT,AG,visa_free,180,,
LT,AL,visa_free,90,,
LT,AM,visa_free,180,,
LT,AO,visa_free,30,,
LT,AR,visa_free,90,,
LT,AT,visa_free,,,
LT,AU,eta,,,
LT,AZ,evisa,,,
LT,BA,visa_free,90,,
LT,BB,visa_free,90,,
LT,BD,visa_on_arrival,,,
LT,BE,visa_free,,,
LT,BF,evisa,,,
LT,BG,visa_free,,,
LT,BH,visa_on_arrival,,,
LT,BI,visa_on_arrival,,,
LT,BJ,evisa,,,
LT,BN,visa_free,90,,
LT,BO,visa_free,90,,
LT,BR,visa_free,90,,
LT,BS,visa_free,90,,
LT,BT,evisa,,,
LT,BW,visa_free,90,,
LT,BY,visa_free,30,,
LT,BZ,visa_free,,,
LT,CA,eta,,,
LT,CD,evisa,,,
LT,CF,visa_required,,,
LT,CG,visa_required,,,
LT,CH,visa_free,,,
LT,CI,eta,,,
LT,CL,visa_free,90,,
LT,CM,evisa,,,
LT,CN,visa_required,,,
LT,CO,visa_free,90,,
LT,CR,visa_free,180,,
LT,CU,evisa,,,
LT,CV,visa_free,30,,
LT,CY,visa_free,,,
LT,CZ,visa_free,,,
LT,DE,visa_free,,,
LT,DJ,visa_on_arrival,,,
LT,DK,visa_free,,,
LT,DM,visa_free,180,,
LT,DO,visa_free,30,,
LT,DZ,visa_required,,,
LT,EC,visa_free,90,,
LT,EE,visa_free,,,
LT,EG,visa_on_arrival,,,
LT,ER,visa_required,,,
LT,ES,visa_free,,,
LT,ET,visa_on_arrival,,,
LT,FI,visa_free,,,
LT,FJ,visa_free,120,,
LT,FM,visa_free,90,,
LT,FR,visa_free,,,
LT,GA,evisa,,,
LT,GB,eta,,,
LT,GD,visa_free,90,,
LT,GE,visa_free,365,,
LT,GH,visa_required,,,
LT,GM,visa_free,90,,
LT,GN,evisa,,,
LT,GQ,evisa,,,
LT,GR,visa_free,,,
LT,GT,visa_free,90,,
LT,GW,visa_on_arrival,,,
LT,GY,evisa,,,
LT,HN,visa_free,90,,
LT,HR,visa_free,,,
LT,HT,visa_free,90,,
LT,HU,visa_free,,,
LT,ID,visa_on_arrival,,,
LT,IE,visa_free,,,
LT,IL,eta,,,
LT,IN,evisa,,,
LT,IQ,evisa,,,
LT,IR,visa_on_arrival,,,
LT,IS,visa_free,,,
LT,IT,visa_free,,,
LT,JM,visa_free,30,,
LT,JO,visa_on_arrival,,,
LT,JP,visa_free,90,,
LT,KE,eta,,,
LT,KG,visa_free,60,,
LT,KH,visa_on_arrival,,,
LT,KI,visa_free,90,,
LT,KM,visa_on_arrival,,,
LT,KN,eta,,,
LT,KP,visa_required,,,
LT,KR,visa_free,90,,
LT,KW,visa_on_arrival,,,
LT,KZ,visa_free,30,,
LT,LA,visa_on_arrival,,,
LT,LB,visa_on_arrival,,,
LT,LC,visa_free,90,,
LT,LI,visa_free,,,
LT,LK,eta,,,
LT,LR,evisa,,,
LT,LS,visa_free,14,,
LT,LU,visa_free,,,
LT,LV,visa_free,,,
LT,LY,evisa,,,
LT,MA,visa_free,90,,
LT,MC,visa_free,,,
LT,MD,visa_free,90,,
LT,ME,visa_free,90,,
LT,MG,visa_on_arrival,,,
LT,MH,visa_free,90,,
LT,MK,visa_free,90,,
LT,ML,visa_required,,,
LT,MM,evisa,,,
LT,MN,visa_free,30,,
LT,MR,evisa,,,
LT,MT,visa_free,,,
LT,MU,visa_free,90,,
LT,MV,visa_on_arrival,,,
LT,MW,evisa,,,
LT,MX,visa_free,180,,
LT,MY,visa_free,90,,
LT,MZ,visa_on_arrival,,,
LT,NA,visa_on_arrival,,,
LT,NE,visa_required,,,
LT,NG,evisa,,,
LT,NI,visa_free,90,,
LT,NL,visa_free,,,
LT,NO,visa_free,,,
LT,NP,visa_on_arrival,,,
LT,NR,visa_required,,,
LT,NZ,eta,,,
LT,OM,visa_on_arrival,,,
LT,PA,visa_free,90,,
LT,PE,visa_free,90,,
LT,PG,eta,,,
LT,PH,visa_free,30,,
LT,PK,evisa,,,
LT,PL,visa_free,,,
LT,PS,visa_free,,,
LT,PT,visa_free,,,
LT,PW,visa_free,90,,
LT,PY,visa_free,90,,
LT,QA,visa_on_arrival,,,
LT,RO,visa_free,,,
LT,RS,visa_free,90,,
LT,RU,evisa,,,
LT,RW,visa_on_arrival,,,
LT,SA,visa_on_arrival,,,
LT,SB,visa_free,90,,
LT,SC,visa_free,90,,
LT,SD,visa_required,,,
LT,SE,visa_free,,,
LT,SG,visa_free,90,,
LT,SI,visa_free,,,
LT,SK,visa_free,,,
LT,SL,visa_on_arrival,,,
LT,SM,visa_free,,,
LT,SN,visa_free,90,,
LT,SO,evisa,,,
LT,SR,eta,,,
LT,SS,evisa,,,
LT,ST,visa_free,15,,
LT,SV,visa_free,180,,
LT,SY,evisa,,,
LT,SZ,visa_free,30,,
LT,TD,evisa,,,
LT,TG,evisa,,,
LT,TH,visa_free,60,,
LT,TJ,visa_free,30,,
LT,TL,visa_free,90,,
LT,TM,visa_required,,,
LT,TN,visa_free,90,,
LT,TO,visa_free,90,,
LT,TR,visa_free,90,,
LT,TT,visa_free,90,,
LT,TV,visa_free,90,,
LT,TW,visa_free,90,,
LT,TZ,visa_on_arrival,,,
LT,UA,visa_free,90,,
LT,UG,evisa,,,
LT,US,eta,,,
LT,UY,visa_free,90,,
LT,UZ,visa_free,30,,
LT,VA,visa_free,,,
LT,VC,visa_free,90,,
LT,VE,visa_free,90,,
LT,VN,evisa,,,
LT,VU,visa_free,120,,
LT,WS,visa_free,90,,
LT,XK,visa_free,90,,
LT,YE,visa_required,,,
LT,ZA,visa_free,90,,
LT,ZM,visa_free,90,,
LT,ZW,visa_on_arrival,,,
LU,AD,visa_free,,,
LU,AE,visa_free,90,,
LU,AF,visa_required,,,
LU,AG,visa_free,180,,
LU,AL,visa_free,90,,
LU,AM,visa_free,180,,
LU,AO,visa_free,30,,
LU,AR,visa_free,90,,
LU,AT,visa_free,,,
LU,AU,eta,,,
LU,AZ,evisa,,,
LU,BA,visa_free,90,,
LU,BB,visa_free,90,,
LU,BD,visa_on_arrival,,,
LU,BE,visa_free,,,
LU,BF,evisa,,,
LU,BG,visa_free,,,
LU,BH,visa_on_arrival,,,
LU,BI,visa_on_arrival,,,
LU,BJ,evisa,,,
LU,BN,visa_free,90,,
LU,BO,visa_free,90,,
LU,BR,visa_free,90,,
LU,BS,visa_free,240,,
LU,BT,evisa,,,
LU,BW,visa_free,90,,
LU,BY,visa_free,30,,
LU,BZ,visa_free,,,
LU,CA,eta,,,
LU,CD,evisa,,,
LU,CF,visa_required,,,
LU,CG,visa_required,,,
LU,CH,visa_free,,,
LU,CI,eta,,,
LU,CL,visa_free,90,,
LU,CM,evisa,,,
LU,CN,visa_free,30,,https://www.fmprc.gov.cn/eng/xw/fyrbt/202602/t20260215_11860467.html
LU,CO,visa_free,90,,
LU,CR,visa_free,180,,
LU,CU,evisa,,,
LU,CV,visa_free,30,,
LU,CY,visa_free,,,
LU,CZ,visa_free,,,
LU,DE,visa_free,,,
LU,DJ,visa_on_arrival,,,
LU,DK,visa_free,,,
LU,DM,visa_free,180,,
LU,DO,visa_free,30,,
LU,DZ,visa_required,,,
LU,EC,visa_free,90,,
LU,EE,visa_free,,,
LU,EG,visa_on_arrival,,,
LU,ER,visa_required,,,
LU,ES,visa_free,,,
LU,ET,visa_on_arrival,,,
LU,FI,visa_free,,,
LU,FJ,visa_free,120,,
LU,FM,visa_free,90,,
LU,FR,visa_free,,,
LU,GA,evisa,,,
LU,GB,eta,,,
LU,GD,visa_free,90,,
LU,GE,visa_free,365,,
LU,GH,visa_required,,,
LU,GM,visa_free,90,,
LU,GN,evisa,,,
LU,GQ,evisa,,,
LU,GR,visa_free,,,
LU,GT,visa_free,90,,
LU,GW,visa_on_arrival,,,
LU,GY,visa_free,90,,
LU,HN,visa_free,90,,
LU,HR,visa_free,,,
LU,HT,visa_free,90,,
LU,HU,visa_free,,,
LU,ID,visa_on_arrival,,,
LU,IE,visa_free,,,
LU,IL,eta,,,
LU,IN,evisa,,,
LU,IQ,evisa,,,
LU,IR,visa_on_arrival,,,
LU,IS,visa_free,,,
LU,IT,visa_free,,,
LU,JM,visa_free,90,,
LU,JO,visa_on_arrival,,,
LU,JP,visa_free,90,,
LU,KE,eta,,,
LU,KG,visa_free,60,,
LU,KH,visa_on_arrival,,,
LU,KI,visa_free,90,,
LU,KM,visa_on_arrival,,,
LU,KN,eta,,,
LU,KP,visa_required,,,
LU,KR,visa_free,90,,
LU,KW,visa_on_arrival,,,
LU,KZ,visa_free,30,,
LU,LA,visa_free,15,,
LU,LB,visa_on_arrival,,,
LU,LC,visa_free,90,,
LU,LI,visa_free,,,
LU,LK,eta,,,
LU,LR,evisa,,,
LU,LS,visa_free,14,,
LU,LT,visa_free,,,
LU,LV,visa_free,,,
LU,LY,evisa,,,
LU,MA,visa_free,90,,
LU,MC,visa_free,,,
LU,MD,visa_free,90,,
LU,ME,visa_free,90,,
LU,MG,visa_on_arrival,,,
LU,MH,visa_free,90,,
LU,MK,visa_free,90,,
LU,ML,visa_required,,,
LU,MM,evisa,,,
LU,MN,visa_free,30,,
LU,MR,evisa,,,
LU,MT,visa_free,,,
LU,MU,visa_free,90,,
LU,MV,visa_on_arrival,,,
LU,MW,evisa,,,
LU,MX,visa_free,180,,
LU,MY,visa_free,90,,
LU,MZ,visa_on_arrival,,,
LU,NA,visa_on_arrival,,,
LU,NE,visa_required,,,
LU,NG,evisa,,,
LU,NI,visa_free,90,,
LU,NL,visa_free,,,
LU,NO,visa_free,,,
LU,NP,visa_on_arrival,,,
LU,NR,visa_required,,,
LU,NZ,eta,,,
LU,OM,visa_on_arrival,,,
LU,PA,visa_free,90,,
LU,PE,visa_free,90,,
LU,PG,eta,,,
LU,PH,visa_free,30,,
LU,PK,evisa,,,
LU,PL,visa_free,,,
LU,PS,visa_free,,,
LU,PT,visa_free,,,
LU,PW,visa_free,90,,
LU,PY,visa_free,90,,
LU,QA,visa_on_arrival,,,
LU,RO,visa_free,,,
LU,RS,visa_free,90,,
LU,RU,evisa,,,
LU,RW,visa_free,30,,
LU,SA,visa_on_arrival,,,
LU,SB,visa_free,90,,
LU,SC,visa_free,90,,
LU,SD,visa_required,,,
LU,SE,visa_free,,,
LU,SG,visa_free,90,,
LU,SI,visa_free,,,
LU,SK,visa_free,,,
LU,SL,visa_on_arrival,,,
LU,SM,visa_free,,,
LU,SN,visa_free,90,,
LU,SO,evisa,,,
LU,SR,eta,,,
LU,SS,evisa,,,
LU,ST,visa_free,15,,
LU,SV,visa_free,180,,
LU,SY,evisa,,,
LU,SZ,visa_free,30,,
LU,TD,evisa,,,
LU,TG,evisa,,,
LU,TH,visa_free,60,,
LU,TJ,visa_free,30,,
LU,TL,visa_free,90,,
LU,TM,visa_required,,,
LU,TN,visa_free,90,,
LU,TO,visa_free,90,,
LU,TR,visa_free,90,,
LU,TT,visa_free,90,,
LU,TV,visa_free,90,,
LU,TW,visa_free,90,,
LU,TZ,visa_on_arrival,,,
LU,UA,visa_free,90,,
LU,UG,evisa,,,
LU,US,eta,,,
LU,UY,visa_free,90,,
LU,UZ,visa_free,30,,
LU,VA,visa_free,,,
LU,VC,visa_free,90,,
LU,VE,visa_free,90,,
LU,VN,visa_free,45,,
LU,VU,visa_free,120,,
LU,WS,visa_free,90,,
LU,XK,visa_free,90,,
LU,YE,visa_required,,,
LU,ZA,visa_free,90,,
LU,ZM,visa_free,90,,
LU,ZW,visa_on_arrival,,,
LV,AD,visa_free,,,
LV,AE,visa_free,90,,
LV,AF,visa_required,,,
LV,AG,visa_free,180,,
LV,AL,visa_free,90,,
LV,AM,visa_free,180,,
LV,AO,visa_free,30,,
LV,AR,visa_free,90,,
LV,AT,visa_free,,,
LV,AU,eta,,,
LV,AZ,evisa,,,
LV,BA,visa_free,90,,
LV,BB,visa_free,90,,
LV,BD,visa_on_arrival,,,
LV,BE,visa_free,,,
LV,BF,evisa,,,
LV,BG,visa_free,,,
LV,BH,visa_on_arrival,,,
LV,BI,visa_on_arrival,,,
LV,BJ,evisa,,,
LV,BN,visa_free,90,,
LV,BO,visa_free,90,,
LV,BR,visa_free,90,,
LV,BS,visa_free,90,,
LV,BT,evisa,,,
LV,BW,visa_free,90,,
LV,BY,visa_free,30,,
LV,BZ,visa_free,,,
LV,CA,eta,,,
LV,CD,evisa,,,
LV,CF,visa_required,,,
LV,CG,visa_required,,,
LV,CH,visa_free,,,
LV,CI,eta,,,
LV,CL,visa_free,90,,
LV,CM,evisa,,,
LV,CN,visa_free,30,,https://www.fmprc.gov.cn/eng/xw/fyrbt/202602/t20260215_11860467.html
LV,CO,visa_free,90,,
LV,CR,visa_free,180,,
LV,CU,evisa,,,
LV,CV,visa_free,30,,
LV,CY,visa_free,,,
LV,CZ,visa_free,,,
LV,DE,visa_free,,,
LV,DJ,visa_on_arrival,,,
LV,DK,visa_free,,,
LV,DM,visa_free,180,,
LV,DO,visa_free,30,,
LV,DZ,visa_required,,,
LV,EC,visa_free,90,,
LV,EE,visa_free,,,
LV,EG,visa_on_arrival,,,
LV,ER,visa_required,,,
LV,ES,visa_free,,,
LV,ET,visa_on_arrival,,,
LV,FI,visa_free,,,
LV,FJ,visa_free,120,,
LV,FM,visa_free,90,,
LV,FR,visa_free,,,
LV,GA,evisa,,,
LV,GB,eta,,,
LV,GD,visa_free,90,,
LV,GE,visa_free,365,,
LV,GH,visa_required,,,
LV,GM,visa_free,90,,
LV,GN,evisa,,,
LV,GQ,evisa,,,
LV,GR,visa_free,,,
LV,GT,visa_free,90,,
LV,GW,visa_on_arrival,,,
LV,GY,evisa,,,
LV,HN,visa_free,90,,
LV,HR,visa_free,,,
LV,HT,visa_free,90,,
LV,HU,visa_free,,,
LV,ID,visa_on_arrival,,,
LV,IE,visa_free,,,
LV,IL,eta,,,
LV,IN,evisa,,,
LV,IQ,evisa,,,
LV,IR,visa_on_arrival,,,
LV,IS,visa_free,,,
LV,IT,visa_free,,,
LV,JM,visa_free,30,,
LV,JO,visa_on_arrival,,,
LV,JP,visa_free,90,,
LV,KE,eta,,,
LV,KG,visa_free,60,,
LV,KH,visa_on_arrival,,,
LV,KI,visa_free,90,,
LV,KM,visa_on_arrival,,,
LV,KN,eta,,,
LV,KP,visa_required,,,
LV,KR,visa_free,90,,
LV,KW,visa_on_arrival,,,
LV,KZ,visa_free,30,,
LV,LA,visa_on_arrival,,,
LV,LB,visa_on_arrival,,,
LV,LC,visa_free,90,,
LV,LI,visa_free,,,
LV,LK,eta,,,
LV,LR,evisa,,,
LV,LS,visa_free,14,,
LV,LT,visa_free,,,
LV,LU,visa_free,,,
LV,LY,evisa,,,
LV,MA,visa_free,90,,
LV,MC,visa_free,,,
LV,MD,visa_free,90,,
LV,ME,visa_free,90,,
LV,MG,visa_on_arrival,,,
LV,MH,visa_free,90,,
LV,MK,visa_free,90,,
LV,ML,visa_required,,,
LV,MM,evisa,,,
LV,MN,visa_free,30,,
LV,MR,evisa,,,
LV,MT,visa_free,,,
LV,MU,visa_free,90,,
LV,MV,visa_on_arrival,,,
LV,MW,evisa,,,
LV,MX,visa_free,180,,
LV,MY,visa_free,90,,
LV,MZ,visa_on_arrival,,,
LV,NA,visa_on_arrival,,,
LV,NE,visa_required,,,
LV,NG,evisa,,,
LV,NI,visa_free,90,,
LV,NL,visa_free,,,
LV,NO,visa_free,,,
LV,NP,visa_on_arrival,,,
LV,NR,visa_required,,,
LV,NZ,eta,,,
LV,OM,visa_on_arrival,,,
LV,PA,visa_free,90,,
LV,PE,visa_free,90,,
LV,PG,eta,,,
LV,PH,visa_free,30,,
LV,PK,evisa,,,
LV,PL,visa_free,,,
LV,PS,visa_free,,,
LV,PT,visa_free,,,
LV,PW,visa_free,90,,
LV,PY,visa_free,90,,
LV,QA,visa_on_arrival,,,
LV,RO,visa_free,,,
LV,RS,visa_free,90,,
LV,RU,evisa,,,
LV,RW,visa_on_arrival,,,
LV,SA,visa_on_arrival,,,
LV,SB,visa_free,90,,
LV,SC,visa_free,90,,
LV,SD,visa_required,,,
LV,SE,visa_free,,,
LV,SG,visa_free,90,,
LV,SI,visa_free,,,
LV,SK,visa_free,,,
LV,SL,visa_on_arrival,,,
LV,SM,visa_free,,,
LV,SN,visa_free,90,,
LV,SO,evisa,,,
LV,SR,eta,,,
LV,SS,evisa,,,
LV,ST,visa_free,15,,
LV,SV,visa_free,180,,
LV,SY,evisa,,,
LV,SZ,visa_free,30,,
LV,TD,evisa,,,
LV,TG,evisa,,,
LV,TH,visa_free,60,,
LV,TJ,visa_free,30,,
LV,TL,visa_free,90,,
LV,TM,visa_required,,,
LV,TN,visa_free,90,,
LV,TO,visa_free,90,,
LV,TR,visa_free,30,,
LV,TT,visa_free,90,,
LV,TV,visa_free,90,,
LV,TW,visa_free,90,,
LV,TZ,visa_on_arrival,,,
LV,UA,visa_free,90,,
LV,UG,evisa,,,
LV,US,eta,,,
LV,UY,visa_free,90,,
LV,UZ,visa_free,30,,
LV,VA,visa_free,,,
LV,VC,visa_free,90,,
LV,VE,visa_free,90,,
LV,VN,evisa,,,
LV,VU,visa_free,120,,
LV,WS,visa_free,90,,
LV,XK,visa_free,90,,
LV,YE,visa_required,,,
LV,ZA,visa_free,90,,
LV,ZM,visa_free,90,,
LV,ZW,visa_on_arrival,,,
LY,AD,visa_required,,,
LY,AE,evisa,,,
LY,AF,visa_required,,,
LY,AG,evisa,,,
LY,AL,evisa,,,
LY,AM,visa_required,,,
LY,AO,visa_required,,,
LY,AR,visa_required,,,
LY,AT,visa_required,,,
LY,AU,evisa,,,
LY,AZ,visa_required,,,
LY,BA,visa_required,,,
LY,BB,visa_required,,,
LY,BD,visa_required,,,
LY,BE,visa_required,,,
LY,BF,evisa,,,
LY,BG,visa_required,,,
LY,BH,evisa,,,
LY,BI,visa_on_arrival,,,
LY,BJ,visa_free,90,,
LY,BN,visa_required,,,
LY,BO,evisa,,,
LY,BR,visa_required,,,
LY,BS,evisa,,,
LY,BT,evisa,,,
LY,BW,evisa,,,
LY,BY,visa_free,90,,
LY,BZ,visa_required,,,
LY,CA,visa_required,,,
LY,CD,evisa,,,
LY,CF,visa_required,,,
LY,CG,visa_required,,,
LY,CH,visa_required,,,
LY,CI,eta,,,
LY,CL,visa_required,,,
LY,CM,evisa,,,
LY,CN,visa_required,,,
LY,CO,evisa,,,
LY,CR,visa_required,,,
LY,CU,evisa,,,
LY,CV,visa_required,,,
LY,CY,visa_required,,,
LY,CZ,visa_required,,,
LY,DE,visa_required,,,
LY,DJ,visa_on_arrival,,,
LY,DK,visa_required,,,
LY,DM,visa_free,21,,
LY,DO,visa_required,,,
LY,DZ,visa_free,90,,
LY,EC,evisa,,,
LY,EE,visa_required,,,
LY,EG,visa_required,,,
LY,ER,visa_required,,,
LY,ES,visa_required,,,
LY,ET,evisa,,,
LY,FI,visa_required,,,
LY,FJ,visa_required,,,
LY,FM,visa_free,30,,
LY,FR,visa_required,,,
LY,GA,evisa,,,
LY,GB,visa_required,,,
LY,GD,visa_required,,,
LY,GE,visa_required,,,
LY,GH,visa_on_arrival,,,
LY,GM,visa_free,90,,
LY,GN,evisa,,,
LY,GQ,evisa,,,
LY,GR,visa_required,,,
LY,GT,visa_required,,,
LY,GW,visa_on_arrival,,,
LY,GY,evisa,,,
LY,HN,visa_required,,,
LY,HR,visa_required,,,
LY,HT,visa_free,90,,
LY,HU,visa_required,,,
LY,ID,evisa,,,
LY,IE,visa_required,,,
LY,IL,evisa,,,
LY,IN,visa_required,,,
LY,IQ,evisa,,,
LY,IR,visa_on_arrival,,,
LY,IS,visa_required,,,
LY,IT,visa_required,,,
LY,JM,visa_required,,,
LY,JO,visa_on_arrival,,,
LY,JP,visa_required,,,
LY,KE,eta,,,
LY,KG,evisa,,,
LY,KH,visa_on_arrival,,,
LY,KI,visa_required,,,
LY,KM,visa_on_arrival,,,
LY,KN,evisa,,,
LY,KP,visa_required,,,
LY,KR,evisa,,,
LY,KW,visa_required,,,
LY,KZ,evisa,,,
LY,LA,visa_required,,,
LY,LB,visa_on_arrival,,,
LY,LC,visa_required,,,
LY,LI,visa_required,,,
LY,LK,eta,,,
LY,LR,evisa,,,
LY,LS,visa_required,,,
LY,LT,visa_required,,,
LY,LU,visa_required,,,
LY,LV,visa_required,,,
LY,MA,visa_required,,,
LY,MC,visa_required,,,
LY,MD,evisa,,,
LY,ME,visa_required,,,
LY,MG,visa_on_arrival,,,
LY,MH,visa_required,,,
LY,MK,visa_required,,,
LY,ML,visa_required,,,
LY,MM,visa_required,,,
LY,MN,visa_required,,,
LY,MR,visa_free,90,,
LY,MT,visa_required,,,
LY,MU,visa_required,,,
LY,MV,visa_on_arrival,,,
LY,MW,evisa,,,
LY,MX,visa_required,,,
LY,MY,visa_free,14,,
LY,MZ,visa_on_arrival,,,
LY,NA,evisa,,,
LY,NE,visa_required,,,
LY,NG,evisa,,,
LY,NI,visa_required,,,
LY,NL,visa_required,,,
LY,NO,visa_required,,,
LY,NP,visa_on_arrival,,,
LY,NR,visa_required,,,
LY,NZ,visa_required,,,
LY,OM,evisa,,,
LY,PA,visa_required,,,
LY,PE,visa_required,,,
LY,PG,evisa,,,
LY,PH,visa_required,,,
LY,PK,evisa,,,
LY,PL,visa_required,,,
LY,PS,visa_free,,,
LY,PT,visa_required,,,
LY,PW,visa_on_arrival,,,
LY,PY,visa_required,,,
LY,QA,evisa,,,
LY,RO,visa_required,,,
LY,RS,visa_required,,,
LY,RU,visa_required,,,
LY,RW,visa_free,30,,
LY,SA,visa_required,,,
LY,SB,visa_required,,,
LY,SC,visa_free,90,,
LY,SD,visa_required,,,
LY,SE,visa_required,,,
LY,SG,evisa,,,
LY,SI,visa_required,,,
LY,SK,visa_required,,,
LY,SL,visa_on_arrival,,,
LY,SM,visa_required,,,
LY,SN,visa_on_arrival,,,
LY,SO,evisa,,,
LY,SR,eta,,,
LY,SS,evisa,,,
LY,ST,evisa,,,
LY,SV,evisa,,,
LY,SY,evisa,,,
LY,SZ,visa_required,,,
LY,TD,evisa,,,
LY,TG,evisa,,,
LY,TH,evisa,,,
LY,TJ,evisa,,,
LY,TL,visa_on_arrival,,,
LY,TM,visa_required,,,
LY,TN,visa_free,90,,
LY,TO,visa_required,,,
LY,TR,visa_required,,,
LY,TT,visa_required,,,
LY,TV,visa_on_arrival,,,
LY,TW,visa_required,,,
LY,TZ,visa_on_arrival,,,
LY,UA,visa_required,,,
LY,UG,evisa,,,
LY,US,no_admission,,,
LY,UY,visa_required,,,
LY,UZ,visa_required,,,
LY,VA,visa_required,,,
LY,VC,visa_free,90,,
LY,VE,visa_required,,,
LY,VN,evisa,,,
LY,VU,evisa,,,
LY,WS,visa_on_arrival,,,
LY,XK,visa_required,,,
LY,YE,visa_required,,,
LY,ZA,visa_required,,,
LY,ZM,evisa,,,
LY,ZW,evisa,,,
MA,AD,visa_required,,,
MA,AE,evisa,,,
MA,AF,visa_required,,,
MA,AG,evisa,,,
MA,AL,evisa,,,
MA,AM,evisa,,,
MA,AO,visa_free,30,,
MA,AR,visa_required,,,
MA,AT,visa_required,,,
MA,AU,evisa,,,
MA,AZ,visa_free,90,,
MA,BA,visa_required,,,
MA,BB,visa_free,90,,
MA,BD,visa_required,,,
MA,BE,visa_required,,,
MA,BF,visa_free,90,,
MA,BG,visa_required,,,
MA,BH,evisa,,,
MA,BI,visa_on_arrival,,,
MA,BJ,visa_free,90,,
MA,BN,visa_required,,,
MA,BO,evisa,,,
MA,BR,visa_free,90,,
MA,BS,evisa,,,
MA,BT,evisa,,,
MA,BW,evisa,,,
MA,BY,visa_required,,,
MA,BZ,visa_free,30,,
MA,CA,visa_required,,,
MA,CD,evisa,,,
MA,CF,visa_required,,,
MA,CG,visa_on_arrival,,,
MA,CH,visa_required,,,
MA,CI,visa_free,90,,
MA,CL,visa_required,,,
MA,CM,evisa,,,
MA,CN,visa_required,,,
MA,CO,visa_free,90,,
MA,CR,visa_required,,,
MA,CU,evisa,,,
MA,CV,visa_free,90,,
MA,CY,visa_required,,,
MA,CZ,visa_required,,,
MA,DE,visa_required,,,
MA,DJ,visa_on_arrival,,,
MA,DK,visa_required,,,
MA,DM,visa_free,21,,
MA,DO,visa_free,30,,
MA,DZ,visa_required,,,
MA,EC,visa_free,90,,
MA,EE,visa_required,,,
MA,EG,visa_required,,,
MA,ER,visa_required,,,
MA,ES,visa_required,,,
MA,ET,visa_on_arrival,,,
MA,FI,visa_required,,,
MA,FJ,visa_required,,,
MA,FM,visa_free,30,,
MA,FR,visa_required,,,
MA,GA,visa_free,30,,
MA,GB,visa_required,,,
MA,GD,visa_free,90,,
MA,GE,visa_required,,,
MA,GH,visa_free,90,,
MA,GM,visa_free,90,,
MA,GN,visa_free,,,
MA,GQ,evisa,,,
MA,GR,visa_required,,,
MA,GT,visa_required,,,
MA,GW,visa_on_arrival,,,
MA,GY,evisa,,,
MA,HN,visa_required,,,
MA,HR,visa_required,,,
MA,HT,visa_free,90,,
MA,HU,visa_required,,,
MA,ID,visa_on_arrival,,,
MA,IE,visa_required,,,
MA,IL,evisa,,,
MA,IN,evisa,,,
MA,IQ,evisa,,,
MA,IR,visa_on_arrival,,,
MA,IS,visa_required,,,
MA,IT,visa_required,,,
MA,JM,visa_required,,,
MA,JO,visa_on_arrival,,,
MA,JP,visa_required,,,
MA,KE,visa_free,60,,
MA,KG,evisa,,,
MA,KH,visa_on_arrival,,,
MA,KI,visa_free,90,,
MA,KM,visa_on_arrival,,,
MA,KN,evisa,,,
MA,KP,visa_required,,,
MA,KR,eta,,,
MA,KW,visa_required,,,
MA,KZ,visa_free,30,,
MA,LA,visa_on_arrival,,,
MA,LB,visa_on_arrival,,,
MA,LC,visa_required,,,
MA,LI,visa_required,,,
MA,LK,eta,,,https://www.immigration.gov.lk/pages_e.php?id=14
MA,LR,visa_required,,,
MA,LS,visa_required,,,
MA,LT,visa_required,,,
MA,LU,visa_required,,,
MA,LV,visa_required,,,
MA,LY,evisa,,,
MA,MC,visa_required,,,
MA,MD,evisa,,,
MA,ME,visa_required,,,
MA,MG,visa_on_arrival,,,
MA,MH,visa_on_arrival,,,
MA,MK,visa_required,,,
MA,ML,visa_free,90,,
MA,MM,evisa,,,
MA,MN,visa_required,,,
MA,MR,evisa,,,
MA,MT,visa_required,,,
MA,MU,visa_on_arrival,,,
MA,MV,visa_on_arrival,,,
MA,MW,evisa,,,
MA,MX,visa_required,,,
MA,MY,visa_free,90,,
MA,MZ,visa_on_arrival,,,
MA,NA,evisa,,,
MA,NE,visa_free,90,,
MA,NG,evisa,,,
MA,NI,visa_on_arrival,,,
MA,NL,visa_required,,,
MA,NO,visa_required,,,
MA,NP,visa_on_arrival,,,
MA,NR,visa_required,,,
MA,NZ,visa_required,,,
MA,OM,evisa,,,
MA,PA,visa_required,,,
MA,PE,visa_required,,,
MA,PG,evisa,,,
MA,PH,visa_free,30,,
MA,PK,evisa,,,
MA,PL,visa_required,,,
MA,PS,visa_free,,,
MA,PT,visa_required,,,
MA,PW,visa_on_arrival,,,
MA,PY,visa_required,,,
MA,QA,evisa,,,
MA,RO,visa_required,,,
MA,RS,visa_required,,,
MA,RU,visa_required,,,
MA,RW,visa_free,30,,
MA,SA,evisa,,,
MA,SB,visa_required,,,
MA,SC,visa_free,90,,
MA,SD,visa_required,,,
MA,SE,visa_required,,,
MA,SG,evisa,,,
MA,SI,visa_required,,,
MA,SK,visa_required,,,
MA,SL,visa_on_arrival,,,
MA,SM,visa_required,,,
MA,SN,visa_free,90,,
MA,SO,evisa,,,
MA,SR,eta,,,
MA,SS,evisa,,,
MA,ST,visa_free,15,,
MA,SV,evisa,,,
MA,SY,visa_free,,,
MA,SZ,visa_required,,,
MA,TD,evisa,,,
MA,TG,visa_free,90,,
MA,TH,visa_free,60,,
MA,TJ,visa_on_arrival,,,
MA,TL,visa_on_arrival,,,
MA,TM,visa_required,,,
MA,TN,visa_free,,,
MA,TO,visa_required,,,
MA,TR,visa_free,90,,
MA,TT,visa_required,,,
MA,TV,visa_on_arrival,,,
MA,TW,visa_required,,,
MA,TZ,visa_on_arrival,,,
MA,UA,visa_required,,,
MA,UG,evisa,,,
MA,US,visa_required,,,
MA,UY,visa_required,,,
MA,UZ,evisa,,,
MA,VA,visa_required,,,
MA,VC,visa_free,90,,
MA,VE,visa_required,,,
MA,VN,evisa,,,
MA,VU,visa_free,120,,
MA,WS,visa_on_arrival,,,
MA,XK,visa_required,,,
MA,YE,visa_required,,,
MA,ZA,evisa,,,
MA,ZM,visa_free,90,,
MA,ZW,evisa,,,
MC,AD,visa_free,,,
MC,AE,visa_free,30,,
MC,AF,visa_required,,,
MC,AG,visa_free,180,,
MC,AL,visa_free,90,,
MC,AM,visa_free,180,,
MC,AO,visa_free,30,,
MC,AR,visa_free,90,,
MC,AT,visa_free,90,,
MC,AU,eta,,,
MC,AZ,evisa,,,
MC,BA,visa_free,90,,
MC,BB,visa_free,90,,
MC,BD,visa_on_arrival,,,
MC,BE,visa_free,90,,
MC,BF,evisa,,,
MC,BG,visa_free,90,,
MC,BH,visa_on_arrival,,,
MC,BI,visa_on_arrival,,,
MC,BJ,evisa,,,
MC,BN,visa_required,,,
MC,BO,visa_free,90,,
MC,BR,visa_free,90,,
MC,BS,visa_free,90,,
MC,BT,evisa,,,
MC,BW,visa_free,90,,
MC,BY,visa_free,30,,
MC,BZ,visa_free,,,
MC,CA,eta,,,
MC,CD,evisa,,,
MC,CF,visa_required,,,
MC,CG,visa_required,,,
MC,CH,visa_free,90,,
MC,CI,eta,,,
MC,CL,visa_free,90,,
MC,CM,evisa,,,
MC,CN,visa_free,30,,https://www.fmprc.gov.cn/eng/xw/fyrbt/202602/t20260215_11860467.html
MC,CO,visa_free,90,,
MC,CR,visa_free,180,,
MC,CU,evisa,,,
MC,CV,visa_free,30,,
MC,CY,visa_free,90,,
MC,CZ,visa_free,90,,
MC,DE,visa_free,90,,
MC,DJ,visa_on_arrival,,,
MC,DK,visa_free,90,,
MC,DM,visa_free,21,,
MC,DO,visa_free,30,,
MC,DZ,visa_required,,,
MC,EC,visa_free,90,,
MC,EE,visa_free,90,,
MC,EG,visa_on_arrival,,,
MC,ER,visa_required,,,
MC,ES,visa_free,90,,
MC,ET,visa_on_arrival,,,
MC,FI,visa_free,90,,
MC,FJ,visa_free,120,,
MC,FM,visa_free,30,,
MC,FR,visa_free,90,,
MC,GA,evisa,,,
MC,GB,eta,,,
MC,GD,visa_free,90,,
MC,GE,visa_free,365,,
MC,GH,visa_required,,,
MC,GM,visa_free,90,,
MC,GN,evisa,,,
MC,GQ,evisa,,,
MC,GR,visa_free,90,,
MC,GT,visa_free,90,,
MC,GW,visa_on_arrival,,,
MC,GY,evisa,,,
MC,HN,visa_free,90,,
MC,HR,visa_free,90,,
MC,HT,visa_free,90,,
MC,HU,visa_free,90,,
MC,ID,visa_on_arrival,,,
MC,IE,visa_free,90,,
MC,IL,eta,,,
MC,IN,evisa,,,
MC,IQ,evisa,,,
MC,IR,visa_on_arrival,,,
MC,IS,visa_free,90,,
MC,IT,visa_free,90,,
MC,JM,visa_free,30,,
MC,JO,visa_on_arrival,,,
MC,JP,visa_free,90,,
MC,KE,eta,,,
MC,KG,visa_free,60,,
MC,KH,visa_on_arrival,,,
MC,KI,visa_required,,,
MC,KM,visa_on_arrival,,,
MC,KN,eta,,,
MC,KP,visa_required,,,
MC,KR,visa_free,30,,
MC,KW,visa_on_arrival,,,
MC,KZ,visa_free,30,,
MC,LA,visa_on_arrival,,,
MC,LB,visa_on_arrival,,,
MC,LC,visa_free,42,,
MC,LI,visa_free,90,,
MC,LK,eta,,,
MC,LR,evisa,,,
MC,LS,visa_required,,,
MC,LT,visa_free,90,,
MC,LU,visa_free,90,,
MC,LV,visa_free,90,,
MC,LY,evisa,,,
MC,MA,visa_free,90,,
MC,MD,visa_free,90,,
MC,ME,visa_free,90,,
MC,MG,visa_on_arrival,,,
MC,MH,visa_on_arrival,,,
MC,MK,visa_free,90,,
MC,ML,visa_required,,,
MC,MM,evisa,,,
MC,MN,visa_free,30,,
MC,MR,evisa,,,
MC,MT,visa_free,90,,
MC,MU,visa_free,90,,
MC,MV,visa_on_arrival,,,
MC,MW,evisa,,,
MC,MX,visa_free,180,,
MC,MY,visa_free,30,,
MC,MZ,visa_on_arrival,,,
MC,NA,visa_on_arrival,,,
MC,NE,visa_required,,,
MC,NG,evisa,,,
MC,NI,visa_free,90,,
MC,NL,visa_free,90,,
MC,NO,visa_free,90,,
MC,NP,visa_on_arrival,,,
MC,NR,visa_required,,,
MC,NZ,eta,,,
MC,OM,visa_on_arrival,,,
MC,PA,visa_free,90,,
MC,PE,visa_free,180,,
MC,PG,eta,,,
MC,PH,visa_free,30,,
MC,PK,evisa,,,
MC,PL,visa_free,90,,
MC,PS,visa_free,,,
MC,PT,visa_free,90,,
MC,PW,visa_on_arrival,,,
MC,PY,visa_free,90,,
MC,QA,visa_on_arrival,,,
MC,RO,visa_free,90,,
MC,RS,visa_free,90,,
MC,RU,evisa,,,
MC,RW,visa_free,30,,
MC,SA,visa_on_arrival,,,
MC,SB,visa_on_arrival,,,
MC,SC,visa_free,90,,
MC,SD,visa_required,,,
MC,SE,visa_free,90,,
MC,SG,visa_free,30,,
MC,SI,visa_free,90,,
MC,SK,visa_free,90,,
MC,SL,evisa,,,
MC,SM,visa_free,90,,
MC,SN,visa_on_arrival,,,
MC,SO,evisa,,,
MC,SR,eta,,,
MC,SS,evisa,,,
MC,ST,visa_free,15,,
MC,SV,visa_free,180,,
MC,SY,evisa,,,
MC,SZ,visa_free,30,,
MC,TD,evisa,,,
MC,TG,evisa,,,
MC,TH,visa_free,60,,
MC,TJ,visa_free,30,,
MC,TL,visa_on_arrival,,,
MC,TM,visa_required,,,
MC,TN,visa_free,90,,
MC,TO,visa_on_arrival,,,
MC,TR,visa_free,90,,
MC,TT,visa_required,,,
MC,TV,visa_on_arrival,,,
MC,TW,visa_free,90,,
MC,TZ,visa_on_arrival,,,
MC,UA,visa_free,90,,
MC,UG,evisa,,,
MC,US,eta,,,
MC,UY,visa_free,90,,
MC,UZ,visa_free,30,,
MC,VA,visa_free,90,,
MC,VC,visa_free,90,,
MC,VE,visa_free,90,,
MC,VN,evisa,,,
MC,VU,visa_free,120,,
MC,WS,visa_on_arrival,,,
MC,XK,visa_free,90,,
MC,YE,visa_required,,,
MC,ZA,visa_free,90,,
MC,ZM,visa_free,90,,
MC,ZW,visa_on_arrival,,,
MD,AD,visa_free,90,,
MD,AE,visa_free,90,,
MD,AF,visa_required,,,
MD,AG,visa_free,180,,
MD,AL,visa_free,90,,
MD,AM,visa_free,180,,
MD,AO,visa_required,,,
MD,AR,visa_required,,,
MD,AT,visa_free,90,,
MD,AU,evisa,,,
MD,AZ,visa_free,90,,
MD,BA,visa_free,90,,
MD,BB,visa_free,28,,
MD,BD,visa_on_arrival,,,
MD,BE,visa_free,90,,
MD,BF,evisa,,,
MD,BG,visa_free,90,,
MD,BH,evisa,,,
MD,BI,visa_on_arrival,,,
MD,BJ,evisa,,,
MD,BN,visa_required,,,
MD,BO,evisa,,,
MD,BR,visa_free,90,,
MD,BS,visa_free,90,,
MD,BT,evisa,,,
MD,BW,evisa,,,
MD,BY,visa_free,,,
MD,BZ,visa_required,,,
MD,CA,visa_required,,,
MD,CD,evisa,,,
MD,CF,visa_required,,,
MD,CG,visa_required,,,
MD,CH,visa_free,90,,
MD,CI,eta,,,
MD,CL,visa_free,90,,
MD,CM,evisa,,,
MD,CN,visa_required,,,
MD,CO,visa_free,90,,
MD,CR,visa_required,,,
MD,CU,evisa,,,
MD,CV,visa_on_arrival,,,
MD,CY,visa_free,90,,
MD,CZ,visa_free,90,,
MD,DE,visa_free,90,,
MD,DJ,visa_on_arrival,,,
MD,DK,visa_free,90,,
MD,DM,visa_free,21,,
MD,DO,visa_required,,,
MD,DZ,visa_required,,,
MD,EC,visa_free,90,,
MD,EE,visa_free,90,,
MD,EG,evisa,,,
MD,ER,visa_required,,,
MD,ES,visa_free,90,,
MD,ET,evisa,,,
MD,FI,visa_free,90,,
MD,FJ,visa_free,120,,
MD,FM,visa_free,30,,
MD,FR,visa_free,90,,
MD,GA,evisa,,,
MD,GB,visa_required,,,
MD,GD,visa_free,,,
MD,GE,visa_free,365,,
MD,GH,visa_required,,,
MD,GM,visa_required,,,
MD,GN,evisa,,,
MD,GQ,evisa,,,
MD,GR,visa_free,90,,
MD,GT,visa_required,,,
MD,GW,visa_on_arrival,,,
MD,GY,evisa,,,
MD,HN,visa_required,,,
MD,HR,visa_free,90,,
MD,HT,visa_free,90,,
MD,HU,visa_free,90,,
MD,ID,evisa,,,
MD,IE,visa_required,,,
MD,IL,eta,,,
MD,IN,evisa,,,
MD,IQ,evisa,,,
MD,IR,visa_on_arrival,,,
MD,IS,visa_free,90,,
MD,IT,visa_free,90,,
MD,JM,visa_on_arrival,,,
MD,JO,visa_on_arrival,,,
MD,JP,visa_required,,,
MD,KE,eta,,,
MD,KG,visa_free,,,
MD,KH,visa_on_arrival,,,
MD,KI,visa_required,,,
MD,KM,visa_on_arrival,,,
MD,KN,eta,,,
MD,KP,visa_required,,,
MD,KR,evisa,,,
MD,KW,visa_required,,,
MD,KZ,visa_free,90,,
MD,LA,visa_on_arrival,,,
MD,LB,visa_on_arrival,,,
MD,LC,visa_required,,,
MD,LI,visa_free,90,,
MD,LK,eta,,,
MD,LR,evisa,,,
MD,LS,visa_required,,,
MD,LT,visa_free,90,,
MD,LU,visa_free,90,,
MD,LV,visa_free,90,,
MD,LY,evisa,,,
MD,MA,visa_required,,,
MD,MC,visa_free,90,,
MD,ME,visa_free,90,,
MD,MG,visa_on_arrival,,,
MD,MH,visa_required,,,
MD,MK,visa_free,90,,
MD,ML,visa_required,,,
MD,MM,visa_required,,,
MD,MN,evisa,,,
MD,MR,evisa,,,
MD,MT,visa_free,90,,
MD,MU,visa_on_arrival,,,
MD,MV,visa_on_arrival,,,
MD,MW,evisa,,,
MD,MX,visa_required,,,
MD,MY,visa_free,30,,
MD,MZ,visa_on_arrival,,,
MD,NA,visa_on_arrival,,,
MD,NE,visa_required,,,
MD,NG,evisa,,,
MD,NI,visa_on_arrival,,,
MD,NL,visa_free,90,,
MD,NO,visa_free,90,,
MD,NP,visa_on_arrival,,,
MD,NR,visa_required,,,
MD,NZ,visa_required,,,
MD,OM,visa_on_arrival,,,
MD,PA,visa_free,90,,
MD,PE,visa_free,180,,
MD,PG,evisa,,,
MD,PH,visa_required,,,
MD,PK,evisa,,,
MD,PL,visa_free,90,,
MD,PS,visa_free,,,
MD,PT,visa_free,90,,
MD,PW,visa_on_arrival,,,
MD,PY,visa_required,,,
MD,QA,visa_on_arrival,,,
MD,RO,visa_free,90,,
MD,RS,visa_free,90,,
MD,RU,visa_free,90,,
MD,RW,visa_free,30,,
MD,SA,evisa,,,
MD,SB,visa_required,,,
MD,SC,visa_free,90,,
MD,SD,visa_required,,,
MD,SE,visa_free,90,,
MD,SG,evisa,,,
MD,SI,visa_free,90,,
MD,SK,visa_free,90,,
MD,SL,visa_on_arrival,,,
MD,SM,visa_free,,,
MD,SN,visa_required,,,
MD,SO,evisa,,,
MD,SR,eta,,,
MD,SS,evisa,,,
MD,ST,evisa,,,
MD,SV,evisa,,,
MD,SY,visa_on_arrival,,,
MD,SZ,visa_required,,,
MD,TD,evisa,,,
MD,TG,evisa,,,
MD,TH,evisa,,,
MD,TJ,visa_free,,,
MD,TL,visa_on_arrival,,,
MD,TM,visa_required,,,
MD,TN,visa_free,90,,
MD,TO,visa_required,,,
MD,TR,visa_free,90,,
MD,TT,visa_required,,,
MD,TV,visa_on_arrival,,,
MD,TW,visa_required,,,
MD,TZ,visa_on_arrival,,,
MD,UA,visa_free,,,
MD,UG,evisa,,,
MD,US,visa_required,,,
MD,UY,visa_required,,,
MD,UZ,visa_free,,,
MD,VA,visa_free,90,,
MD,VC,visa_free,90,,
MD,VE,visa_required,,,
MD,VN,evisa,,,
MD,VU,evisa,,,
MD,WS,visa_on_arrival,,,
MD,XK,visa_required,,,
MD,YE,visa_required,,,
MD,ZA,visa_required,,,
MD,ZM,visa_free,90,,
MD,ZW,visa_on_arrival,,,
ME,AD,visa_free,90,,
ME,AE,visa_free,90,,
ME,AF,visa_required,,,
ME,AG,evisa,,,
ME,AL,visa_free,90,,
ME,AM,visa_free,180,,
ME,AO,visa_required,,,
ME,AR,visa_free,90,,
ME,AT,visa_free,90,,
ME,AU,evisa,,,
ME,AZ,visa_free,90,,
ME,BA,visa_free,90,,
ME,BB,visa_free,90,,
ME,BD,visa_on_arrival,,,
ME,BE,visa_free,90,,
ME,BF,evisa,,,
ME,BG,visa_free,90,,
ME,BH,evisa,,,
ME,BI,visa_on_arrival,,,
ME,BJ,evisa,,,
ME,BN,visa_required,,,
ME,BO,evisa,,,
ME,BR,visa_free,90,,
ME,BS,evisa,,,
ME,BT,evisa,,,
ME,BW,evisa,,,
ME,BY,visa_free,30,,
ME,BZ,visa_required,,,
ME,CA,visa_required,,,
ME,CD,evisa,,,
ME,CF,visa_required,,,
ME,CG,visa_required,,,
ME,CH,visa_free,90,,
ME,CI,eta,,,
ME,CL,visa_free,90,,
ME,CM,evisa,,,
ME,CN,visa_free,30,,https://www.fmprc.gov.cn/eng/xw/fyrbt/202602/t20260215_11860467.html
ME,CO,visa_free,90,,
ME,CR,visa_free,180,,
ME,CU,visa_free,90,,
ME,CV,visa_on_arrival,,,
ME,CY,visa_free,90,,
ME,CZ,visa_free,90,,
ME,DE,visa_free,90,,
ME,DJ,visa_on_arrival,,,
ME,DK,visa_free,90,,
ME,DM,visa_free,21,,
ME,DO,visa_required,,,
ME,DZ,visa_required,,,
ME,EC,visa_free,90,,
ME,EE,visa_free,90,,
ME,EG,visa_on_arrival,,,
ME,ER,visa_required,,,
ME,ES,visa_free,90,,
ME,ET,visa_on_arrival,,,
ME,FI,visa_free,90,,
ME,FJ,visa_required,,,
ME,FM,visa_free,30,,
ME,FR,visa_free,90,,
ME,GA,evisa,,,
ME,GB,visa_required,,,
ME,GD,visa_free,,,
ME,GE,visa_free,365,,
ME,GH,visa_required,,,
ME,GM,visa_free,90,,
ME,GN,evisa,,,
ME,GQ,evisa,,,
ME,GR,visa_free,90,,
ME,GT,visa_required,,,
ME,GW,visa_on_arrival,,,
ME,GY,evisa,,,
ME,HN,visa_required,,,
ME,HR,visa_free,90,,
ME,HT,visa_free,90,,
ME,HU,visa_free,90,,
ME,ID,evisa,,,
ME,IE,visa_required,,,
ME,IL,eta,,,
ME,IN,evisa,,,
ME,IQ,evisa,,,
ME,IR,visa_on_arrival,,,
ME,IS,visa_free,90,,
ME,IT,visa_free,90,,
ME,JM,visa_on_arrival,,,
ME,JO,visa_on_arrival,,,
ME,JP,visa_free,90,,
ME,KE,eta,,,
ME,KG,visa_free,60,,
ME,KH,visa_on_arrival,,,
ME,KI,visa_required,,,
ME,KM,visa_on_arrival,,,
ME,KN,evisa,,,
ME,KP,visa_required,,,
ME,KR,eta,,,
ME,KW,visa_required,,,
ME,KZ,evisa,,,
ME,LA,visa_on_arrival,,,
ME,LB,visa_on_arrival,,,
ME,LC,visa_free,42,,
ME,LI,visa_free,90,,
ME,LK,eta,,,
ME,LR,evisa,,,
ME,LS,visa_required,,,
ME,LT,visa_free,90,,
ME,LU,visa_free,90,,
ME,LV,visa_free,90,,
ME,LY,evisa,,,
ME,MA,visa_required,,,
ME,MC,visa_free,90,,
ME,MD,visa_free,90,,
ME,MG,visa_on_arrival,,,
ME,MH,visa_required,,,
ME,MK,visa_free,90,,
ME,ML,visa_required,,,
ME,MM,visa_required,,,
ME,MN,evisa,,,
ME,MR,evisa,,,
ME,MT,visa_free,90,,
ME,MU,visa_on_arrival,,,
ME,MV,visa_on_arrival,,,
ME,MW,evisa,,,
ME,MX,visa_required,,,
ME,MY,evisa,,,
ME,MZ,visa_on_arrival,,,
ME,NA,visa_on_arrival,,,
ME,NE,visa_required,,,
ME,NG,evisa,,,
ME,NI,visa_on_arrival,,,
ME,NL,visa_free,90,,
ME,NO,visa_free,90,,
ME,NP,visa_on_arrival,,,
ME,NR,visa_required,,,
ME,NZ,visa_required,,,
ME,OM,visa_on_arrival,,,
ME,PA,visa_free,90,,
ME,PE,visa_free,90,,
ME,PG,evisa,,,
ME,PH,visa_required,,,
ME,PK,evisa,,,
ME,PL,visa_free,90,,
ME,PS,visa_free,,,
ME,PT,visa_free,90,,
ME,PW,visa_on_arrival,,,
ME,PY,visa_required,,,
ME,QA,visa_on_arrival,,,
ME,RO,visa_free,90,,
ME,RS,visa_free,90,,
ME,RU,visa_free,30,,
ME,RW,visa_on_arrival,,,
ME,SA,visa_on_arrival,,,
ME,SB,visa_required,,,
ME,SC,visa_free,90,,
ME,SD,visa_required,,,
ME,SE,visa_free,90,,
ME,SG,visa_free,30,,
ME,SI,visa_free,90,,
ME,SK,visa_free,90,,
ME,SL,evisa,,,
ME,SM,visa_free,90,,
ME,SN,visa_required,,,
ME,SO,evisa,,,
ME,SR,eta,,,
ME,SS,evisa,,,
ME,ST,evisa,,,
ME,SV,evisa,,,
ME,SY,evisa,,,
ME,SZ,visa_free,30,,
ME,TD,evisa,,,
ME,TG,evisa,,,
ME,TH,evisa,,,
ME,TJ,visa_free,30,,
ME,TL,visa_on_arrival,,,
ME,TM,visa_required,,,
ME,TN,visa_free,90,,
ME,TO,visa_required,,,
ME,TR,visa_free,90,,
ME,TT,visa_free,90,,
ME,TV,visa_on_arrival,,,
ME,TW,evisa,,,
ME,TZ,visa_on_arrival,,,
ME,UA,visa_free,90,,
ME,UG,evisa,,,
ME,US,visa_required,,,
ME,UY,visa_free,90,,
ME,UZ,visa_free,30,,
ME,VA,visa_free,90,,
ME,VC,visa_free,90,,
ME,VE,visa_required,,,
ME,VN,evisa,,,
ME,VU,evisa,,,
ME,WS,visa_on_arrival,,,
ME,XK,visa_free,90,,
ME,YE,visa_required,,,
ME,ZA,visa_required,,,
ME,ZM,visa_free,90,,
ME,ZW,evisa,,,
MG,AD,visa_required,,,
MG,AE,evisa,,,
MG,AF,visa_required,,,
MG,AG,visa_free,180,,
MG,AL,evisa,,,
MG,AM,visa_required,,,
MG,AO,visa_free,30,,
MG,AR,visa_required,,,
MG,AT,visa_required,,,
MG,AU,evisa,,,
MG,AZ,visa_required,,,
MG,BA,visa_required,,,
MG,BB,visa_free,90,,
MG,BD,visa_on_arrival,,,
MG,BE,visa_required,,,
MG,BF,evisa,,,
MG,BG,visa_required,,,
MG,BH,evisa,,,
MG,BI,visa_on_arrival,,,
MG,BJ,visa_free,90,,
MG,BN,visa_required,,,
MG,BO,evisa,,,
MG,BR,visa_required,,,
MG,BS,evisa,,,
MG,BT,evisa,,,
MG,BW,evisa,,,
MG,BY,visa_required,,,
MG,BZ,visa_required,,,
MG,CA,visa_required,,,
MG,CD,evisa,,,
MG,CF,visa_required,,,
MG,CG,visa_required,,,
MG,CH,visa_required,,,
MG,CI,eta,,,
MG,CL,visa_required,,,
MG,CM,evisa,,,
MG,CN,visa_required,,,
MG,CO,evisa,,,
MG,CR,visa_required,,,
MG,CU,evisa,,,
MG,CV,visa_required,,,
MG,CY,visa_required,,,
MG,CZ,visa_required,,,
MG,DE,visa_required,,,
MG,DJ,visa_on_arrival,,,
MG,DK,visa_required,,,
MG,DM,visa_free,21,,
MG,DO,visa_required,,,
MG,DZ,visa_required,,,
MG,EC,visa_free,90,,
MG,EE,visa_required,,,
MG,EG,visa_required,,,
MG,ER,visa_required,,,
MG,ES,visa_required,,,
MG,ET,visa_on_arrival,,,
MG,FI,visa_required,,,
MG,FJ,visa_required,,,
MG,FM,visa_free,30,,
MG,FR,visa_required,,,
MG,GA,evisa,,,
MG,GB,visa_required,,,
MG,GD,visa_required,,,
MG,GE,evisa,,,
MG,GH,visa_on_arrival,,,
MG,GM,visa_free,90,,
MG,GN,evisa,,,
MG,GQ,evisa,,,
MG,GR,visa_required,,,
MG,GT,visa_free,90,,
MG,GW,visa_on_arrival,,,
MG,GY,evisa,,,
MG,HN,visa_free,90,,
MG,HR,visa_required,,,
MG,HT,visa_free,90,,
MG,HU,visa_required,,,
MG,ID,evisa,,,
MG,IE,visa_required,,,
MG,IL,evisa,,,
MG,IN,evisa,,,
MG,IQ,evisa,,,
MG,IR,visa_on_arrival,,,
MG,IS,visa_required,,,
MG,IT,visa_required,,,
MG,JM,visa_required,,,
MG,JO,visa_required,,,
MG,JP,visa_required,,,
MG,KE,visa_free,60,,
MG,KG,evisa,,,
MG,KH,visa_on_arrival,,,
MG,KI,visa_required,,,
MG,KM,visa_on_arrival,,,
MG,KN,evisa,,,
MG,KP,visa_required,,,
MG,KR,evisa,,,
MG,KW,visa_required,,,
MG,KZ,evisa,,,
MG,LA,visa_on_arrival,,,
MG,LB,visa_required,,,
MG,LC,visa_on_arrival,,,
MG,LI,visa_required,,,
MG,LK,eta,,,
MG,LR,evisa,,,
MG,LS,visa_free,90,,
MG,LT,visa_required,,,
MG,LU,visa_required,,,
MG,LV,visa_required,,,
MG,LY,evisa,,,
MG,MA,visa_required,,,
MG,MC,visa_required,,,
MG,MD,evisa,,,
MG,ME,visa_required,,,
MG,MH,visa_required,,,
MG,MK,visa_required,,,
MG,ML,visa_required,,,
MG,MM,visa_required,,,
MG,MN,evisa,,,
MG,MR,evisa,,,
MG,MT,visa_required,,,
MG,MU,visa_on_arrival,,,
MG,MV,visa_on_arrival,,,
MG,MW,evisa,,,
MG,MX,visa_required,,,
MG,MY,visa_free,30,,
MG,MZ,visa_on_arrival,,,
MG,NA,visa_on_arrival,,,
MG,NE,visa_required,,,
MG,NG,evisa,,,
MG,NI,visa_free,90,,
MG,NL,visa_required,,,
MG,NO,visa_required,,,
MG,NP,visa_on_arrival,,,
MG,NR,visa_required,,,
MG,NZ,visa_required,,,
MG,OM,evisa,,,
MG,PA,visa_free,90,,
MG,PE,visa_required,,,
MG,PG,evisa,,,
MG,PH,visa_free,30,,
MG,PK,evisa,,,
MG,PL,visa_required,,,
MG,PS,visa_required,,,
MG,PT,visa_required,,,
MG,PW,visa_on_arrival,,,
MG,PY,visa_required,,,
MG,QA,evisa,,,
MG,RO,visa_required,,,
MG,RS,visa_required,,,
MG,RU,visa_required,,,
MG,RW,visa_free,30,,
MG,SA,evisa,,,
MG,SB,visa_required,,,
MG,SC,visa_free,90,,
MG,SD,visa_required,,,
MG,SE,visa_required,,,
MG,SG,visa_free,30,,
MG,SI,visa_required,,,
MG,SK,visa_required,,,
MG,SL,visa_on_arrival,,,
MG,SM,visa_required,,,
MG,SN,visa_on_arrival,,,
MG,SO,evisa,,,
MG,SR,eta,,,
MG,SS,evisa,,,
MG,ST,evisa,,,
MG,SV,visa_free,180,,
MG,SY,evisa,,,
MG,SZ,visa_free,30,,
MG,TD,evisa,,,
MG,TG,evisa,,,
MG,TH,evisa,,,
MG,TJ,evisa,,,
MG,TL,visa_on_arrival,,,
MG,TM,visa_required,,,
MG,TN,visa_required,,,
MG,TO,visa_required,,,
MG,TR,visa_required,,,
MG,TT,visa_required,,,
MG,TV,visa_on_arrival,,,
MG,TW,visa_required,,,
MG,TZ,visa_free,90,,
MG,UA,visa_required,,,
MG,UG,visa_free,90,,
MG,US,visa_required,,,
MG,UY,visa_required,,,
MG,UZ,visa_required,,,
MG,VA,visa_required,,,
MG,VC,visa_free,90,,
MG,VE,visa_required,,,
MG,VN,evisa,,,
MG,VU,evisa,,,
MG,WS,visa_on_arrival,,,
MG,XK,visa_required,,,
MG,YE,visa_required,,,
MG,ZA,visa_free,90,,
MG,ZM,visa_free,90,,
MG,ZW,visa_free,90,,
MH,AD,visa_free,90,,
MH,AE,evisa,,,
MH,AF,visa_required,,,
MH,AG,visa_free,180,,
MH,AL,evisa,,,
MH,AM,evisa,,,
MH,AO,visa_free,30,,
MH,AR,visa_required,,,
MH,AT,visa_free,90,,
MH,AU,evisa,,,
MH,AZ,visa_required,,,
MH,BA,visa_free,90,,
MH,BB,visa_free,90,,
MH,BD,visa_on_arrival,,,
MH,BE,visa_free,90,,
MH,BF,evisa,,,
MH,BG,visa_free,90,,
MH,BH,evisa,,,
MH,BI,visa_on_arrival,,,
MH,BJ,evisa,,,
MH,BN,visa_required,,,
MH,BO,evisa,,,
MH,BR,visa_required,,,
MH,BS,visa_free,90,,
MH,BT,evisa,,,
MH,BW,evisa,,,
MH,BY,visa_required,,,
MH,BZ,visa_free,,,
MH,CA,visa_required,,,
MH,CD,evisa,,,
MH,CF,visa_required,,,
MH,CG,visa_required,,,
MH,CH,visa_free,90,,
MH,CI,eta,,,
MH,CL,visa_required,,,
MH,CM,evisa,,,
MH,CN,visa_required,,,
MH,CO,visa_free,90,,
MH,CR,visa_free,30,,
MH,CU,evisa,,,
MH,CV,visa_on_arrival,,,
MH,CY,visa_free,90,,
MH,CZ,visa_free,90,,
MH,DE,visa_free,90,,
MH,DJ,visa_on_arrival,,,
MH,DK,visa_free,90,,
MH,DM,visa_free,21,,
MH,DO,visa_free,30,,
MH,DZ,visa_required,,,
MH,EC,visa_free,90,,
MH,EE,visa_free,90,,
MH,EG,visa_on_arrival,,,
MH,ER,visa_required,,,
MH,ES,visa_free,90,,
MH,ET,evisa,,,
MH,FI,visa_free,90,,
MH,FJ,visa_free,120,,
MH,FM,visa_free,360,,
MH,FR,visa_free,90,,
MH,GA,evisa,,,
MH,GB,eta,,,
MH,GD,visa_required,,,
MH,GE,evisa,,,
MH,GH,visa_required,,,
MH,GM,visa_required,,,
MH,GN,evisa,,,
MH,GQ,evisa,,,
MH,GR,visa_free,90,,
MH,GT,visa_free,90,,
MH,GW,visa_on_arrival,,,
MH,GY,evisa,,,
MH,HN,visa_free,90,,
MH,HR,visa_free,90,,
MH,HT,visa_free,90,,
MH,HU,visa_free,90,,
MH,ID,evisa,,,
MH,IE,visa_required,,,
MH,IL,eta,,,
MH,IN,evisa,,,
MH,IQ,evisa,,,
MH,IR,visa_on_arrival,,,
MH,IS,visa_free,90,,
MH,IT,visa_free,90,,
MH,JM,visa_required,,,
MH,JO,visa_on_arrival,,,
MH,JP,visa_required,,,
MH,KE,eta,,,
MH,KG,evisa,,,
MH,KH,visa_on_arrival,,,
MH,KI,visa_free,90,,
MH,KM,visa_on_arrival,,,
MH,KN,evisa,,,
MH,KP,visa_required,,,
MH,KR,visa_free,30,,
MH,KW,visa_required,,,
MH,KZ,evisa,,,
MH,LA,visa_on_arrival,,,
MH,LB,visa_required,,,
MH,LC,visa_free,42,,
MH,LI,visa_free,90,,
MH,LK,eta,,,
MH,LR,evisa,,,
MH,LS,visa_required,,,
MH,LT,visa_free,90,,
MH,LU,visa_free,90,,
MH,LV,visa_free,90,,
MH,LY,evisa,,,
MH,MA,visa_required,,,
MH,MC,visa_free,90,,
MH,MD,visa_free,90,,
MH,ME,visa_free,90,,
MH,MG,visa_on_arrival,,,
MH,MK,visa_required,,,
MH,ML,visa_required,,,
MH,MM,visa_required,,,
MH,MN,evisa,,,
MH,MR,evisa,,,
MH,MT,visa_free,90,,
MH,MU,visa_on_arrival,,,
MH,MV,visa_on_arrival,,,
MH,MW,evisa,,,
MH,MX,visa_free,180,,
MH,MY,visa_free,30,,
MH,MZ,visa_on_arrival,,,
MH,NA,evisa,,,
MH,NE,visa_required,,,
MH,NG,evisa,,,
MH,NI,visa_free,90,,
MH,NL,visa_free,90,,
MH,NO,visa_free,90,,
MH,NP,visa_on_arrival,,,
MH,NR,visa_on_arrival,,,
MH,NZ,visa_required,,,
MH,OM,evisa,,,
MH,PA,visa_free,90,,
MH,PE,visa_free,180,,
MH,PG,visa_on_arrival,,,
MH,PH,visa_free,30,,
MH,PK,evisa,,,
MH,PL,visa_free,90,,
MH,PS,visa_free,,,
MH,PT,visa_free,90,,
MH,PW,visa_free,360,,
MH,PY,visa_required,,,
MH,QA,evisa,,,
MH,RO,visa_free,90,,
MH,RS,visa_required,,,
MH,RU,visa_required,,,
MH,RW,visa_on_arrival,,,
MH,SA,evisa,,,
MH,SB,visa_on_arrival,,,
MH,SC,visa_free,90,,
MH,SD,visa_required,,,
MH,SE,visa_free,90,,
MH,SG,visa_free,30,,
MH,SI,visa_free,90,,
MH,SK,visa_free,90,,
MH,SL,evisa,,,
MH,SM,visa_free,90,,
MH,SN,visa_on_arrival,,,
MH,SO,evisa,,,
MH,SR,eta,,,
MH,SS,evisa,,,
MH,ST,evisa,,,
MH,SV,visa_free,180,,
MH,SY,evisa,,,
MH,SZ,visa_required,,,
MH,TD,evisa,,,
MH,TG,evisa,,,
MH,TH,evisa,,,
MH,TJ,visa_free,30,,
MH,TL,visa_on_arrival,,,
MH,TM,visa_required,,,
MH,TN,visa_required,,,
MH,TO,visa_on_arrival,,,
MH,TR,visa_required,,,
MH,TT,visa_required,,,
MH,TV,visa_on_arrival,,,
MH,TW,visa_free,90,,
MH,TZ,visa_on_arrival,,,
MH,UA,visa_free,90,,
MH,UG,evisa,,,
MH,US,visa_free,,,
MH,UY,visa_required,,,
MH,UZ,evisa,,,
MH,VA,visa_free,90,,
MH,VC,visa_free,90,,
MH,VE,visa_required,,,
MH,VN,evisa,,,
MH,VU,visa_free,120,,
MH,WS,visa_on_arrival,,,
MH,XK,visa_free,90,,
MH,YE,visa_required,,,
MH,ZA,visa_required,,,
MH,ZM,visa_free,90,,
MH,ZW,visa_on_arrival,,,
MK,AD,visa_free,90,,
MK,AE,visa_free,90,,
MK,AF,visa_required,,,
MK,AG,visa_free,180,,
MK,AL,visa_free,90,,
MK,AM,visa_on_arrival,,,
MK,AO,visa_required,,,
MK,AR,visa_free,90,,
MK,AT,visa_free,90,,
MK,AU,evisa,,,
MK,AZ,evisa,,,
MK,BA,visa_free,90,,
MK,BB,visa_free,90,,
MK,BD,visa_on_arrival,,,
MK,BE,visa_free,90,,
MK,BF,evisa,,,
MK,BG,visa_free,90,,
MK,BH,evisa,,,
MK,BI,visa_on_arrival,,,
MK,BJ,evisa,,,
MK,BN,visa_required,,,
MK,BO,evisa,,,
MK,BR,visa_free,90,,
MK,BS,visa_free,90,,
MK,BT,evisa,,,
MK,BW,evisa,,,
MK,BY,visa_free,30,,
MK,BZ,visa_required,,,
MK,CA,visa_required,,,
MK,CD,evisa,,,
MK,CF,visa_required,,,
MK,CG,visa_required,,,
MK,CH,visa_free,90,,
MK,CI,eta,,,
MK,CL,visa_free,90,,
MK,CM,evisa,,,
MK,CN,visa_free,30,,https://www.fmprc.gov.cn/eng/xw/fyrbt/202602/t20260215_11860467.html
MK,CO,visa_free,90,,
MK,CR,visa_required,,,
MK,CU,visa_free,90,,
MK,CV,visa_on_arrival,,,
MK,CY,visa_free,90,,
MK,CZ,visa_free,90,,
MK,DE,visa_free,90,,
MK,DJ,visa_on_arrival,,,
MK,DK,visa_free,90,,
MK,DM,visa_free,21,,
MK,DO,visa_free,30,,
MK,DZ,visa_required,,,
MK,EC,visa_free,90,,
MK,EE,visa_free,90,,
MK,EG,visa_on_arrival,,,
MK,ER,visa_required,,,
MK,ES,visa_free,90,,
MK,ET,visa_on_arrival,,,
MK,FI,visa_free,90,,
MK,FJ,visa_required,,,
MK,FM,visa_free,30,,
MK,FR,visa_free,90,,
MK,GA,evisa,,,
MK,GB,visa_required,,,
MK,GD,visa_free,,,
MK,GE,visa_free,90,,
MK,GH,visa_required,,,
MK,GM,visa_free,90,,
MK,GN,evisa,,,
MK,GQ,evisa,,,
MK,GR,visa_free,90,,
MK,GT,visa_free,90,,
MK,GW,visa_on_arrival,,,
MK,GY,evisa,,,
MK,HN,visa_free,90,,
MK,HR,visa_free,90,,
MK,HT,visa_free,90,,
MK,HU,visa_free,90,,
MK,ID,evisa,,,
MK,IE,visa_required,,,
MK,IL,eta,,,
MK,IN,evisa,,,
MK,IQ,evisa,,,
MK,IR,visa_on_arrival,,,
MK,IS,visa_free,90,,
MK,IT,visa_free,90,,
MK,JM,visa_on_arrival,,,
MK,JO,visa_on_arrival,,,
MK,JP,visa_free,90,,
MK,KE,eta,,,
MK,KG,visa_free,60,,
MK,KH,visa_on_arrival,,,
MK,KI,visa_required,,,
MK,KM,visa_on_arrival,,,
MK,KN,eta,,,
MK,KP,visa_required,,,
MK,KR,evisa,,,
MK,KW,visa_required,,,
MK,KZ,evisa,,,
MK,LA,visa_on_arrival,,,
MK,LB,visa_on_arrival,,,
MK,LC,visa_required,,,
MK,LI,visa_free,90,,
MK,LK,eta,,,
MK,LR,evisa,,,
MK,LS,visa_required,,,
MK,LT,visa_free,90,,
MK,LU,visa_free,90,,
MK,LV,visa_free,90,,
MK,LY,evisa,,,
MK,MA,visa_required,,,
MK,MC,visa_free,90,,
MK,MD,visa_free,90,,
MK,ME,visa_free,90,,
MK,MG,visa_on_arrival,,,
MK,MH,visa_on_arrival,,,
MK,ML,visa_required,,,
MK,MM,visa_required,,,
MK,MN,evisa,,,
MK,MR,evisa,,,
MK,MT,visa_free,90,,
MK,MU,visa_on_arrival,,,
MK,MV,visa_on_arrival,,,
MK,MW,evisa,,,
MK,MX,visa_required,,,
MK,MY,visa_free,30,,
MK,MZ,visa_on_arrival,,,
MK,NA,visa_on_arrival,,,
MK,NE,visa_required,,,
MK,NG,evisa,,,
MK,NI,visa_free,90,,
MK,NL,visa_free,90,,
MK,NO,visa_free,90,,
MK,NP,visa_on_arrival,,,
MK,NR,visa_required,,,
MK,NZ,visa_required,,,
MK,OM,visa_on_arrival,,,
MK,PA,visa_free,90,,
MK,PE,visa_free,180,,
MK,PG,evisa,,,
MK,PH,visa_required,,,
MK,PK,evisa,,,
MK,PL,visa_free,90,,
MK,PS,visa_free,,,
MK,PT,visa_free,90,,
MK,PW,visa_on_arrival,,,
MK,PY,visa_required,,,
MK,QA,visa_on_arrival,,,
MK,RO,visa_free,90,,
MK,RS,visa_free,90,,
MK,RU,evisa,,,
MK,RW,visa_free,30,,
MK,SA,visa_required,,,
MK,SB,visa_required,,,
MK,SC,visa_free,90,,
MK,SD,visa_required,,,
MK,SE,visa_free,90,,
MK,SG,visa_free,30,,
MK,SI,visa_free,90,,
MK,SK,visa_free,90,,
MK,SL,evisa,,,
MK,SM,visa_free,90,,
MK,SN,visa_required,,,
MK,SO,evisa,,,
MK,SR,eta,,,
MK,SS,evisa,,,
MK,ST,evisa,,,
MK,SV,visa_free,180,,
MK,SY,evisa,,,
MK,SZ,visa_required,,,
MK,TD,evisa,,,
MK,TG,evisa,,,
MK,TH,evisa,,,
MK,TJ,evisa,,,
MK,TL,visa_on_arrival,,,
MK,TM,visa_required,,,
MK,TN,visa_free,90,,
MK,TO,visa_required,,,
MK,TR,visa_free,60,,
MK,TT,visa_required,,,
MK,TV,visa_on_arrival,,,
MK,TW,visa_free,90,,
MK,TZ,visa_on_arrival,,,
MK,UA,visa_free,90,,
MK,UG,evisa,,,
MK,US,visa_required,,,
MK,UY,visa_required,,,
MK,UZ,evisa,,,
MK,VA,visa_free,90,,
MK,VC,visa_free,90,,
MK,VE,visa_required,,,
MK,VN,evisa,,,
MK,VU,evisa,,,
MK,WS,visa_on_arrival,,,
MK,XK,visa_free,90,,
MK,YE,visa_required,,,
MK,ZA,visa_required,,,
MK,ZM,visa_free,90,,
MK,ZW,visa_on_arrival,,,
ML,AD,visa_required,,,
ML,AE,evisa,,,
ML,AF,visa_required,,,
ML,AG,evisa,,,
ML,AL,evisa,,,
ML,AM,visa_required,,,
ML,AO,visa_required,,,
ML,AR,visa_required,,,
ML,AT,visa_required,,,
ML,AU,evisa,,,
ML,AZ,visa_required,,,
ML,BA,visa_required,,,
ML,BB,visa_free,180,,
ML,BD,visa_on_arrival,,,
ML,BE,visa_required,,,
ML,BF,visa_free,,,
ML,BG,visa_required,,,
ML,BH,evisa,,,
ML,BI,visa_on_arrival,,,
ML,BJ,visa_free,90,,
ML,BN,visa_required,,,
ML,BO,evisa,,,
ML,BR,visa_required,,,
ML,BS,visa_free,90,,
ML,BT,evisa,,,
ML,BW,evisa,,,
ML,BY,visa_required,,,
ML,BZ,visa_required,,,
ML,CA,visa_required,,,
ML,CD,evisa,,,
ML,CF,visa_required,,,
ML,CG,visa_required,,,
ML,CH,visa_required,,,
ML,CI,visa_free,90,,
ML,CL,visa_required,,,
ML,CM,evisa,,,
ML,CN,visa_required,,,
ML,CO,evisa,,,
ML,CR,visa_required,,,
ML,CU,evisa,,,
ML,CV,visa_free,,,
ML,CY,visa_required,,,
ML,CZ,visa_required,,,
ML,DE,visa_required,,,
ML,DJ,visa_on_arrival,,,
ML,DK,visa_required,,,
ML,DM,visa_free,21,,
ML,DO,visa_required,,,
ML,DZ,visa_free,90,,
ML,EC,evisa,,,
ML,EE,visa_required,,,
ML,EG,visa_required,,,
ML,ER,visa_required,,,
ML,ES,visa_required,,,
ML,ET,visa_on_arrival,,,
ML,FI,visa_required,,,
ML,FJ,visa_required,,,
ML,FM,visa_free,30,,
ML,FR,visa_required,,,
ML,GA,evisa,,,
ML,GB,visa_required,,,
ML,GD,visa_required,,,
ML,GE,visa_required,,,
ML,GH,visa_free,90,,
ML,GM,visa_free,90,,
ML,GN,visa_free,,,
ML,GQ,evisa,,,
ML,GR,visa_required,,,
ML,GT,visa_required,,,
ML,GW,visa_free,,,
ML,GY,evisa,,,
ML,HN,visa_required,,,
ML,HR,visa_required,,,
ML,HT,visa_free,90,,
ML,HU,visa_required,,,
ML,ID,evisa,,,
ML,IE,visa_required,,,
ML,IL,evisa,,,
ML,IN,evisa,,,
ML,IQ,evisa,,,
ML,IR,visa_on_arrival,,,
ML,IS,visa_required,,,
ML,IT,visa_required,,,
ML,JM,visa_required,,,
ML,JO,visa_required,,,
ML,JP,visa_required,,,
ML,KE,visa_free,60,,
ML,KG,evisa,,,
ML,KH,visa_on_arrival,,,
ML,KI,visa_required,,,
ML,KM,visa_on_arrival,,,
ML,KN,evisa,,,
ML,KP,visa_required,,,
ML,KR,evisa,,,
ML,KW,visa_required,,,
ML,KZ,evisa,,,
ML,LA,visa_on_arrival,,,
ML,LB,visa_required,,,
ML,LC,visa_on_arrival,,,
ML,LI,visa_required,,,
ML,LK,eta,,,
ML,LR,visa_free,,,
ML,LS,visa_required,,,
ML,LT,visa_required,,,
ML,LU,visa_required,,,
ML,LV,visa_required,,,
ML,LY,evisa,,,
ML,MA,eta,,,
ML,MC,visa_required,,,
ML,MD,evisa,,,
ML,ME,visa_required,,,
ML,MG,visa_on_arrival,,,
ML,MH,visa_required,,,
ML,MK,visa_required,,,
ML,MM,visa_required,,,
ML,MN,visa_required,,,
ML,MR,visa_free,90,,
ML,MT,visa_required,,,
ML,MU,visa_required,,,
ML,MV,visa_on_arrival,,,
ML,MW,evisa,,,
ML,MX,visa_required,,,
ML,MY,evisa,,,
ML,MZ,visa_on_arrival,,,
ML,NA,evisa,,,
ML,NE,visa_free,,,
ML,NG,visa_free,,,
ML,NI,visa_required,,,
ML,NL,visa_required,,,
ML,NO,visa_required,,,
ML,NP,visa_on_arrival,,,
ML,NR,visa_required,,,
ML,NZ,visa_required,,,
ML,OM,evisa,,,
ML,PA,visa_required,,,
ML,PE,visa_required,,,
ML,PG,evisa,,,
ML,PH,visa_free,30,,
ML,PK,evisa,,,
ML,PL,visa_required,,,
ML,PS,visa_required,,,
ML,PT,visa_required,,,
ML,PW,visa_on_arrival,,,
ML,PY,visa_required,,,
ML,QA,evisa,,,
ML,RO,visa_required,,,
ML,RS,visa_required,,,
ML,RU,visa_required,,,
ML,RW,visa_free,30,,
ML,SA,evisa,,,
ML,SB,visa_required,,,
ML,SC,visa_free,90,,
ML,SD,visa_required,,,
ML,SE,visa_required,,,
ML,SG,evisa,,,
ML,SI,visa_required,,,
ML,SK,visa_required,,,
ML,SL,visa_free,,,
ML,SM,visa_required,,,
ML,SN,visa_free,90,,
ML,SO,evisa,,,
ML,SR,eta,,,
ML,SS,evisa,,,
ML,ST,evisa,,,
ML,SV,evisa,,,
ML,SY,evisa,,,
ML,SZ,visa_required,,,
ML,TD,visa_free,90,,
ML,TG,visa_free,,,
ML,TH,evisa,,,
ML,TJ,evisa,,,
ML,TL,visa_on_arrival,,,
ML,TM,visa_required,,,
ML,TN,visa_free,,,
ML,TO,visa_required,,,
ML,TR,visa_required,,,
ML,TT,visa_required,,,
ML,TV,visa_on_arrival,,,
ML,TW,visa_required,,,
ML,TZ,evisa,,,
ML,UA,visa_required,,,
ML,UG,evisa,,,
ML,US,visa_required,,,
ML,UY,visa_required,,,
ML,UZ,visa_required,,,
ML,VA,visa_required,,,
ML,VC,visa_free,90,,
ML,VE,visa_required,,,
ML,VN,evisa,,,
ML,VU,evisa,,,
ML,WS,visa_on_arrival,,,
ML,XK,visa_required,,,
ML,YE,visa_required,,,
ML,ZA,evisa,,,
ML,ZM,evisa,,,
ML,ZW,evisa,,,
MM,AD,visa_required,,,
MM,AE,evisa,,,
MM,AF,visa_required,,,
MM,AG,evisa,,,
MM,AL,evisa,,,
MM,AM,evisa,,,
MM,AO,visa_required,,,
MM,AR,visa_required,,,
MM,AT,visa_required,,,
MM,AU,evisa,,,
MM,AZ,visa_required,,,
MM,BA,visa_required,,,
MM,BB,visa_required,,,
MM,BD,visa_required,,,
MM,BE,visa_required,,,
MM,BF,evisa,,,
MM,BG,visa_required,,,
MM,BH,evisa,,,
MM,BI,visa_on_arrival,,,
MM,BJ,evisa,,,
MM,BN,visa_free,14,,
MM,BO,evisa,,,
MM,BR,visa_required,,,
MM,BS,evisa,,,
MM,BT,evisa,,,
MM,BW,evisa,,,
MM,BY,visa_required,,,
MM,BZ,visa_required,,,
MM,CA,visa_required,,,
MM,CD,evisa,,,
MM,CF,visa_required,,,
MM,CG,visa_required,,,
MM,CH,visa_required,,,
MM,CI,eta,,,
MM,CL,visa_required,,,
MM,CM,evisa,,,
MM,CN,visa_required,,,
MM,CO,evisa,,,
MM,CR,visa_required,,,
MM,CU,evisa,,,
MM,CV,visa_required,,,
MM,CY,visa_required,,,
MM,CZ,visa_required,,,
MM,DE,visa_required,,,
MM,DJ,visa_on_arrival,,,
MM,DK,visa_required,,,
MM,DM,visa_free,21,,
MM,DO,visa_required,,,
MM,DZ,visa_required,,,
MM,EC,evisa,,,
MM,EE,visa_required,,,
MM,EG,visa_required,,,
MM,ER,visa_required,,,
MM,ES,visa_required,,,
MM,ET,evisa,,,
MM,FI,visa_required,,,
MM,FJ,visa_required,,,
MM,FM,visa_free,30,,
MM,FR,visa_required,,,
MM,GA,evisa,,,
MM,GB,visa_required,,,
MM,GD,visa_required,,,
MM,GE,visa_required,,,
MM,GH,visa_required,,,
MM,GM,visa_required,,,
MM,GN,evisa,,,
MM,GQ,evisa,,,
MM,GR,visa_required,,,
MM,GT,visa_required,,,
MM,GW,visa_on_arrival,,,
MM,GY,evisa,,,
MM,HN,visa_required,,,
MM,HR,visa_required,,,
MM,HT,visa_free,90,,
MM,HU,visa_required,,,
MM,ID,visa_free,30,,
MM,IE,visa_required,,,
MM,IL,evisa,,,
MM,IN,evisa,,,
MM,IQ,evisa,,,
MM,IR,visa_on_arrival,,,
MM,IS,visa_required,,,
MM,IT,visa_required,,,
MM,JM,visa_required,,,
MM,JO,visa_on_arrival,,,
MM,JP,visa_required,,,
MM,KE,eta,,,
MM,KG,evisa,,,
MM,KH,visa_on_arrival,,,
MM,KI,visa_required,,,
MM,KM,visa_on_arrival,,,
MM,KN,evisa,,,
MM,KP,visa_required,,,
MM,KR,evisa,,,
MM,KW,visa_required,,,
MM,KZ,evisa,,,
MM,LA,visa_free,14,,
MM,LB,visa_required,,,
MM,LC,visa_required,,,
MM,LI,visa_required,,,
MM,LK,eta,,,
MM,LR,evisa,,,
MM,LS,visa_required,,,
MM,LT,visa_required,,,
MM,LU,visa_required,,,
MM,LV,visa_required,,,
MM,LY,evisa,,,
MM,MA,visa_required,,,
MM,MC,visa_required,,,
MM,MD,evisa,,,
MM,ME,visa_required,,,
MM,MG,visa_on_arrival,,,
MM,MH,visa_on_arrival,,,
MM,MK,visa_required,,,
MM,ML,visa_required,,,
MM,MN,evisa,,,
MM,MR,evisa,,,
MM,MT,visa_required,,,
MM,MU,visa_on_arrival,,,
MM,MV,visa_on_arrival,,,
MM,MW,evisa,,,
MM,MX,visa_required,,,
MM,MY,visa_free,14,,
MM,MZ,visa_on_arrival,,,
MM,NA,evisa,,,
MM,NE,visa_required,,,
MM,NG,evisa,,,
MM,NI,visa_on_arrival,,,
MM,NL,visa_required,,,
MM,NO,visa_required,,,
MM,NP,visa_on_arrival,,,
MM,NR,visa_required,,,
MM,NZ,visa_required,,,
MM,OM,evisa,,,
MM,PA,visa_required,,,
MM,PE,visa_required,,,
MM,PG,evisa,,,
MM,PH,visa_free,30,,
MM,PK,evisa,,,
MM,PL,visa_required,,,
MM,PS,visa_required,,,
MM,PT,visa_required,,,
MM,PW,visa_required,,,
MM,PY,visa_required,,,
MM,QA,evisa,,,
MM,RO,visa_required,,,
MM,RS,visa_required,,,
MM,RU,evisa,,,
MM,RW,visa_on_arrival,,,
MM,SA,evisa,,,
MM,SB,visa_required,,,
MM,SC,visa_free,90,,
MM,SD,visa_required,,,
MM,SE,visa_required,,,
MM,SG,visa_free,30,,
MM,SI,visa_required,,,
MM,SK,visa_required,,,
MM,SL,evisa,,,
MM,SM,visa_required,,,
MM,SN,visa_required,,,
MM,SO,evisa,,,
MM,SR,eta,,,
MM,SS,evisa,,,
MM,ST,evisa,,,
MM,SV,evisa,,,
MM,SY,evisa,,,
MM,SZ,visa_required,,,
MM,TD,evisa,,,
MM,TG,evisa,,,
MM,TH,visa_free,14,,
MM,TJ,evisa,,,
MM,TL,visa_on_arrival,,,
MM,TM,visa_required,,,
MM,TN,visa_required,,,
MM,TO,visa_required,,,
MM,TR,visa_required,,,
MM,TT,visa_required,,,
MM,TV,visa_on_arrival,,,
MM,TW,eta,,,
MM,TZ,visa_on_arrival,,,
MM,UA,evisa,,,
MM,UG,evisa,,,
MM,US,no_admission,,,
MM,UY,visa_required,,,
MM,UZ,visa_required,,,
MM,VA,visa_required,,,
MM,VC,visa_free,90,,
MM,VE,visa_required,,,
MM,VN,visa_free,30,,https://mofa.gov.vn/tin-chi-tiet/chi-tiet/viet-nam-39-s-visa-exemption-list-57163-596.html
MM,VU,evisa,,,
MM,WS,visa_on_arrival,,,
MM,XK,visa_required,,,
MM,YE,visa_required,,,
MM,ZA,visa_required,,,
MM,ZM,visa_on_arrival,,,
MM,ZW,evisa,,,
MN,AD,visa_required,,,
MN,AE,visa_free,30,,
MN,AF,visa_required,,,
MN,AG,evisa,,,
MN,AL,evisa,,,
MN,AM,evisa,,,
MN,AO,visa_required,,,
MN,AR,visa_free,90,,
MN,AT,visa_required,,,
MN,AU,evisa,,,
MN,AZ,evisa,,,
MN,BA,visa_required,,,
MN,BB,visa_free,90,,
MN,BD,visa_on_arrival,,,
MN,BE,visa_required,,,
MN,BF,evisa,,,
MN,BG,visa_required,,,
MN,BH,evisa,,,
MN,BI,visa_on_arrival,,,
MN,BJ,evisa,,,
MN,BN,visa_required,,,
MN,BO,evisa,,,
MN,BR,visa_free,90,,
MN,BS,evisa,,,
MN,BT,evisa,,,
MN,BW,evisa,,,
MN,BY,visa_free,90,,
MN,BZ,visa_required,,,
MN,CA,visa_required,,,
MN,CD,evisa,,,
MN,CF,visa_required,,,
MN,CG,visa_required,,,
MN,CH,visa_required,,,
MN,CI,eta,,,
MN,CL,visa_free,90,,
MN,CM,evisa,,,
MN,CN,visa_free,30,,
MN,CO,evisa,,,
MN,CR,visa_required,,,
MN,CU,visa_free,30,,
MN,CV,visa_required,,,
MN,CY,visa_required,,,
MN,CZ,visa_required,,,
MN,DE,visa_required,,,
MN,DJ,visa_on_arrival,,,
MN,DK,visa_required,,,
MN,DM,visa_free,21,,
MN,DO,visa_required,,,
MN,DZ,visa_required,,,
MN,EC,visa_free,90,,
MN,EE,visa_required,,,
MN,EG,visa_on_arrival,,,
MN,ER,visa_required,,,
MN,ES,visa_required,,,
MN,ET,evisa,,,
MN,FI,visa_required,,,
MN,FJ,visa_required,,,
MN,FM,visa_free,30,,
MN,FR,visa_required,,,
MN,GA,evisa,,,
MN,GB,visa_required,,,
MN,GD,visa_required,,,
MN,GE,evisa,,,
MN,GH,visa_required,,,
MN,GM,visa_required,,,
MN,GN,evisa,,,
MN,GQ,evisa,,,
MN,GR,visa_required,,,
MN,GT,visa_required,,,
MN,GW,visa_on_arrival,,,
MN,GY,evisa,,,
MN,HN,visa_required,,,
MN,HR,visa_required,,,
MN,HT,visa_free,90,,
MN,HU,visa_required,,,
MN,ID,visa_on_arrival,,,
MN,IE,visa_required,,,
MN,IL,eta,,,
MN,IN,evisa,,,
MN,IQ,evisa,,,
MN,IR,visa_on_arrival,,,
MN,IS,visa_required,,,
MN,IT,visa_required,,,
MN,JM,visa_required,,,
MN,JO,visa_required,,,
MN,JP,evisa,,,
MN,KE,eta,,,
MN,KG,visa_free,90,,
MN,KH,visa_on_arrival,,,
MN,KI,visa_required,,,
MN,KM,visa_on_arrival,,,
MN,KN,evisa,,,
MN,KP,visa_required,,,
MN,KR,evisa,,,
MN,KW,visa_required,,,
MN,KZ,visa_free,90,,
MN,LA,visa_free,30,,
MN,LB,visa_required,,,
MN,LC,visa_on_arrival,,,
MN,LI,visa_required,,,
MN,LK,eta,,,
MN,LR,evisa,,,
MN,LS,visa_required,,,
MN,LT,visa_required,,,
MN,LU,visa_required,,,
MN,LV,visa_required,,,
MN,LY,evisa,,,
MN,MA,visa_required,,,
MN,MC,visa_required,,,
MN,MD,evisa,,,
MN,ME,visa_required,,,
MN,MG,visa_on_arrival,,,
MN,MH,visa_on_arrival,,,
MN,MK,visa_required,,,
MN,ML,visa_required,,,
MN,MM,evisa,,,
MN,MR,evisa,,,
MN,MT,visa_required,,,
MN,MU,visa_on_arrival,,,
MN,MV,visa_free,30,,
MN,MW,evisa,,,
MN,MX,visa_required,,,
MN,MY,visa_free,30,,
MN,MZ,visa_on_arrival,,,
MN,NA,visa_on_arrival,,,
MN,NE,visa_required,,,
MN,NG,evisa,,,
MN,NI,visa_required,,,
MN,NL,visa_required,,,
MN,NO,visa_required,,,
MN,NP,visa_on_arrival,,,
MN,NR,visa_required,,,
MN,NZ,visa_required,,,
MN,OM,evisa,,,
MN,PA,visa_free,90,,
MN,PE,visa_free,90,,
MN,PG,evisa,,,
MN,PH,visa_free,30,,
MN,PK,evisa,,,
MN,PL,visa_required,,,
MN,PS,visa_free,,,
MN,PT,visa_required,,,
MN,PW,visa_on_arrival,,,
MN,PY,visa_free,90,,
MN,QA,evisa,,,
MN,RO,visa_required,,,
MN,RS,visa_required,,,
MN,RU,visa_free,30,,
MN,RW,visa_on_arrival,,,
MN,SA,evisa,,,
MN,SB,visa_required,,,
MN,SC,visa_free,90,,
MN,SD,visa_required,,,
MN,SE,visa_required,,,
MN,SG,visa_free,30,,
MN,SI,visa_required,,,
MN,SK,visa_required,,,
MN,SL,evisa,,,
MN,SM,visa_required,,,
MN,SN,visa_required,,,
MN,SO,evisa,,,
MN,SR,eta,,,
MN,SS,evisa,,,
MN,ST,evisa,,,
MN,SV,evisa,,,
MN,SY,evisa,,,
MN,SZ,visa_required,,,
MN,TD,evisa,,,
MN,TG,evisa,,,
MN,TH,visa_free,60,,
MN,TJ,visa_free,30,,
MN,TL,visa_on_arrival,,,
MN,TM,visa_required,,,
MN,TN,visa_required,,,
MN,TO,visa_required,,,
MN,TR,visa_free,30,,
MN,TT,visa_required,,,
MN,TV,visa_on_arrival,,,
MN,TW,visa_required,,,
MN,TZ,visa_on_arrival,,,
MN,UA,visa_required,,,
MN,UG,evisa,,,
MN,US,visa_required,,,
MN,UY,visa_free,30,,
MN,UZ,visa_free,30,,
MN,VA,visa_required,,,
MN,VC,visa_free,90,,
MN,VE,visa_required,,,
MN,VN,visa_free,30,,
MN,VU,evisa,,,
MN,WS,visa_on_arrival,,,
MN,XK,visa_required,,,
MN,YE,visa_required,,,
MN,ZA,visa_required,,,
MN,ZM,visa_on_arrival,,,
MN,ZW,evisa,,,
MR,AD,visa_required,,,
MR,AE,evisa,,,
MR,AF,visa_required,,,
MR,AG,evisa,,,
MR,AL,evisa,,,
MR,AM,visa_required,,,
MR,AO,visa_required,,,
MR,AR,visa_required,,,
MR,AT,visa_required,,,
MR,AU,evisa,,,
MR,AZ,visa_required,,,
MR,BA,visa_required,,,
MR,BB,visa_free,180,,
MR,BD,visa_on_arrival,,,
MR,BE,visa_required,,,
MR,BF,visa_free,90,,
MR,BG,visa_required,,,
MR,BH,evisa,,,
MR,BI,visa_on_arrival,,,
MR,BJ,visa_free,90,,
MR,BN,visa_required,,,
MR,BO,evisa,,,
MR,BR,visa_required,,,
MR,BS,evisa,,,
MR,BT,evisa,,,
MR,BW,evisa,,,
MR,BY,visa_required,,,
MR,BZ,visa_required,,,
MR,CA,visa_required,,,
MR,CD,evisa,,,
MR,CF,visa_required,,,
MR,CG,visa_on_arrival,,,
MR,CH,visa_required,,,
MR,CI,visa_free,90,,
MR,CL,visa_required,,,
MR,CM,evisa,,,
MR,CN,visa_required,,,
MR,CO,evisa,,,
MR,CR,visa_required,,,
MR,CU,evisa,,,
MR,CV,visa_free,,,https://www.ease.gov.cv/
MR,CY,visa_required,,,
MR,CZ,visa_required,,,
MR,DE,visa_required,,,
MR,DJ,visa_on_arrival,,,
MR,DK,visa_required,,,
MR,DM,visa_free,21,,
MR,DO,visa_required,,,
MR,DZ,visa_free,90,,
MR,EC,evisa,,,
MR,EE,visa_required,,,
MR,EG,visa_required,,,
MR,ER,visa_required,,,
MR,ES,visa_required,,,
MR,ET,visa_on_arrival,,,
MR,FI,visa_required,,,
MR,FJ,visa_required,,,
MR,FM,visa_free,30,,
MR,FR,visa_required,,,
MR,GA,evisa,,,
MR,GB,visa_required,,,
MR,GD,visa_required,,,
MR,GE,visa_required,,,
MR,GH,visa_on_arrival,,,
MR,GM,visa_free,90,,
MR,GN,evisa,,,
MR,GQ,evisa,,,
MR,GR,visa_required,,,
MR,GT,visa_required,,,
MR,GW,visa_on_arrival,,,
MR,GY,evisa,,,
MR,HN,visa_required,,,
MR,HR,visa_required,,,
MR,HT,visa_free,90,,
MR,HU,visa_required,,,
MR,ID,evisa,,,
MR,IE,visa_required,,,
MR,IL,evisa,,,
MR,IN,visa_required,,,
MR,IQ,evisa,,,
MR,IR,visa_free,15,,
MR,IS,visa_required,,,
MR,IT,visa_required,,,
MR,JM,visa_required,,,
MR,JO,visa_required,,,
MR,JP,visa_required,,,
MR,KE,visa_free,60,,
MR,KG,evisa,,,
MR,KH,visa_on_arrival,,,
MR,KI,visa_required,,,
MR,KM,visa_on_arrival,,,
MR,KN,evisa,,,
MR,KP,visa_required,,,
MR,KR,evisa,,,
MR,KW,visa_required,,,
MR,KZ,evisa,,,
MR,LA,visa_on_arrival,,,
MR,LB,visa_on_arrival,,,
MR,LC,visa_on_arrival,,,
MR,LI,visa_required,,,
MR,LK,eta,,,
MR,LR,evisa,,,
MR,LS,visa_required,,,
MR,LT,visa_required,,,
MR,LU,visa_required,,,
MR,LV,visa_required,,,
MR,LY,evisa,,,
MR,MA,visa_required,,,
MR,MC,visa_required,,,
MR,MD,evisa,,,
MR,ME,visa_required,,,
MR,MG,visa_on_arrival,,,
MR,MH,visa_required,,,
MR,MK,visa_required,,,
MR,ML,visa_free,90,,
MR,MM,visa_required,,,
MR,MN,evisa,,,
MR,MT,visa_required,,,
MR,MU,visa_on_arrival,,,
MR,MV,visa_on_arrival,,,
MR,MW,evisa,,,
MR,MX,visa_required,,,
MR,MY,visa_free,30,,
MR,MZ,visa_on_arrival,,,
MR,NA,visa_on_arrival,,,
MR,NE,visa_free,90,,
MR,NG,evisa,,,
MR,NI,visa_on_arrival,,,
MR,NL,visa_required,,,
MR,NO,visa_required,,,
MR,NP,visa_on_arrival,,,
MR,NR,visa_required,,,
MR,NZ,visa_required,,,
MR,OM,evisa,,,
MR,PA,visa_required,,,
MR,PE,visa_required,,,
MR,PG,evisa,,,
MR,PH,visa_free,30,,
MR,PK,evisa,,,
MR,PL,visa_required,,,
MR,PS,visa_required,,,
MR,PT,visa_required,,,
MR,PW,visa_on_arrival,,,
MR,PY,visa_required,,,
MR,QA,evisa,,,
MR,RO,visa_required,,,
MR,RS,visa_required,,,
MR,RU,visa_required,,,
MR,RW,visa_free,30,,
MR,SA,evisa,,,
MR,SB,visa_required,,,
MR,SC,visa_free,90,,
MR,SD,visa_required,,,
MR,SE,visa_required,,,
MR,SG,visa_free,30,,
MR,SI,visa_required,,,
MR,SK,visa_required,,,
MR,SL,visa_free,90,,
MR,SM,visa_required,,,
MR,SN,visa_free,90,,
MR,SO,evisa,,,
MR,SR,eta,,,
MR,SS,evisa,,,
MR,ST,evisa,,,
MR,SV,evisa,,,
MR,SY,visa_free,,,
MR,SZ,visa_required,,,
MR,TD,visa_free,90,,
MR,TG,evisa,,,
MR,TH,evisa,,,
MR,TJ,evisa,,,
MR,TL,visa_on_arrival,,,
MR,TM,visa_required,,,
MR,TN,visa_free,,,
MR,TO,visa_required,,,
MR,TR,visa_required,,,
MR,TT,visa_required,,,
MR,TV,visa_on_arrival,,,
MR,TW,visa_required,,,
MR,TZ,evisa,,,
MR,UA,visa_required,,,
MR,UG,evisa,,,
MR,US,visa_required,,,
MR,UY,visa_required,,,
MR,UZ,visa_required,,,
MR,VA,visa_required,,,
MR,VC,visa_free,90,,
MR,VE,visa_required,,,
MR,VN,evisa,,,
MR,VU,evisa,,,
MR,WS,visa_on_arrival,,,
MR,XK,visa_required,,,
MR,YE,visa_required,,,
MR,ZA,visa_required,,,
MR,ZM,evisa,,,
MR,ZW,evisa,,,
MT,AD,visa_free,,,
MT,AE,visa_free,90,,
MT,AF,visa_required,,,
MT,AG,visa_free,180,,
MT,AL,visa_free,90,,
MT,AM,visa_free,180,,
MT,AO,visa_free,30,,
MT,AR,visa_free,90,,
MT,AT,visa_free,,,
MT,AU,eta,,,
MT,AZ,evisa,,,
MT,BA,visa_free,90,,
MT,BB,visa_free,90,,
MT,BD,visa_on_arrival,,,
MT,BE,visa_free,,,
MT,BF,evisa,,,
MT,BG,visa_free,,,
MT,BH,visa_on_arrival,,,
MT,BI,visa_on_arrival,,,
MT,BJ,evisa,,,
MT,BN,visa_free,90,,
MT,BO,visa_free,90,,
MT,BR,visa_free,90,,
MT,BS,visa_free,90,,
MT,BT,evisa,,,
MT,BW,visa_free,90,,
MT,BY,visa_free,30,,
MT,BZ,visa_free,,,
MT,CA,eta,,,
MT,CD,evisa,,,
MT,CF,visa_required,,,
MT,CG,visa_required,,,
MT,CH,visa_free,,,
MT,CI,eta,,,
MT,CL,visa_free,90,,
MT,CM,evisa,,,
MT,CN,visa_free,30,,https://www.fmprc.gov.cn/eng/xw/fyrbt/202602/t20260215_11860467.html
MT,CO,visa_free,90,,
MT,CR,visa_free,180,,
MT,CU,evisa,,,
MT,CV,visa_free,30,,
MT,CY,visa_free,,,
MT,CZ,visa_free,,,
MT,DE,visa_free,,,
MT,DJ,visa_on_arrival,,,
MT,DK,visa_free,,,
MT,DM,visa_free,180,,
MT,DO,visa_free,30,,
MT,DZ,visa_required,,,
MT,EC,visa_free,90,,
MT,EE,visa_free,,,
MT,EG,visa_on_arrival,,,
MT,ER,visa_required,,,
MT,ES,visa_free,,,
MT,ET,visa_on_arrival,,,
MT,FI,visa_free,,,
MT,FJ,visa_free,120,,
MT,FM,visa_free,90,,
MT,FR,visa_free,,,
MT,GA,evisa,,,
MT,GB,eta,,,
MT,GD,visa_free,90,,
MT,GE,visa_free,365,,
MT,GH,visa_required,,,
MT,GM,visa_free,90,,
MT,GN,evisa,,,
MT,GQ,evisa,,,
MT,GR,visa_free,,,
MT,GT,visa_free,90,,
MT,GW,visa_on_arrival,,,
MT,GY,evisa,,,
MT,HN,visa_free,90,,
MT,HR,visa_free,,,
MT,HT,visa_free,90,,
MT,HU,visa_free,,,
MT,ID,visa_on_arrival,,,
MT,IE,visa_free,,,
MT,IL,eta,,,
MT,IN,evisa,,,
MT,IQ,evisa,,,
MT,IR,visa_on_arrival,,,
MT,IS,visa_free,,,
MT,IT,visa_free,,,
MT,JM,visa_free,,,
MT,JO,visa_on_arrival,,,
MT,JP,visa_free,90,,
MT,KE,eta,,,
MT,KG,visa_free,60,,
MT,KH,visa_on_arrival,,,
MT,KI,visa_free,90,,
MT,KM,visa_on_arrival,,,
MT,KN,eta,,,
MT,KP,visa_required,,,
MT,KR,visa_free,90,,
MT,KW,visa_on_arrival,,,
MT,KZ,visa_free,30,,
MT,LA,visa_on_arrival,,,
MT,LB,visa_on_arrival,,,
MT,LC,visa_free,90,,
MT,LI,visa_free,,,
MT,LK,eta,,,
MT,LR,evisa,,,
MT,LS,visa_free,14,,
MT,LT,visa_free,,,
MT,LU,visa_free,,,
MT,LV,visa_free,,,
MT,LY,evisa,,,
MT,MA,visa_free,90,,
MT,MC,visa_free,,,
MT,MD,visa_free,90,,
MT,ME,visa_free,90,,
MT,MG,visa_on_arrival,,,
MT,MH,visa_free,90,,
MT,MK,visa_free,90,,
MT,ML,visa_required,,,
MT,MM,evisa,,,
MT,MN,visa_free,30,,
MT,MR,evisa,,,
MT,MU,visa_free,90,,
MT,MV,visa_on_arrival,,,
MT,MW,evisa,,,
MT,MX,visa_free,180,,
MT,MY,visa_free,90,,
MT,MZ,visa_on_arrival,,,
MT,NA,visa_on_arrival,,,
MT,NE,visa_required,,,
MT,NG,evisa,,,
MT,NI,visa_free,90,,
MT,NL,visa_free,,,
MT,NO,visa_free,,,
MT,NP,visa_on_arrival,,,
MT,NR,visa_required,,,
MT,NZ,eta,,,
MT,OM,visa_on_arrival,,,
MT,PA,visa_free,90,,
MT,PE,visa_free,90,,
MT,PG,eta,,,
MT,PH,visa_free,30,,
MT,PK,evisa,,,
MT,PL,visa_free,,,
MT,PS,visa_free,,,
MT,PT,visa_free,,,
MT,PW,visa_free,90,,
MT,PY,visa_free,90,,
MT,QA,visa_on_arrival,,,
MT,RO,visa_free,,,
MT,RS,visa_free,90,,
MT,RU,evisa,,,
MT,RW,visa_free,30,,
MT,SA,visa_on_arrival,,,
MT,SB,visa_free,90,,
MT,SC,visa_free,90,,
MT,SD,visa_required,,,
MT,SE,visa_free,,,
MT,SG,visa_free,90,,
MT,SI,visa_free,,,
MT,SK,visa_free,,,
MT,SL,visa_on_arrival,,,
MT,SM,visa_free,,,
MT,SN,visa_free,90,,
MT,SO,evisa,,,
MT,SR,eta,,,
MT,SS,evisa,,,
MT,ST,visa_free,15,,
MT,SV,visa_free,180,,
MT,SY,evisa,,,
MT,SZ,visa_free,30,,
MT,TD,evisa,,,
MT,TG,evisa,,,
MT,TH,visa_free,60,,
MT,TJ,visa_free,30,,
MT,TL,visa_free,90,,
MT,TM,visa_required,,,
MT,TN,visa_free,90,,
MT,TO,visa_free,90,,
MT,TR,visa_free,90,,
MT,TT,visa_free,90,,
MT,TV,visa_free,90,,
MT,TW,visa_free,90,,
MT,TZ,visa_free,90,,
MT,UA,visa_free,90,,
MT,UG,visa_free,90,,
MT,US,eta,,,
MT,UY,visa_free,90,,
MT,UZ,visa_free,30,,
MT,VA,visa_free,,,
MT,VC,visa_free,90,,
MT,VE,visa_free,90,,
MT,VN,evisa,,,
MT,VU,visa_free,120,,
MT,WS,visa_free,90,,
MT,XK,visa_free,90,,
MT,YE,visa_required,,,
MT,ZA,visa_free,90,,
MT,ZM,visa_free,90,,
MT,ZW,visa_free,90,,
MU,AD,visa_free,90,,
MU,AE,visa_free,30,,
MU,AF,visa_required,,,
MU,AG,visa_free,180,,
MU,AL,visa_free,90,,
MU,AM,visa_required,,,
MU,AO,visa_free,30,,
MU,AR,visa_required,,,
MU,AT,visa_free,90,,
MU,AU,evisa,,,
MU,AZ,evisa,,,
MU,BA,visa_free,90,,
MU,BB,visa_free,180,,
MU,BD,visa_required,,,
MU,BE,visa_free,90,,
MU,BF,evisa,,,
MU,BG,visa_free,90,,
MU,BH,evisa,,,
MU,BI,visa_on_arrival,,,
MU,BJ,visa_free,90,,
MU,BN,visa_required,,,
MU,BO,evisa,,,
MU,BR,visa_required,,,
MU,BS,visa_free,90,,
MU,BT,evisa,,,
MU,BW,visa_free,90,,
MU,BY,visa_required,,,
MU,BZ,visa_free,,,
MU,CA,visa_required,,,
MU,CD,visa_on_arrival,,,
MU,CF,visa_required,,,
MU,CG,visa_required,,,
MU,CH,visa_free,90,,
MU,CI,eta,,,
MU,CL,visa_free,90,,
MU,CM,evisa,,,
MU,CN,visa_free,60,,
MU,CO,evisa,,,
MU,CR,visa_free,30,,
MU,CU,evisa,,,
MU,CV,visa_on_arrival,,,
MU,CY,visa_free,90,,
MU,CZ,visa_free,90,,
MU,DE,visa_free,90,,
MU,DJ,visa_on_arrival,,,
MU,DK,visa_free,90,,
MU,DM,visa_free,180,,
MU,DO,visa_free,30,,
MU,DZ,visa_required,,,
MU,EC,visa_free,90,,
MU,EE,visa_free,90,,
MU,EG,visa_required,,,
MU,ER,visa_required,,,
MU,ES,visa_free,90,,
MU,ET,visa_on_arrival,,,
MU,FI,visa_free,90,,
MU,FJ,visa_free,120,,
MU,FM,visa_free,30,,
MU,FR,visa_free,90,,
MU,GA,visa_free,90,,
MU,GB,eta,,,
MU,GD,visa_free,90,,
MU,GE,visa_free,365,,
MU,GH,visa_free,60,,
MU,GM,visa_free,90,,
MU,GN,evisa,,,
MU,GQ,evisa,,,
MU,GR,visa_free,90,,
MU,GT,visa_required,,,
MU,GW,visa_on_arrival,,,
MU,GY,evisa,,,
MU,HN,visa_required,,,
MU,HR,visa_free,90,,
MU,HT,visa_free,90,,
MU,HU,visa_free,90,,
MU,ID,visa_on_arrival,,,
MU,IE,visa_required,,,
MU,IL,eta,,,
MU,IN,evisa,,,
MU,IQ,evisa,,,
MU,IR,visa_free,15,,
MU,IS,visa_free,90,,
MU,IT,visa_free,90,,
MU,JM,visa_free,,,
MU,JO,visa_on_arrival,,,
MU,JP,visa_free,90,,
MU,KE,visa_free,90,,
MU,KG,evisa,,,
MU,KH,visa_on_arrival,,,
MU,KI,visa_free,90,,
MU,KM,visa_on_arrival,,,
MU,KN,eta,,,
MU,KP,visa_required,,,
MU,KR,eta,,,
MU,KW,visa_required,,,
MU,KZ,evisa,,,
MU,LA,visa_on_arrival,,,
MU,LB,visa_required,,,
MU,LC,visa_free,42,,
MU,LI,visa_free,90,,
MU,LK,eta,,,
MU,LR,evisa,,,
MU,LS,visa_free,90,,
MU,LT,visa_free,90,,
MU,LU,visa_free,90,,
MU,LV,visa_free,90,,
MU,LY,evisa,,,
MU,MA,visa_required,,,
MU,MC,visa_free,90,,
MU,MD,visa_free,90,,
MU,ME,visa_free,90,,
MU,MG,visa_on_arrival,,,
MU,MH,visa_on_arrival,,,
MU,MK,visa_free,90,,
MU,ML,visa_required,,,
MU,MM,evisa,,,
MU,MN,evisa,,,
MU,MR,evisa,,,
MU,MT,visa_free,90,,
MU,MV,visa_on_arrival,,,
MU,MW,visa_free,90,,
MU,MX,visa_required,,,
MU,MY,visa_free,30,,
MU,MZ,visa_free,,,
MU,NA,visa_free,90,,
MU,NE,visa_required,,,
MU,NG,evisa,,,
MU,NI,visa_on_arrival,,,
MU,NL,visa_free,90,,
MU,NO,visa_free,90,,
MU,NP,visa_on_arrival,,,
MU,NR,visa_required,,,
MU,NZ,eta,,,
MU,OM,evisa,,,
MU,PA,visa_free,90,,
MU,PE,visa_required,,,
MU,PG,eta,,,
MU,PH,visa_free,30,,
MU,PK,evisa,,,
MU,PL,visa_free,90,,
MU,PS,visa_free,,,
MU,PT,visa_free,90,,
MU,PW,visa_on_arrival,,,
MU,PY,visa_required,,,
MU,QA,visa_on_arrival,,,
MU,RO,visa_free,90,,
MU,RS,visa_required,,,
MU,RU,visa_free,60,,
MU,RW,visa_free,90,,
MU,SA,visa_on_arrival,,,
MU,SB,visa_required,,,
MU,SC,visa_free,90,,
MU,SD,visa_required,,,
MU,SE,visa_free,90,,
MU,SG,visa_free,30,,
MU,SI,visa_free,90,,
MU,SK,visa_free,90,,
MU,SL,visa_on_arrival,,,
MU,SM,visa_free,90,,
MU,SN,visa_free,90,,
MU,SO,evisa,,,
MU,SR,eta,,,
MU,SS,evisa,,,
MU,ST,evisa,,,
MU,SV,evisa,,,
MU,SY,evisa,,,
MU,SZ,visa_free,30,,
MU,TD,evisa,,,
MU,TG,evisa,,,
MU,TH,visa_free,60,,
MU,TJ,evisa,,,
MU,TL,visa_on_arrival,,,
MU,TM,visa_required,,,
MU,TN,visa_free,90,,
MU,TO,visa_required,,,
MU,TR,visa_on_arrival,,,
MU,TT,visa_free,,,
MU,TV,visa_on_arrival,,,
MU,TW,evisa,,,
MU,TZ,visa_free,90,,
MU,UA,evisa,,,
MU,UG,visa_free,90,,
MU,US,visa_required,,,
MU,UY,visa_required,,,
MU,UZ,evisa,,,
MU,VA,visa_free,90,,
MU,VC,visa_free,90,,
MU,VE,visa_required,,,
MU,VN,evisa,,,
MU,VU,visa_free,120,,
MU,WS,visa_on_arrival,,,
MU,XK,visa_free,90,,
MU,YE,visa_required,,,
MU,ZA,visa_free,30,,
MU,ZM,visa_free,90,,
MU,ZW,visa_free,90,,
MV,AD,visa_required,,,
MV,AE,visa_free,90,,
MV,AF,visa_required,,,
MV,AG,visa_free,180,,
MV,AL,evisa,,,
MV,AM,evisa,,,
MV,AO,visa_required,,,
MV,AR,visa_required,,,
MV,AT,visa_required,,,
MV,AU,evisa,,,
MV,AZ,evisa,,,
MV,BA,visa_required,,,
MV,BB,visa_free,180,,
MV,BD,visa_free,90,,
MV,BE,visa_required,,,
MV,BF,evisa,,,
MV,BG,visa_required,,,
MV,BH,evisa,,,
MV,BI,visa_on_arrival,,,
MV,BJ,evisa,,,
MV,BN,visa_free,14,,
MV,BO,evisa,,,
MV,BR,visa_required,,,
MV,BS,visa_free,90,,
MV,BT,visa_free,14,,
MV,BW,visa_free,90,,
MV,BY,visa_required,,,
MV,BZ,visa_free,,,
MV,CA,visa_required,,,
MV,CD,evisa,,,
MV,CF,visa_required,,,
MV,CG,visa_required,,,
MV,CH,visa_required,,,
MV,CI,eta,,,
MV,CL,visa_required,,,
MV,CM,evisa,,,
MV,CN,visa_free,30,,
MV,CO,evisa,,,
MV,CR,visa_free,30,,
MV,CU,evisa,,,
MV,CV,visa_on_arrival,,,
MV,CY,visa_required,,,
MV,CZ,visa_required,,,
MV,DE,visa_required,,,
MV,DJ,visa_on_arrival,,,
MV,DK,visa_required,,,
MV,DM,visa_free,180,,
MV,DO,visa_required,,,
MV,DZ,visa_required,,,
MV,EC,visa_free,90,,
MV,EE,visa_required,,,
MV,EG,visa_required,,,
MV,ER,visa_required,,,
MV,ES,visa_required,,,
MV,ET,evisa,,,
MV,FI,visa_required,,,
MV,FJ,visa_free,120,,
MV,FM,visa_free,30,,
MV,FR,visa_required,,,
MV,GA,evisa,,,
MV,GB,eta,,,
MV,GD,visa_free,90,,
MV,GE,evisa,,,
MV,GH,visa_required,,,
MV,GM,visa_free,90,,
MV,GN,evisa,,,
MV,GQ,evisa,,,
MV,GR,visa_required,,,
MV,GT,visa_required,,,
MV,GW,visa_on_arrival,,,
MV,GY,visa_free,30,,
MV,HN,visa_required,,,
MV,HR,visa_required,,,
MV,HT,visa_free,90,,
MV,HU,visa_required,,,
MV,ID,visa_on_arrival,,,
MV,IE,visa_free,90,,
MV,IL,evisa,,,
MV,IN,visa_free,90,,
MV,IQ,evisa,,,
MV,IR,visa_on_arrival,,,
MV,IS,visa_required,,,
MV,IT,visa_required,,,
MV,JM,visa_free,,,
MV,JO,visa_on_arrival,,,
MV,JP,visa_required,,,
MV,KE,visa_free,90,,
MV,KG,visa_free,30,,
MV,KH,visa_on_arrival,,,
MV,KI,visa_free,90,,
MV,KM,visa_on_arrival,,,
MV,KN,eta,,,
MV,KP,visa_required,,,
MV,KR,evisa,,,
MV,KW,visa_required,,,
MV,KZ,visa_free,30,,
MV,LA,visa_on_arrival,,,
MV,LB,visa_required,,,
MV,LC,visa_free,42,,
MV,LI,visa_required,,,
MV,LK,eta,,,
MV,LR,evisa,,,
MV,LS,visa_free,90,,
MV,LT,visa_required,,,
MV,LU,visa_required,,,
MV,LV,visa_required,,,
MV,LY,evisa,,,
MV,MA,visa_free,30,,
MV,MC,visa_required,,,
MV,MD,evisa,,,
MV,ME,visa_required,,,
MV,MG,visa_on_arrival,,,
MV,MH,visa_on_arrival,,,
MV,MK,visa_required,,,
MV,ML,visa_required,,,
MV,MM,evisa,,,
MV,MN,visa_free,30,,
MV,MR,evisa,,,
MV,MT,visa_required,,,
MV,MU,visa_free,90,,
MV,MW,evisa,,,
MV,MX,visa_required,,,
MV,MY,visa_free,90,,
MV,MZ,visa_on_arrival,,,
MV,NA,visa_on_arrival,,,
MV,NE,visa_required,,,
MV,NG,evisa,,,
MV,NI,visa_on_arrival,,,
MV,NL,visa_required,,,
MV,NO,visa_required,,,
MV,NP,visa_on_arrival,,,
MV,NR,visa_required,,,
MV,NZ,visa_required,,,
MV,OM,evisa,,,
MV,PA,visa_free,90,,
MV,PE,visa_required,,,
MV,PG,eta,,,
MV,PH,visa_free,30,,
MV,PK,visa_free,90,,
MV,PL,visa_required,,,
MV,PS,visa_free,,,
MV,PT,visa_required,,,
MV,PW,visa_on_arrival,,,
MV,PY,visa_required,,,
MV,QA,visa_on_arrival,,,
MV,RO,visa_required,,,
MV,RS,visa_required,,,
MV,RU,visa_free,90,,
MV,RW,visa_free,30,,
MV,SA,visa_on_arrival,,,
MV,SB,visa_on_arrival,,,
MV,SC,visa_free,90,,
MV,SD,visa_required,,,
MV,SE,visa_required,,,
MV,SG,visa_free,30,,
MV,SI,visa_required,,,
MV,SK,visa_required,,,
MV,SL,evisa,,,
MV,SM,visa_required,,,
MV,SN,visa_required,,,
MV,SO,evisa,,,
MV,SR,eta,,,
MV,SS,evisa,,,
MV,ST,evisa,,,
MV,SV,evisa,,,
MV,SY,evisa,,,
MV,SZ,visa_free,30,,
MV,TD,evisa,,,
MV,TG,evisa,,,
MV,TH,visa_free,60,,
MV,TJ,visa_free,30,,
MV,TL,visa_on_arrival,,,
MV,TM,visa_required,,,
MV,TN,visa_free,90,,
MV,TO,visa_required,,,
MV,TR,visa_on_arrival,,,
MV,TT,visa_free,,,
MV,TV,visa_on_arrival,,,
MV,TW,visa_required,,,
MV,TZ,visa_on_arrival,,,
MV,UA,evisa,,,
MV,UG,evisa,,,
MV,US,visa_required,,,
MV,UY,visa_required,,,
MV,UZ,evisa,,,
MV,VA,visa_required,,,
MV,VC,visa_free,90,,
MV,VE,visa_free,90,,
MV,VN,evisa,,,
MV,VU,visa_free,120,,
MV,WS,visa_on_arrival,,,
MV,XK,visa_free,90,,
MV,YE,visa_required,,,
MV,ZA,visa_free,30,,
MV,ZM,visa_free,90,,
MV,ZW,visa_free,90,,
MW,AD,visa_required,,,
MW,AE,evisa,,,
MW,AF,visa_required,,,
MW,AG,visa_free,180,,
MW,AL,evisa,,,
MW,AM,visa_required,,,
MW,AO,visa_free,30,,
MW,AR,visa_required,,,
MW,AT,visa_required,,,
MW,AU,evisa,,,
MW,AZ,visa_required,,,
MW,BA,visa_required,,,
MW,BB,visa_free,180,,
MW,BD,visa_free,90,,
MW,BE,visa_required,,,
MW,BF,evisa,,,
MW,BG,visa_required,,,
MW,BH,evisa,,,
MW,BI,visa_on_arrival,,,
MW,BJ,visa_free,90,,
MW,BN,visa_required,,,
MW,BO,evisa,,,
MW,BR,visa_required,,,
MW,BS,visa_free,90,,
MW,BT,evisa,,,
MW,BW,visa_free,90,,
MW,BY,visa_required,,,
MW,BZ,visa_free,,,
MW,CA,visa_required,,,
MW,CD,evisa,,,
MW,CF,visa_required,,,
MW,CG,visa_required,,,
MW,CH,visa_required,,,
MW,CI,eta,,,
MW,CL,visa_required,,,
MW,CM,evisa,,,
MW,CN,visa_required,,,
MW,CO,evisa,,,
MW,CR,visa_required,,,
MW,CU,evisa,,,
MW,CV,visa_required,,,
MW,CY,visa_required,,,
MW,CZ,visa_required,,,
MW,DE,visa_required,,,
MW,DJ,visa_on_arrival,,,
MW,DK,visa_required,,,
MW,DM,visa_free,180,,
MW,DO,visa_required,,,
MW,DZ,visa_required,,,
MW,EC,visa_free,90,,
MW,EE,visa_required,,,
MW,EG,visa_required,,,
MW,ER,visa_required,,,
MW,ES,visa_required,,,
MW,ET,visa_on_arrival,,,
MW,FI,visa_required,,,
MW,FJ,visa_free,120,,
MW,FM,visa_free,30,,
MW,FR,visa_required,,,
MW,GA,evisa,,,
MW,GB,visa_required,,,
MW,GD,visa_free,90,,
MW,GE,evisa,,,
MW,GH,visa_free,90,,
MW,GM,visa_free,90,,
MW,GN,evisa,,,
MW,GQ,evisa,,,
MW,GR,visa_required,,,
MW,GT,visa_required,,,
MW,GW,visa_on_arrival,,,
MW,GY,evisa,,,
MW,HN,visa_required,,,
MW,HR,visa_required,,,
MW,HT,visa_free,90,,
MW,HU,visa_required,,,
MW,ID,evisa,,,
MW,IE,visa_required,,,
MW,IL,eta,,,
MW,IN,evisa,,,
MW,IQ,evisa,,,
MW,IR,visa_on_arrival,,,
MW,IS,visa_required,,,
MW,IT,visa_required,,,
MW,JM,visa_free,,,
MW,JO,visa_on_arrival,,,
MW,JP,visa_required,,,
MW,KE,visa_free,90,,
MW,KG,evisa,,,
MW,KH,visa_on_arrival,,,
MW,KI,visa_free,90,,
MW,KM,visa_on_arrival,,,
MW,KN,eta,,,
MW,KP,visa_required,,,
MW,KR,evisa,,,
MW,KW,visa_required,,,
MW,KZ,evisa,,,
MW,LA,visa_on_arrival,,,
MW,LB,visa_required,,,
MW,LC,visa_free,42,,
MW,LI,visa_required,,,
MW,LK,eta,,,
MW,LR,evisa,,,
MW,LS,visa_free,90,,
MW,LT,visa_required,,,
MW,LU,visa_required,,,
MW,LV,visa_required,,,
MW,LY,evisa,,,
MW,MA,visa_required,,,
MW,MC,visa_required,,,
MW,MD,evisa,,,
MW,ME,visa_required,,,
MW,MG,visa_on_arrival,,,
MW,MH,visa_required,,,
MW,MK,visa_required,,,
MW,ML,visa_required,,,
MW,MM,visa_required,,,
MW,MN,evisa,,,
MW,MR,evisa,,,
MW,MT,visa_required,,,
MW,MU,visa_free,90,,
MW,MV,visa_on_arrival,,,
MW,MX,visa_required,,,
MW,MY,visa_free,30,,
MW,MZ,visa_free,,,
MW,NA,visa_free,90,,
MW,NE,visa_required,,,
MW,NG,evisa,,,
MW,NI,visa_on_arrival,,,
MW,NL,visa_required,,,
MW,NO,visa_required,,,
MW,NP,visa_on_arrival,,,
MW,NR,visa_required,,,
MW,NZ,visa_required,,,
MW,OM,evisa,,,
MW,PA,visa_required,,,
MW,PE,visa_required,,,
MW,PG,evisa,,,
MW,PH,visa_free,30,,
MW,PK,evisa,,,
MW,PL,visa_required,,,
MW,PS,visa_free,,,
MW,PT,visa_required,,,
MW,PW,visa_on_arrival,,,
MW,PY,visa_required,,,
MW,QA,evisa,,,
MW,RO,visa_required,,,
MW,RS,visa_required,,,
MW,RU,visa_required,,,
MW,RW,visa_free,30,,
MW,SA,evisa,,,
MW,SB,visa_required,,,
MW,SC,visa_free,90,,
MW,SD,visa_required,,,
MW,SE,visa_required,,,
MW,SG,visa_free,30,,
MW,SI,visa_required,,,
MW,SK,visa_required,,,
MW,SL,visa_on_arrival,,,
MW,SM,visa_required,,,
MW,SN,visa_on_arrival,,,
MW,SO,evisa,,,
MW,SR,eta,,,
MW,SS,evisa,,,
MW,ST,evisa,,,
MW,SV,evisa,,,
MW,SY,evisa,,,
MW,SZ,visa_free,30,,
MW,TD,evisa,,,
MW,TG,evisa,,,
MW,TH,evisa,,,
MW,TJ,evisa,,,
MW,TL,visa_on_arrival,,,
MW,TM,visa_required,,,
MW,TN,visa_required,,,
MW,TO,visa_required,,,
MW,TR,visa_required,,,
MW,TT,visa_free,,,
MW,TV,visa_on_arrival,,,
MW,TW,visa_required,,,
MW,TZ,visa_free,90,,
MW,UA,visa_required,,,
MW,UG,visa_free,90,,
MW,US,visa_required,,,
MW,UY,visa_required,,,
MW,UZ,visa_required,,,
MW,VA,visa_required,,,
MW,VC,visa_free,90,,
MW,VE,visa_required,,,
MW,VN,evisa,,,
MW,VU,visa_free,120,,
MW,WS,visa_on_arrival,,,
MW,XK,visa_free,90,,
MW,YE,visa_required,,,
MW,ZA,visa_free,30,,
MW,ZM,visa_free,90,,
MW,ZW,visa_free,90,,
MX,AD,visa_free,90,,
MX,AE,visa_free,180,,
MX,AF,visa_required,,,
MX,AG,visa_free,180,,
MX,AL,visa_free,90,,
MX,AM,visa_on_arrival,,,
MX,AO,visa_free,30,,
MX,AR,visa_free,90,,
MX,AT,visa_free,90,,
MX,AU,evisa,,,
MX,AZ,evisa,,,
MX,BA,visa_free,90,,
MX,BB,visa_free,28,,
MX,BD,visa_required,,,
MX,BE,visa_free,90,,
MX,BF,evisa,,,
MX,BG,visa_free,90,,
MX,BH,visa_on_arrival,,,
MX,BI,visa_on_arrival,,,
MX,BJ,evisa,,,
MX,BN,visa_required,,,
MX,BO,visa_free,90,,
MX,BR,visa_free,90,,
MX,BS,visa_free,90,,
MX,BT,evisa,,,
MX,BW,visa_free,90,,
MX,BY,visa_free,30,,
MX,BZ,visa_free,30,,
MX,CA,visa_required,,,
MX,CD,evisa,,,
MX,CF,visa_required,,,
MX,CG,visa_required,,,
MX,CH,visa_free,90,,
MX,CI,eta,,,
MX,CL,visa_free,90,,
MX,CM,evisa,,,
MX,CN,visa_required,,,
MX,CO,visa_free,90,,
MX,CR,visa_free,180,,
MX,CU,evisa,,,
MX,CV,visa_required,,,
MX,CY,visa_free,90,,
MX,CZ,visa_free,90,,
MX,DE,visa_free,90,,
MX,DJ,visa_on_arrival,,,
MX,DK,visa_free,90,,
MX,DM,visa_free,180,,
MX,DO,visa_free,30,,
MX,DZ,visa_required,,,
MX,EC,visa_free,90,,
MX,EE,visa_free,90,,
MX,EG,visa_on_arrival,,,
MX,ER,visa_required,,,
MX,ES,visa_free,90,,
MX,ET,visa_on_arrival,,,
MX,FI,visa_free,90,,
MX,FJ,visa_free,120,,
MX,FM,visa_free,30,,
MX,FR,visa_free,90,,
MX,GA,evisa,,,
MX,GB,eta,,,
MX,GD,visa_free,90,,
MX,GE,visa_free,365,,
MX,GH,visa_required,,,
MX,GM,visa_required,,,
MX,GN,evisa,,,
MX,GQ,evisa,,,
MX,GR,visa_free,90,,
MX,GT,visa_free,90,,
MX,GW,visa_on_arrival,,,
MX,GY,evisa,,,
MX,HN,visa_free,90,,
MX,HR,visa_free,90,,
MX,HT,visa_free,90,,
MX,HU,visa_free,90,,
MX,ID,visa_on_arrival,,,
MX,IE,visa_free,90,,
MX,IL,eta,,,
MX,IN,evisa,,,
MX,IQ,evisa,,,
MX,IR,visa_free,15,,
MX,IS,visa_free,90,,
MX,IT,visa_free,90,,
MX,JM,visa_free,90,,
MX,JO,visa_on_arrival,,,
MX,JP,visa_free,90,,
MX,KE,eta,,,
MX,KG,visa_free,60,,
MX,KH,visa_on_arrival,,,
MX,KI,visa_free,90,,
MX,KM,visa_on_arrival,,,
MX,KN,eta,,,
MX,KP,visa_required,,,
MX,KR,eta,,,
MX,KW,visa_required,,,
MX,KZ,visa_free,30,,
MX,LA,visa_on_arrival,,,
MX,LB,visa_on_arrival,,,
MX,LC,visa_free,42,,
MX,LI,visa_free,90,,
MX,LK,eta,,,https://www.immigration.gov.lk/pages_e.php?id=14
MX,LR,evisa,,,
MX,LS,visa_required,,,
MX,LT,visa_free,90,,
MX,LU,visa_free,90,,
MX,LV,visa_free,90,,
MX,LY,evisa,,,
MX,MA,visa_free,90,,
MX,MC,visa_free,90,,
MX,MD,visa_free,90,,
MX,ME,visa_free,90,,
MX,MG,visa_on_arrival,,,
MX,MH,visa_on_arrival,,,
MX,MK,visa_free,90,,
MX,ML,visa_required,,,
MX,MM,evisa,,,
MX,MN,evisa,,,
MX,MR,evisa,,,
MX,MT,visa_free,90,,
MX,MU,visa_free,90,,
MX,MV,visa_on_arrival,,,
MX,MW,evisa,,,
MX,MY,visa_free,30,,
MX,MZ,visa_on_arrival,,,
MX,NA,visa_on_arrival,,,
MX,NE,visa_required,,,
MX,NG,evisa,,,
MX,NI,visa_free,90,,
MX,NL,visa_free,90,,
MX,NO,visa_free,90,,
MX,NP,visa_on_arrival,,,
MX,NR,visa_required,,,
MX,NZ,eta,,,
MX,OM,evisa,,,
MX,PA,visa_free,90,,
MX,PE,visa_free,180,,
MX,PG,eta,,,
MX,PH,visa_free,30,,
MX,PK,evisa,,,
MX,PL,visa_free,90,,
MX,PS,visa_free,,,
MX,PT,visa_free,90,,
MX,PW,visa_on_arrival,,,
MX,PY,visa_free,90,,
MX,QA,visa_on_arrival,,,
MX,RO,visa_free,90,,
MX,RS,visa_free,90,,
MX,RU,evisa,,,
MX,RW,visa_on_arrival,,,
MX,SA,evisa,,,
MX,SB,visa_required,,,
MX,SC,visa_free,90,,
MX,SD,visa_required,,,
MX,SE,visa_free,90,,
MX,SG,visa_free,30,,
MX,SI,visa_free,90,,
MX,SK,visa_free,90,,
MX,SL,evisa,,,
MX,SM,visa_free,90,,
MX,SN,visa_required,,,
MX,SO,evisa,,,
MX,SR,eta,,,
MX,SS,evisa,,,
MX,ST,evisa,,,
MX,SV,visa_free,180,,
MX,SY,evisa,,,
MX,SZ,visa_required,,,
MX,TD,evisa,,,
MX,TG,evisa,,,
MX,TH,visa_free,60,,
MX,TJ,visa_free,30,,
MX,TL,visa_on_arrival,,,
MX,TM,visa_required,,,
MX,TN,visa_free,90,,
MX,TO,visa_required,,,
MX,TR,evisa,,,
MX,TT,visa_free,90,,
MX,TV,visa_on_arrival,,,
MX,TW,visa_required,,,
MX,TZ,visa_on_arrival,,,
MX,UA,evisa,,,
MX,UG,evisa,,,
MX,US,visa_required,,,
MX,UY,visa_free,90,,
MX,UZ,visa_free,30,,
MX,VA,visa_free,90,,
MX,VC,visa_free,90,,
MX,VE,visa_free,90,,
MX,VN,evisa,,,
MX,VU,visa_free,120,,
MX,WS,visa_on_arrival,,,
MX,XK,visa_free,90,,
MX,YE,visa_required,,,
MX,ZA,evisa,,,
MX,ZM,visa_on_arrival,,,
MX,ZW,visa_on_arrival,,,
MY,AD,visa_free,90,,
MY,AE,visa_free,30,,
MY,AF,visa_required,,,
MY,AG,visa_free,180,,
MY,AL,visa_free,90,,
MY,AM,evisa,,,
MY,AO,visa_required,,,
MY,AR,visa_free,30,,
MY,AT,visa_free,90,,
MY,AU,eta,,,
MY,AZ,visa_free,30,,
MY,BA,visa_free,90,,
MY,BB,visa_free,180,,
MY,BD,visa_on_arrival,,,
MY,BE,visa_free,90,,
MY,BF,evisa,,,
MY,BG,visa_free,90,,
MY,BH,visa_on_arrival,,,
MY,BI,visa_on_arrival,,,
MY,BJ,visa_free,30,,
MY,BN,visa_free,30,,
MY,BO,evisa,,,
MY,BR,visa_free,90,,
MY,BS,visa_free,90,,
MY,BT,evisa,,,
MY,BW,visa_free,90,,
MY,BY,visa_free,30,,
MY,BZ,visa_free,,,
MY,CA,visa_required,,,
MY,CD,evisa,,,
MY,CF,visa_required,,,
MY,CG,visa_required,,,
MY,CH,visa_free,90,,
MY,CI,eta,,,
MY,CL,visa_free,30,,
MY,CM,evisa,,,
MY,CN,visa_free,30,,
MY,CO,evisa,,,
MY,CR,visa_free,30,,
MY,CU,visa_free,90,,
MY,CV,visa_on_arrival,,,
MY,CY,visa_free,90,,
MY,CZ,visa_free,90,,
MY,DE,visa_free,90,,
MY,DJ,visa_on_arrival,,,
MY,DK,visa_free,90,,
MY,DM,visa_free,180,,
MY,DO,visa_free,30,,
MY,DZ,visa_free,90,,
MY,EC,visa_free,90,,
MY,EE,visa_free,90,,
MY,EG,visa_on_arrival,,,
MY,ER,visa_required,,,
MY,ES,visa_free,90,,
MY,ET,visa_on_arrival,,,
MY,FI,visa_free,90,,
MY,FJ,visa_free,120,,
MY,FM,visa_free,30,,
MY,FR,visa_free,90,,
MY,GA,evisa,,,
MY,GB,eta,,,
MY,GD,visa_free,90,,
MY,GE,visa_free,365,,
MY,GH,visa_required,,,
MY,GM,visa_free,90,,
MY,GN,evisa,,,
MY,GQ,evisa,,,
MY,GR,visa_free,90,,
MY,GT,visa_free,90,,
MY,GW,visa_on_arrival,,,
MY,GY,visa_free,60,,
MY,HN,visa_free,90,,
MY,HR,visa_free,90,,
MY,HT,visa_free,90,,
MY,HU,visa_free,90,,
MY,ID,visa_free,30,,
MY,IE,visa_free,90,,
MY,IL,evisa,,,
MY,IN,evisa,,,
MY,IQ,visa_free,30,,
MY,IR,visa_free,14,,
MY,IS,visa_free,90,,
MY,IT,visa_free,90,,
MY,JM,visa_free,,,
MY,JO,visa_on_arrival,,,
MY,JP,visa_free,90,,
MY,KE,visa_free,90,,
MY,KG,visa_free,90,,
MY,KH,visa_free,30,,
MY,KI,visa_free,90,,
MY,KM,visa_on_arrival,,,
MY,KN,eta,,,
MY,KP,visa_required,,,
MY,KR,eta,,,
MY,KW,visa_on_arrival,,,
MY,KZ,visa_free,30,,
MY,LA,visa_free,30,,
MY,LB,visa_on_arrival,,,
MY,LC,visa_on_arrival,,,
MY,LI,visa_free,90,,
MY,LK,eta,,,
MY,LR,evisa,,,
MY,LS,visa_free,90,,
MY,LT,visa_free,90,,
MY,LU,visa_free,90,,
MY,LV,visa_free,90,,
MY,LY,evisa,,,
MY,MA,visa_free,90,,
MY,MC,visa_free,90,,
MY,MD,visa_free,90,,
MY,ME,visa_free,90,,
MY,MG,visa_on_arrival,,,
MY,MH,visa_on_arrival,,,
MY,MK,visa_free,90,,
MY,ML,visa_required,,,
MY,MM,visa_free,14,,
MY,MN,visa_free,30,,
MY,MR,evisa,,,
MY,MT,visa_free,90,,
MY,MU,visa_free,90,,
MY,MV,visa_on_arrival,,,
MY,MW,visa_free,90,,
MY,MX,visa_free,180,,
MY,MZ,visa_on_arrival,,,
MY,NA,visa_free,90,,
MY,NE,visa_required,,,
MY,NG,evisa,,,
MY,NI,visa_free,90,,
MY,NL,visa_free,90,,
MY,NO,visa_free,90,,
MY,NP,visa_on_arrival,,,
MY,NR,visa_required,,,
MY,NZ,eta,,,
MY,OM,visa_on_arrival,,,
MY,PA,visa_free,90,,
MY,PE,visa_free,180,,
MY,PG,eta,,,
MY,PH,visa_free,30,,
MY,PK,evisa,,,
MY,PL,visa_free,90,,
MY,PS,visa_free,,,
MY,PT,visa_free,90,,
MY,PW,visa_on_arrival,,,
MY,PY,visa_required,,,
MY,QA,visa_on_arrival,,,
MY,RO,visa_free,90,,
MY,RS,visa_required,,,
MY,RU,evisa,,,
MY,RW,visa_free,30,,
MY,SA,visa_on_arrival,,,
MY,SB,visa_on_arrival,,,
MY,SC,visa_free,90,,
MY,SD,visa_on_arrival,,,
MY,SE,visa_free,90,,
MY,SG,visa_free,30,,
MY,SI,visa_free,90,,
MY,SK,visa_free,90,,
MY,SL,visa_on_arrival,,,
MY,SM,visa_free,90,,
MY,SN,visa_free,90,,
MY,SO,visa_free,30,,
MY,SR,visa_free,30,,
MY,SS,evisa,,,
MY,ST,evisa,,,
MY,SV,visa_free,180,,
MY,SY,visa_on_arrival,,,
MY,SZ,visa_free,30,,
MY,TD,evisa,,,
MY,TG,evisa,,,
MY,TH,visa_free,60,,
MY,TJ,visa_free,30,,
MY,TL,visa_free,30,,
MY,TM,visa_required,,,
MY,TN,visa_free,90,,
MY,TO,visa_on_arrival,,,
MY,TR,visa_free,90,,
MY,TT,visa_free,,,
MY,TV,visa_on_arrival,,,
MY,TW,visa_free,30,,
MY,TZ,visa_free,90,,
MY,UA,evisa,,,
MY,UG,visa_free,180,,
MY,US,visa_required,,,
MY,UY,visa_free,30,,
MY,UZ,visa_free,30,,
MY,VA,visa_free,90,,
MY,VC,visa_free,90,,
MY,VE,visa_free,90,,
MY,VN,visa_free,30,,
MY,VU,visa_free,120,,
MY,WS,visa_on_arrival,,,
MY,XK,visa_free,90,,
MY,YE,visa_on_arrival,,,
MY,ZA,visa_free,90,,
MY,ZM,visa_free,90,,
MY,ZW,visa_free,90,,
MZ,AD,visa_required,,,
MZ,AE,evisa,,,
MZ,AF,visa_required,,,
MZ,AG,evisa,,,
MZ,AL,evisa,,,
MZ,AM,visa_required,,,
MZ,AO,visa_free,30,,
MZ,AR,visa_required,,,
MZ,AT,visa_required,,,
MZ,AU,evisa,,,
MZ,AZ,visa_required,,,
MZ,BA,visa_required,,,
MZ,BB,visa_free,90,,
MZ,BD,visa_on_arrival,,,
MZ,BE,visa_required,,,
MZ,BF,evisa,,,
MZ,BG,visa_required,,,
MZ,BH,evisa,,,
MZ,BI,visa_on_arrival,,,
MZ,BJ,visa_free,90,,
MZ,BN,visa_required,,,
MZ,BO,evisa,,,
MZ,BR,visa_required,,,
MZ,BS,evisa,,,
MZ,BT,evisa,,,
MZ,BW,visa_free,90,,
MZ,BY,visa_required,,,
MZ,BZ,visa_required,,,
MZ,CA,visa_required,,,
MZ,CD,evisa,,,
MZ,CF,visa_required,,,
MZ,CG,visa_required,,,
MZ,CH,visa_required,,,
MZ,CI,eta,,,
MZ,CL,visa_required,,,
MZ,CM,evisa,,,
MZ,CN,visa_required,,,
MZ,CO,evisa,,,
MZ,CR,visa_required,,,
MZ,CU,evisa,,,
MZ,CV,visa_on_arrival,,,
MZ,CY,visa_required,,,
MZ,CZ,visa_required,,,
MZ,DE,visa_required,,,
MZ,DJ,visa_on_arrival,,,
MZ,DK,visa_required,,,
MZ,DM,visa_free,180,,
MZ,DO,visa_required,,,
MZ,DZ,visa_required,,,
MZ,EC,visa_free,90,,
MZ,EE,visa_required,,,
MZ,EG,visa_required,,,
MZ,ER,visa_required,,,
MZ,ES,visa_required,,,
MZ,ET,visa_on_arrival,,,
MZ,FI,visa_required,,,
MZ,FJ,visa_required,,,
MZ,FM,visa_free,30,,
MZ,FR,visa_required,,,
MZ,GA,evisa,,,
MZ,GB,visa_required,,,
MZ,GD,visa_free,90,,
MZ,GE,evisa,,,
MZ,GH,visa_free,90,,
MZ,GM,visa_free,90,,
MZ,GN,evisa,,,
MZ,GQ,evisa,,,
MZ,GR,visa_required,,,
MZ,GT,visa_required,,,
MZ,GW,visa_on_arrival,,,
MZ,GY,evisa,,,
MZ,HN,visa_required,,,
MZ,HR,visa_required,,,
MZ,HT,visa_free,90,,
MZ,HU,visa_required,,,
MZ,ID,visa_on_arrival,,,
MZ,IE,visa_required,,,
MZ,IL,evisa,,,
MZ,IN,evisa,,,
MZ,IQ,evisa,,,
MZ,IR,visa_on_arrival,,,
MZ,IS,visa_required,,,
MZ,IT,visa_required,,,
MZ,JM,visa_free,,,
MZ,JO,visa_required,,,
MZ,JP,visa_required,,,
MZ,KE,visa_free,90,,
MZ,KG,evisa,,,
MZ,KH,visa_on_arrival,,,
MZ,KI,visa_free,90,,
MZ,KM,visa_on_arrival,,,
MZ,KN,evisa,,,
MZ,KP,visa_required,,,
MZ,KR,evisa,,,
MZ,KW,visa_required,,,
MZ,KZ,evisa,,,
MZ,LA,visa_required,,,
MZ,LB,visa_required,,,
MZ,LC,visa_on_arrival,,,
MZ,LI,visa_required,,,
MZ,LK,eta,,,
MZ,LR,evisa,,,
MZ,LS,visa_free,30,,
MZ,LT,visa_required,,,
MZ,LU,visa_required,,,
MZ,LV,visa_required,,,
MZ,LY,evisa,,,
MZ,MA,visa_required,,,
MZ,MC,visa_required,,,
MZ,MD,evisa,,,
MZ,ME,visa_required,,,
MZ,MG,visa_on_arrival,,,
MZ,MH,visa_required,,,
MZ,MK,visa_required,,,
MZ,ML,visa_required,,,
MZ,MM,visa_required,,,
MZ,MN,evisa,,,
MZ,MR,evisa,,,
MZ,MT,visa_required,,,
MZ,MU,visa_free,90,,
MZ,MV,visa_on_arrival,,,
MZ,MW,visa_free,90,,
MZ,MX,visa_required,,,
MZ,MY,evisa,,,
MZ,NA,visa_free,90,,
MZ,NE,visa_required,,,
MZ,NG,evisa,,,
MZ,NI,visa_on_arrival,,,
MZ,NL,visa_required,,,
MZ,NO,visa_required,,,
MZ,NP,visa_on_arrival,,,
MZ,NR,visa_required,,,
MZ,NZ,visa_required,,,
MZ,OM,evisa,,,
MZ,PA,visa_required,,,
MZ,PE,visa_required,,,
MZ,PG,evisa,,,
MZ,PH,visa_free,30,,
MZ,PK,evisa,,,
MZ,PL,visa_required,,,
MZ,PS,visa_required,,,
MZ,PT,visa_required,,,
MZ,PW,visa_on_arrival,,,
MZ,PY,visa_required,,,
MZ,QA,evisa,,,
MZ,RO,visa_required,,,
MZ,RS,visa_required,,,
MZ,RU,visa_required,,,
MZ,RW,visa_free,30,,
MZ,SA,evisa,,,
MZ,SB,visa_required,,,
MZ,SC,visa_free,90,,
MZ,SD,visa_required,,,
MZ,SE,visa_required,,,
MZ,SG,visa_free,30,,
MZ,SI,visa_required,,,
MZ,SK,visa_required,,,
MZ,SL,visa_on_arrival,,,
MZ,SM,visa_required,,,
MZ,SN,visa_required,,,
MZ,SO,evisa,,,
MZ,SR,eta,,,
MZ,SS,evisa,,,
MZ,ST,visa_free,,,
MZ,SV,evisa,,,
MZ,SY,evisa,,,
MZ,SZ,visa_free,30,,
MZ,TD,evisa,,,
MZ,TG,evisa,,,
MZ,TH,evisa,,,
MZ,TJ,evisa,,,
MZ,TL,visa_on_arrival,,,
MZ,TM,visa_required,,,
MZ,TN,visa_required,,,
MZ,TO,visa_required,,,
MZ,TR,visa_required,,,
MZ,TT,visa_required,,,
MZ,TV,visa_on_arrival,,,
MZ,TW,visa_required,,,
MZ,TZ,visa_free,90,,
MZ,UA,visa_required,,,
MZ,UG,visa_free,90,,
MZ,US,visa_required,,,
MZ,UY,visa_required,,,
MZ,UZ,visa_required,,,
MZ,VA,visa_required,,,
MZ,VC,visa_free,90,,
MZ,VE,visa_required,,,
MZ,VN,evisa,,,
MZ,VU,visa_free,120,,
MZ,WS,visa_on_arrival,,,
MZ,XK,visa_required,,,
MZ,YE,visa_required,,,
MZ,ZA,visa_free,30,,
MZ,ZM,visa_free,90,,
MZ,ZW,visa_free,90,,
NA,AD,visa_required,,,
NA,AE,evisa,,,
NA,AF,visa_required,,,
NA,AG,visa_free,180,,
NA,AL,evisa,,,
NA,AM,visa_required,,,
NA,AO,visa_free,,,
NA,AR,visa_required,,,
NA,AT,visa_required,,,
NA,AU,evisa,,,
NA,AZ,visa_required,,,
NA,BA,visa_required,,,
NA,BB,visa_free,90,,
NA,BD,visa_on_arrival,,,
NA,BE,visa_required,,,
NA,BF,evisa,,,
NA,BG,visa_required,,,
NA,BH,evisa,,,
NA,BI,visa_on_arrival,,,
NA,BJ,visa_free,90,,
NA,BN,visa_required,,,
NA,BO,evisa,,,
NA,BR,visa_free,90,,
NA,BS,visa_free,90,,
NA,BT,evisa,,,
NA,BW,visa_free,90,,
NA,BY,visa_required,,,
NA,BZ,visa_free,,,
NA,CA,visa_required,,,
NA,CD,evisa,,,
NA,CF,visa_required,,,
NA,CG,visa_required,,,
NA,CH,visa_required,,,
NA,CI,eta,,,
NA,CL,visa_required,,,
NA,CM,evisa,,,
NA,CN,visa_required,,,
NA,CO,evisa,,,
NA,CR,visa_required,,,
NA,CU,visa_free,,,
NA,CV,visa_required,,,
NA,CY,visa_required,,,
NA,CZ,visa_required,,,
NA,DE,visa_required,,,
NA,DJ,visa_on_arrival,,,
NA,DK,visa_required,,,
NA,DM,visa_free,180,,
NA,DO,visa_free,30,,
NA,DZ,visa_required,,,
NA,EC,visa_free,90,,
NA,EE,visa_required,,,
NA,EG,visa_required,,,
NA,ER,visa_required,,,
NA,ES,visa_required,,,
NA,ET,visa_on_arrival,,,
NA,FI,visa_required,,,
NA,FJ,visa_required,,,
NA,FM,visa_free,30,,
NA,FR,visa_required,,,
NA,GA,evisa,,,
NA,GB,visa_required,,,
NA,GD,visa_free,90,,
NA,GE,evisa,,,
NA,GH,visa_required,,,
NA,GM,visa_free,90,,
NA,GN,visa_free,,,
NA,GQ,evisa,,,
NA,GR,visa_required,,,
NA,GT,visa_required,,,
NA,GW,visa_on_arrival,,,
NA,GY,evisa,,,
NA,HN,visa_required,,,
NA,HR,visa_required,,,
NA,HT,visa_free,90,,
NA,HU,visa_required,,,
NA,ID,evisa,,,
NA,IE,visa_required,,,
NA,IL,evisa,,,
NA,IN,evisa,,,
NA,IQ,evisa,,,
NA,IR,visa_on_arrival,,,
NA,IS,visa_required,,,
NA,IT,visa_required,,,
NA,JM,visa_free,,,
NA,JO,visa_required,,,
NA,JP,visa_required,,,
NA,KE,visa_free,90,,
NA,KG,evisa,,,
NA,KH,visa_on_arrival,,,
NA,KI,visa_free,90,,
NA,KM,visa_on_arrival,,,
NA,KN,evisa,,,
NA,KP,visa_required,,,
NA,KR,evisa,,,
NA,KW,visa_required,,,
NA,KZ,evisa,,,
NA,LA,visa_on_arrival,,,
NA,LB,visa_required,,,
NA,LC,visa_free,42,,
NA,LI,visa_required,,,
NA,LK,eta,,,
NA,LR,evisa,,,
NA,LS,visa_free,90,,
NA,LT,visa_required,,,
NA,LU,visa_required,,,
NA,LV,visa_required,,,
NA,LY,evisa,,,
NA,MA,visa_required,,,
NA,MC,visa_required,,,
NA,MD,evisa,,,
NA,ME,visa_required,,,
NA,MG,visa_on_arrival,,,
NA,MH,visa_required,,,
NA,MK,visa_required,,,
NA,ML,visa_required,,,
NA,MM,visa_required,,,
NA,MN,evisa,,,
NA,MR,evisa,,,
NA,MT,visa_required,,,
NA,MU,visa_free,90,,
NA,MV,visa_on_arrival,,,
NA,MW,visa_free,90,,
NA,MX,visa_required,,,
NA,MY,visa_free,30,,
NA,MZ,visa_on_arrival,,,
NA,NE,visa_required,,,
NA,NG,evisa,,,
NA,NI,visa_on_arrival,,,
NA,NL,visa_required,,,
NA,NO,visa_required,,,
NA,NP,visa_on_arrival,,,
NA,NR,visa_required,,,
NA,NZ,visa_required,,,
NA,OM,evisa,,,
NA,PA,visa_free,90,,
NA,PE,visa_required,,,
NA,PG,eta,,,
NA,PH,visa_free,30,,
NA,PK,evisa,,,
NA,PL,visa_required,,,
NA,PS,visa_required,,,
NA,PT,visa_required,,,
NA,PW,visa_on_arrival,,,
NA,PY,visa_required,,,
NA,QA,evisa,,,
NA,RO,visa_required,,,
NA,RS,visa_required,,,
NA,RU,visa_free,90,,
NA,RW,visa_free,30,,
NA,SA,evisa,,,
NA,SB,visa_required,,,
NA,SC,visa_free,90,,
NA,SD,visa_required,,,
NA,SE,visa_required,,,
NA,SG,visa_free,30,,
NA,SI,visa_required,,,
NA,SK,visa_required,,,
NA,SL,visa_on_arrival,,,
NA,SM,visa_required,,,
NA,SN,visa_on_arrival,,,
NA,SO,evisa,,,
NA,SR,eta,,,
NA,SS,evisa,,,
NA,ST,evisa,,,
NA,SV,evisa,,,
NA,SY,evisa,,,
NA,SZ,visa_free,30,,
NA,TD,evisa,,,
NA,TG,evisa,,,
NA,TH,visa_on_arrival,,,
NA,TJ,evisa,,,
NA,TL,visa_on_arrival,,,
NA,TM,visa_required,,,
NA,TN,visa_free,90,,
NA,TO,visa_required,,,
NA,TR,visa_required,,,
NA,TT,visa_free,,,
NA,TV,visa_on_arrival,,,
NA,TW,visa_required,,,
NA,TZ,visa_free,90,,
NA,UA,visa_required,,,
NA,UG,evisa,,,
NA,US,visa_required,,,
NA,UY,visa_required,,,
NA,UZ,visa_required,,,
NA,VA,visa_required,,,
NA,VC,visa_free,90,,
NA,VE,visa_required,,,
NA,VN,evisa,,,
NA,VU,visa_free,120,,
NA,WS,visa_on_arrival,,,
NA,XK,visa_free,90,,
NA,YE,visa_required,,,
NA,ZA,visa_free,90,,
NA,ZM,visa_free,90,,
NA,ZW,visa_free,90,,
NE,AD,visa_required,,,
NE,AE,evisa,,,
NE,AF,visa_required,,,
NE,AG,evisa,,,
NE,AL,evisa,,,
NE,AM,visa_required,,,
NE,AO,visa_required,,,
NE,AR,visa_required,,,
NE,AT,visa_required,,,
NE,AU,evisa,,,
NE,AZ,visa_required,,,
NE,BA,visa_required,,,
NE,BB,visa_free,90,,
NE,BD,visa_on_arrival,,,
NE,BE,visa_required,,,
NE,BF,visa_free,,,
NE,BG,visa_required,,,
NE,BH,evisa,,,
NE,BI,visa_on_arrival,,,
NE,BJ,visa_free,90,,
NE,BN,visa_required,,,
NE,BO,evisa,,,
NE,BR,visa_required,,,
NE,BS,evisa,,,
NE,BT,evisa,,,
NE,BW,evisa,,,
NE,BY,visa_required,,,
NE,BZ,visa_required,,,
NE,CA,visa_required,,,
NE,CD,evisa,,,
NE,CF,visa_free,90,,
NE,CG,visa_on_arrival,,,
NE,CH,visa_required,,,
NE,CI,visa_free,90,,
NE,CL,visa_required,,,
NE,CM,evisa,,,
NE,CN,visa_required,,,
NE,CO,evisa,,,
NE,CR,visa_required,,,
NE,CU,evisa,,,
NE,CV,visa_free,,,
NE,CY,visa_required,,,
NE,CZ,visa_required,,,
NE,DE,visa_required,,,
NE,DJ,visa_on_arrival,,,
NE,DK,visa_required,,,
NE,DM,visa_free,21,,
NE,DO,visa_required,,,
NE,DZ,visa_required,,,
NE,EC,visa_free,90,,
NE,EE,visa_required,,,
NE,EG,visa_required,,,
NE,ER,visa_required,,,
NE,ES,visa_required,,,
NE,ET,visa_on_arrival,,,
NE,FI,visa_required,,,
NE,FJ,visa_required,,,
NE,FM,visa_free,30,,
NE,FR,visa_required,,,
NE,GA,evisa,,,
NE,GB,visa_required,,,
NE,GD,visa_required,,,
NE,GE,visa_required,,,
NE,GH,visa_free,90,,
NE,GM,visa_free,90,,
NE,GN,visa_free,,,
NE,GQ,evisa,,,
NE,GR,visa_required,,,
NE,GT,visa_required,,,
NE,GW,visa_free,,,
NE,GY,evisa,,,
NE,HN,visa_required,,,
NE,HR,visa_required,,,
NE,HT,visa_free,90,,
NE,HU,visa_required,,,
NE,ID,evisa,,,
NE,IE,visa_required,,,
NE,IL,evisa,,,
NE,IN,evisa,,,
NE,IQ,evisa,,,
NE,IR,visa_on_arrival,,,
NE,IS,visa_required,,,
NE,IT,visa_required,,,
NE,JM,visa_required,,,
NE,JO,visa_required,,,
NE,JP,visa_required,,,
NE,KE,visa_free,60,,
NE,KG,evisa,,,
NE,KH,visa_on_arrival,,,
NE,KI,visa_required,,,
NE,KM,visa_on_arrival,,,
NE,KN,evisa,,,
NE,KP,visa_required,,,
NE,KR,evisa,,,
NE,KW,visa_required,,,
NE,KZ,evisa,,,
NE,LA,visa_required,,,
NE,LB,visa_required,,,
NE,LC,visa_required,,,
NE,LI,visa_required,,,
NE,LK,eta,,,
NE,LR,visa_free,,,
NE,LS,visa_required,,,
NE,LT,visa_required,,,
NE,LU,visa_required,,,
NE,LV,visa_required,,,
NE,LY,evisa,,,
NE,MA,eta,,,
NE,MC,visa_required,,,
NE,MD,evisa,,,
NE,ME,visa_required,,,
NE,MG,visa_on_arrival,,,
NE,MH,visa_required,,,
NE,MK,visa_required,,,
NE,ML,visa_free,,,
NE,MM,visa_required,,,
NE,MN,visa_required,,,
NE,MR,visa_free,90,,
NE,MT,visa_required,,,
NE,MU,visa_on_arrival,,,
NE,MV,visa_on_arrival,,,
NE,MW,evisa,,,
NE,MX,visa_required,,,
NE,MY,evisa,,,
NE,MZ,visa_on_arrival,,,
NE,NA,visa_on_arrival,,,
NE,NG,visa_free,,,
NE,NI,visa_on_arrival,,,
NE,NL,visa_required,,,
NE,NO,visa_required,,,
NE,NP,visa_on_arrival,,,
NE,NR,visa_required,,,
NE,NZ,visa_required,,,
NE,OM,evisa,,,
NE,PA,visa_required,,,
NE,PE,visa_required,,,
NE,PG,evisa,,,
NE,PH,visa_free,30,,
NE,PK,evisa,,,
NE,PL,visa_required,,,
NE,PS,visa_required,,,
NE,PT,visa_required,,,
NE,PW,visa_on_arrival,,,
NE,PY,visa_required,,,
NE,QA,evisa,,,
NE,RO,visa_required,,,
NE,RS,visa_required,,,
NE,RU,visa_required,,,
NE,RW,visa_free,30,,
NE,SA,visa_required,,,
NE,SB,visa_required,,,
NE,SC,visa_free,90,,
NE,SD,visa_required,,,
NE,SE,visa_required,,,
NE,SG,visa_free,30,,
NE,SI,visa_required,,,
NE,SK,visa_required,,,
NE,SL,visa_free,,,
NE,SM,visa_required,,,
NE,SN,visa_free,90,,
NE,SO,evisa,,,
NE,SR,eta,,,
NE,SS,evisa,,,
NE,ST,evisa,,,
NE,SV,evisa,,,
NE,SY,evisa,,,
NE,SZ,visa_required,,,
NE,TD,visa_free,90,,
NE,TG,visa_free,,,
NE,TH,evisa,,,
NE,TJ,evisa,,,
NE,TL,visa_on_arrival,,,
NE,TM,visa_required,,,
NE,TN,visa_free,,,
NE,TO,visa_required,,,
NE,TR,visa_required,,,
NE,TT,visa_required,,,
NE,TV,visa_on_arrival,,,
NE,TW,visa_required,,,
NE,TZ,evisa,,,
NE,UA,visa_required,,,
NE,UG,evisa,,,
NE,US,visa_required,,,
NE,UY,visa_required,,,
NE,UZ,visa_required,,,
NE,VA,visa_required,,,
NE,VC,visa_free,90,,
NE,VE,visa_required,,,
NE,VN,evisa,,,
NE,VU,evisa,,,
NE,WS,visa_on_arrival,,,
NE,XK,visa_required,,,
NE,YE,visa_required,,,
NE,ZA,evisa,,,
NE,ZM,evisa,,,
NE,ZW,evisa,,,
NG,AD,visa_required,,,
NG,AE,evisa,,,
NG,AF,visa_required,,,
NG,AG,evisa,,,
NG,AL,evisa,,,
NG,AM,visa_required,,,
NG,AO,visa_required,,,
NG,AR,visa_required,,,
NG,AT,visa_required,,,
NG,AU,evisa,,,
NG,AZ,visa_required,,,
NG,BA,visa_required,,,
NG,BB,visa_free,180,,
NG,BD,visa_required,,,
NG,BE,visa_required,,,
NG,BF,visa_free,,,
NG,BG,visa_required,,,
NG,BH,evisa,,,
NG,BI,visa_on_arrival,,,
NG,BJ,visa_free,90,,
NG,BN,visa_required,,,
NG,BO,evisa,,,
NG,BR,visa_required,,,
NG,BS,evisa,,,
NG,BT,evisa,,,
NG,BW,evisa,,,
NG,BY,visa_required,,,
NG,BZ,visa_required,,,
NG,CA,visa_required,,,
NG,CD,evisa,,,
NG,CF,visa_required,,,
NG,CG,visa_required,,,
NG,CH,visa_required,,,
NG,CI,visa_free,90,,
NG,CL,visa_required,,,
NG,CM,visa_free,90,,
NG,CN,visa_required,,,
NG,CO,evisa,,,
NG,CR,visa_required,,,
NG,CU,visa_required,,,
NG,CV,visa_free,,,
NG,CY,visa_required,,,
NG,CZ,visa_required,,,
NG,DE,visa_required,,,
NG,DJ,visa_on_arrival,,,
NG,DK,visa_required,,,
NG,DM,visa_free,180,,
NG,DO,visa_required,,,
NG,DZ,visa_required,,,
NG,EC,evisa,,,
NG,EE,visa_required,,,
NG,EG,visa_required,,,
NG,ER,visa_required,,,
NG,ES,visa_required,,,
NG,ET,evisa,,,
NG,FI,visa_required,,,
NG,FJ,visa_free,120,,
NG,FM,visa_free,30,,
NG,FR,visa_required,,,
NG,GA,evisa,,,
NG,GB,visa_required,,,
NG,GD,visa_required,,,
NG,GE,visa_required,,,
NG,GH,visa_free,90,,
NG,GM,visa_free,90,,
NG,GN,visa_free,,,
NG,GQ,evisa,,,
NG,GR,visa_required,,,
NG,GT,visa_required,,,
NG,GW,visa_free,,,
NG,GY,evisa,,,
NG,HN,visa_required,,,
NG,HR,visa_required,,,
NG,HT,visa_free,90,,
NG,HU,visa_required,,,
NG,ID,evisa,,,
NG,IE,visa_required,,,
NG,IL,evisa,,,
NG,IN,visa_required,,,
NG,IQ,evisa,,,
NG,IR,visa_on_arrival,,,
NG,IS,visa_required,,,
NG,IT,visa_required,,,
NG,JM,visa_required,,,
NG,JO,visa_required,,,
NG,JP,visa_required,,,
NG,KE,visa_free,60,,
NG,KG,evisa,,,
NG,KH,visa_on_arrival,,,
NG,KI,visa_free,90,,
NG,KM,visa_on_arrival,,,
NG,KN,eta,,,
NG,KP,visa_required,,,
NG,KR,evisa,,,
NG,KW,visa_required,,,
NG,KZ,evisa,,,
NG,LA,visa_required,,,
NG,LB,visa_on_arrival,,,
NG,LC,visa_required,,,
NG,LI,visa_required,,,
NG,LK,visa_required,,,
NG,LR,visa_free,,,
NG,LS,visa_required,,,
NG,LT,visa_required,,,
NG,LU,visa_required,,,
NG,LV,visa_required,,,
NG,LY,evisa,,,
NG,MA,visa_required,,,
NG,MC,visa_required,,,
NG,MD,evisa,,,
NG,ME,visa_required,,,
NG,MG,visa_on_arrival,,,
NG,MH,visa_required,,,
NG,MK,visa_required,,,
NG,ML,visa_free,,,
NG,MM,visa_required,,,
NG,MN,visa_required,,,
NG,MR,evisa,,,
NG,MT,visa_required,,,
NG,MU,visa_on_arrival,,,
NG,MV,visa_on_arrival,,,
NG,MW,evisa,,,
NG,MX,visa_required,,,
NG,MY,evisa,,,
NG,MZ,visa_on_arrival,,,
NG,NA,evisa,,,
NG,NE,visa_free,,,
NG,NI,visa_required,,,
NG,NL,visa_required,,,
NG,NO,visa_required,,,
NG,NP,visa_required,,,
NG,NR,visa_required,,,
NG,NZ,visa_required,,,
NG,OM,evisa,,,
NG,PA,visa_required,,,
NG,PE,visa_required,,,
NG,PG,evisa,,,
NG,PH,visa_required,,,
NG,PK,evisa,,,
NG,PL,visa_required,,,
NG,PS,visa_required,,,
NG,PT,visa_required,,,
NG,PW,visa_on_arrival,,,
NG,PY,visa_required,,,
NG,QA,evisa,,,
NG,RO,visa_required,,,
NG,RS,visa_required,,,
NG,RU,visa_required,,,
NG,RW,visa_free,30,,
NG,SA,visa_required,,,
NG,SB,visa_required,,,
NG,SC,visa_free,90,,
NG,SD,visa_required,,,
NG,SE,visa_required,,,
NG,SG,evisa,,,
NG,SI,visa_required,,,
NG,SK,visa_required,,,
NG,SL,visa_free,,,
NG,SM,visa_required,,,
NG,SN,visa_free,90,,
NG,SO,evisa,,,
NG,SR,evisa,,,
NG,SS,evisa,,,
NG,ST,evisa,,,
NG,SV,evisa,,,
NG,SY,evisa,,,
NG,SZ,visa_required,,,
NG,TD,visa_free,90,,
NG,TG,visa_free,,,
NG,TH,evisa,,,
NG,TJ,evisa,,,
NG,TL,visa_on_arrival,,,
NG,TM,visa_required,,,
NG,TN,visa_required,,,
NG,TO,visa_required,,,
NG,TR,visa_required,,,
NG,TT,visa_required,,,
NG,TV,visa_on_arrival,,,
NG,TW,visa_required,,,
NG,TZ,evisa,,,
NG,UA,visa_required,,,
NG,UG,evisa,,,
NG,US,visa_required,,,
NG,UY,visa_required,,,
NG,UZ,visa_required,,,
NG,VA,visa_required,,,
NG,VC,visa_required,,,
NG,VE,visa_required,,,
NG,VN,evisa,,,
NG,VU,visa_free,120,,
NG,WS,visa_on_arrival,,,
NG,XK,visa_required,,,
NG,YE,visa_required,,,
NG,ZA,evisa,,,
NG,ZM,evisa,,,
NG,ZW,evisa,,,
NI,AD,visa_free,90,,
NI,AE,evisa,,,
NI,AF,visa_required,,,
NI,AG,evisa,,,
NI,AL,visa_free,90,,
NI,AM,evisa,,,
NI,AO,visa_required,,,
NI,AR,visa_free,90,,
NI,AT,visa_free,90,,
NI,AU,evisa,,,
NI,AZ,visa_required,,,
NI,BA,visa_free,90,,
NI,BB,visa_free,28,,
NI,BD,visa_on_arrival,,,
NI,BE,visa_free,90,,
NI,BF,evisa,,,
NI,BG,visa_free,90,,
NI,BH,evisa,,,
NI,BI,visa_on_arrival,,,
NI,BJ,evisa,,,
NI,BN,visa_required,,,
NI,BO,evisa,,,
NI,BR,visa_free,90,,
NI,BS,visa_free,90,,
NI,BT,evisa,,,
NI,BW,evisa,,,
NI,BY,visa_free,30,,
NI,BZ,visa_free,30,,
NI,CA,visa_required,,,
NI,CD,evisa,,,
NI,CF,visa_required,,,
NI,CG,visa_required,,,
NI,CH,visa_free,90,,
NI,CI,eta,,,
NI,CL,visa_free,90,,
NI,CM,evisa,,,
NI,CN,visa_required,,,
NI,CO,evisa,,,
NI,CR,visa_required,,,
NI,CU,evisa,,,
NI,CV,visa_required,,,
NI,CY,visa_free,90,,
NI,CZ,visa_free,90,,
NI,DE,visa_free,90,,
NI,DJ,visa_on_arrival,,,
NI,DK,visa_free,90,,
NI,DM,visa_free,21,,
NI,DO,visa_free,30,,
NI,DZ,visa_required,,,
NI,EC,visa_free,90,,
NI,EE,visa_free,90,,
NI,EG,visa_on_arrival,,,
NI,ER,visa_required,,,
NI,ES,visa_free,90,,
NI,ET,evisa,,,
NI,FI,visa_free,90,,
NI,FJ,visa_required,,,
NI,FM,visa_free,30,,
NI,FR,visa_free,90,,
NI,GA,evisa,,,
NI,GB,eta,,,
NI,GD,visa_free,90,,
NI,GE,visa_required,,,
NI,GH,visa_required,,,
NI,GM,visa_required,,,
NI,GN,evisa,,,
NI,GQ,evisa,,,
NI,GR,visa_free,90,,
NI,GT,visa_free,90,,
NI,GW,visa_on_arrival,,,
NI,GY,evisa,,,
NI,HN,visa_free,90,,
NI,HR,visa_free,90,,
NI,HT,visa_free,90,,
NI,HU,visa_free,90,,
NI,ID,evisa,,,
NI,IE,visa_free,90,,
NI,IL,evisa,,,
NI,IN,evisa,,,
NI,IQ,evisa,,,
NI,IR,visa_on_arrival,,,
NI,IS,visa_free,90,,
NI,IT,visa_free,90,,
NI,JM,visa_required,,,
NI,JO,visa_on_arrival,,,
NI,JP,visa_required,,,
NI,KE,eta,,,
NI,KG,evisa,,,
NI,KH,visa_on_arrival,,,
NI,KI,visa_required,,,
NI,KM,visa_on_arrival,,,
NI,KN,eta,,,
NI,KP,visa_required,,,
NI,KR,eta,,,
NI,KW,visa_required,,,
NI,KZ,visa_free,30,,
NI,LA,visa_on_arrival,,,
NI,LB,visa_required,,,
NI,LC,visa_on_arrival,,,
NI,LI,visa_free,90,,
NI,LK,eta,,,
NI,LR,evisa,,,
NI,LS,visa_required,,,
NI,LT,visa_free,90,,
NI,LU,visa_free,90,,
NI,LV,visa_free,90,,
NI,LY,evisa,,,
NI,MA,visa_required,,,
NI,MC,visa_free,90,,
NI,MD,visa_free,90,,
NI,ME,visa_free,90,,
NI,MG,visa_on_arrival,,,
NI,MH,visa_on_arrival,,,
NI,MK,visa_free,90,,
NI,ML,visa_required,,,
NI,MM,visa_required,,,
NI,MN,evisa,,,
NI,MR,evisa,,,
NI,MT,visa_free,90,,
NI,MU,visa_on_arrival,,,
NI,MV,visa_on_arrival,,,
NI,MW,evisa,,,
NI,MX,visa_required,,,
NI,MY,visa_free,30,,
NI,MZ,visa_on_arrival,,,
NI,NA,visa_on_arrival,,,
NI,NE,visa_required,,,
NI,NG,evisa,,,
NI,NL,visa_free,90,,
NI,NO,visa_free,90,,
NI,NP,visa_on_arrival,,,
NI,NR,visa_required,,,
NI,NZ,visa_required,,,
NI,OM,evisa,,,
NI,PA,visa_free,90,,
NI,PE,visa_required,,,
NI,PG,evisa,,,
NI,PH,visa_free,30,,
NI,PK,evisa,,,
NI,PL,visa_free,90,,
NI,PS,visa_free,,,
NI,PT,visa_free,90,,
NI,PW,visa_on_arrival,,,
NI,PY,visa_free,90,,
NI,QA,visa_free,30,,
NI,RO,visa_free,90,,
NI,RS,visa_required,,,
NI,RU,visa_free,90,,
NI,RW,visa_on_arrival,,,
NI,SA,evisa,,,
NI,SB,visa_required,,,
NI,SC,visa_free,90,,
NI,SD,visa_required,,,
NI,SE,visa_free,90,,
NI,SG,visa_free,30,,
NI,SI,visa_free,90,,
NI,SK,visa_free,90,,
NI,SL,evisa,,,
NI,SM,visa_free,90,,
NI,SN,visa_required,,,
NI,SO,evisa,,,
NI,SR,eta,,,
NI,SS,evisa,,,
NI,ST,evisa,,,
NI,SV,visa_free,180,,
NI,SY,evisa,,,
NI,SZ,visa_required,,,
NI,TD,evisa,,,
NI,TG,evisa,,,
NI,TH,evisa,,,
NI,TJ,evisa,,,
NI,TL,visa_on_arrival,,,
NI,TM,visa_required,,,
NI,TN,visa_required,,,
NI,TO,visa_required,,,
NI,TR,visa_free,90,,
NI,TT,visa_free,90,,
NI,TV,visa_on_arrival,,,
NI,TW,visa_free,90,,
NI,TZ,visa_on_arrival,,,
NI,UA,evisa,,,
NI,UG,evisa,,,
NI,US,visa_required,,,
NI,UY,visa_free,90,,
NI,UZ,visa_free,30,,
NI,VA,visa_free,90,,
NI,VC,visa_free,90,,
NI,VE,visa_free,90,,
NI,VN,evisa,,,
NI,VU,evisa,,,
NI,WS,visa_on_arrival,,,
NI,XK,visa_free,90,,
NI,YE,visa_required,,,
NI,ZA,visa_required,,,
NI,ZM,visa_on_arrival,,,
NI,ZW,visa_on_arrival,,,
NL,AD,visa_free,,,
NL,AE,visa_free,90,,
NL,AF,visa_required,,,
NL,AG,visa_free,180,,
NL,AL,visa_free,90,,
NL,AM,visa_free,180,,
NL,AO,visa_free,30,,
NL,AR,visa_free,90,,
NL,AT,visa_free,,,
NL,AU,eta,,,
NL,AZ,evisa,,,
NL,BA,visa_free,90,,
NL,BB,visa_free,90,,
NL,BD,visa_on_arrival,,,
NL,BE,visa_free,,,
NL,BF,evisa,,,
NL,BG,visa_free,,,
NL,BH,visa_on_arrival,,,
NL,BI,visa_on_arrival,,,
NL,BJ,evisa,,,
NL,BN,visa_free,90,,
NL,BO,visa_free,90,,
NL,BR,visa_free,90,,
NL,BS,visa_free,90,,
NL,BT,evisa,,,
NL,BW,visa_free,90,,
NL,BY,visa_free,30,,
NL,BZ,visa_free,,,
NL,CA,eta,,,
NL,CD,evisa,,,
NL,CF,visa_required,,,
NL,CG,visa_required,,,
NL,CH,visa_free,,,
NL,CI,eta,,,
NL,CL,visa_free,90,,
NL,CM,evisa,,,
NL,CN,visa_free,30,,https://www.fmprc.gov.cn/eng/xw/fyrbt/202602/t20260215_11860467.html
NL,CO,visa_free,90,,
NL,CR,visa_free,180,,
NL,CU,evisa,,,
NL,CV,visa_free,30,,
NL,CY,visa_free,,,
NL,CZ,visa_free,,,
NL,DE,visa_free,,,
NL,DJ,visa_on_arrival,,,
NL,DK,visa_free,,,
NL,DM,visa_free,180,,
NL,DO,visa_free,30,,
NL,DZ,visa_required,,,
NL,EC,visa_free,90,,
NL,EE,visa_free,,,
NL,EG,visa_on_arrival,,,
NL,ER,visa_required,,,
NL,ES,visa_free,,,
NL,ET,visa_on_arrival,,,
NL,FI,visa_free,,,
NL,FJ,visa_free,120,,
NL,FM,visa_free,90,,
NL,FR,visa_free,,,
NL,GA,evisa,,,
NL,GB,eta,,,
NL,GD,visa_free,90,,
NL,GE,visa_free,365,,
NL,GH,visa_required,,,
NL,GM,visa_free,90,,
NL,GN,evisa,,,
NL,GQ,evisa,,,
NL,GR,visa_free,,,
NL,GT,visa_free,90,,
NL,GW,visa_on_arrival,,,
NL,GY,visa_free,90,,
NL,HN,visa_free,90,,
NL,HR,visa_free,,,
NL,HT,visa_free,90,,
NL,HU,visa_free,,,
NL,ID,visa_on_arrival,,,
NL,IE,visa_free,,,
NL,IL,eta,,,
NL,IN,evisa,,,
NL,IQ,evisa,,,
NL,IR,visa_on_arrival,,,
NL,IS,visa_free,,,
NL,IT,visa_free,,,
NL,JM,visa_free,90,,
NL,JO,visa_on_arrival,,,
NL,JP,visa_free,90,,
NL,KE,eta,,,
NL,KG,visa_free,60,,
NL,KH,visa_on_arrival,,,
NL,KI,visa_free,90,,
NL,KM,visa_on_arrival,,,
NL,KN,eta,,,
NL,KP,visa_required,,,
NL,KR,visa_free,90,,
NL,KW,visa_on_arrival,,,
NL,KZ,visa_free,30,,
NL,LA,visa_on_arrival,,,
NL,LB,visa_on_arrival,,,
NL,LC,visa_free,90,,
NL,LI,visa_free,,,
NL,LK,eta,,,
NL,LR,evisa,,,
NL,LS,visa_free,14,,
NL,LT,visa_free,,,
NL,LU,visa_free,,,
NL,LV,visa_free,,,
NL,LY,evisa,,,
NL,MA,visa_free,90,,
NL,MC,visa_free,,,
NL,MD,visa_free,90,,
NL,ME,visa_free,90,,
NL,MG,visa_on_arrival,,,
NL,MH,visa_free,90,,
NL,MK,visa_free,90,,
NL,ML,visa_required,,,
NL,MM,evisa,,,
NL,MN,visa_free,30,,
NL,MR,evisa,,,
NL,MT,visa_free,,,
NL,MU,visa_free,90,,
NL,MV,visa_on_arrival,,,
NL,MW,evisa,,,
NL,MX,visa_free,180,,
NL,MY,visa_free,90,,
NL,MZ,visa_free,30,,
NL,NA,visa_on_arrival,,,
NL,NE,visa_required,,,
NL,NG,evisa,,,
NL,NI,visa_free,90,,
NL,NO,visa_free,,,
NL,NP,visa_on_arrival,,,
NL,NR,visa_required,,,
NL,NZ,eta,,,
NL,OM,visa_on_arrival,,,
NL,PA,visa_free,90,,
NL,PE,visa_free,90,,
NL,PG,eta,,,
NL,PH,visa_free,30,,
NL,PK,evisa,,,
NL,PL,visa_free,,,
NL,PS,visa_free,,,
NL,PT,visa_free,,,
NL,PW,visa_free,90,,
NL,PY,visa_free,90,,
NL,QA,visa_on_arrival,,,
NL,RO,visa_free,,,
NL,RS,visa_free,90,,
NL,RU,evisa,,,
NL,RW,visa_on_arrival,,,
NL,SA,visa_on_arrival,,,
NL,SB,visa_free,90,,
NL,SC,visa_free,90,,
NL,SD,visa_required,,,
NL,SE,visa_free,,,
NL,SG,visa_free,90,,
NL,SI,visa_free,,,
NL,SK,visa_free,,,
NL,SL,visa_on_arrival,,,
NL,SM,visa_free,,,
NL,SN,visa_free,90,,
NL,SO,evisa,,,
NL,SR,eta,,,
NL,SS,evisa,,,
NL,ST,visa_free,15,,
NL,SV,visa_free,180,,
NL,SY,evisa,,,
NL,SZ,visa_free,30,,
NL,TD,evisa,,,
NL,TG,evisa,,,
NL,TH,visa_free,60,,
NL,TJ,visa_free,30,,
NL,TL,visa_free,90,,
NL,TM,visa_required,,,
NL,TN,visa_free,90,,
NL,TO,visa_free,90,,
NL,TR,visa_free,90,,
NL,TT,visa_free,90,,
NL,TV,visa_free,90,,
NL,TW,visa_free,90,,
NL,TZ,visa_on_arrival,,,
NL,UA,visa_free,90,,
NL,UG,evisa,,,
NL,US,eta,,,
NL,UY,visa_free,90,,
NL,UZ,visa_free,30,,
NL,VA,visa_free,,,
NL,VC,visa_free,90,,
NL,VE,visa_free,90,,
NL,VN,visa_free,45,,https://baochinhphu.vn/tu-15-8-2025-mien-thi-thuc-cho-cong-dan-12-nuoc-vao-viet-nam-du-lich-102250811085114891.htm
NL,VU,visa_free,120,,
NL,WS,visa_free,90,,
NL,XK,visa_free,90,,
NL,YE,visa_required,,,
NL,ZA,visa_free,90,,
NL,ZM,visa_free,90,,
NL,ZW,visa_on_arrival,,,
NO,AD,visa_free,,,
NO,AE,visa_free,90,,
NO,AF,visa_required,,,
NO,AG,visa_free,180,,
NO,AL,visa_free,90,,
NO,AM,visa_free,180,,
NO,AO,visa_free,30,,
NO,AR,visa_free,90,,
NO,AT,visa_free,,,
NO,AU,eta,,,
NO,AZ,evisa,,,
NO,BA,visa_free,90,,
NO,BB,visa_free,90,,
NO,BD,visa_on_arrival,,,
NO,BE,visa_free,,,
NO,BF,evisa,,,
NO,BG,visa_free,,,
NO,BH,visa_on_arrival,,,
NO,BI,visa_on_arrival,,,
NO,BJ,evisa,,,
NO,BN,visa_free,90,,
NO,BO,visa_free,90,,
NO,BR,visa_free,90,,
NO,BS,visa_free,240,,
NO,BT,evisa,,,
NO,BW,visa_free,90,,
NO,BY,visa_free,30,,
NO,BZ,visa_free,,,
NO,CA,eta,,,
NO,CD,evisa,,,
NO,CF,visa_required,,,
NO,CG,visa_required,,,
NO,CH,visa_free,,,
NO,CI,eta,,,
NO,CL,visa_free,90,,
NO,CM,evisa,,,
NO,CN,visa_free,30,,https://www.fmprc.gov.cn/eng/xw/fyrbt/202602/t20260215_11860467.html
NO,CO,visa_free,90,,
NO,CR,visa_free,180,,
NO,CU,evisa,,,
NO,CV,visa_free,30,,
NO,CY,visa_free,,,
NO,CZ,visa_free,,,
NO,DE,visa_free,,,
NO,DJ,visa_on_arrival,,,
NO,DK,visa_free,,,
NO,DM,visa_free,180,,
NO,DO,visa_free,30,,
NO,DZ,visa_required,,,
NO,EC,visa_free,90,,
NO,EE,visa_free,,,
NO,EG,visa_on_arrival,,,
NO,ER,visa_required,,,
NO,ES,visa_free,,,
NO,ET,visa_on_arrival,,,
NO,FI,visa_free,,,
NO,FJ,visa_free,120,,
NO,FM,visa_free,90,,
NO,FR,visa_free,,,
NO,GA,evisa,,,
NO,GB,eta,,,
NO,GD,visa_free,90,,
NO,GE,visa_free,365,,
NO,GH,visa_required,,,
NO,GM,visa_free,90,,
NO,GN,evisa,,,
NO,GQ,evisa,,,
NO,GR,visa_free,,,
NO,GT,visa_free,90,,
NO,GW,visa_on_arrival,,,
NO,GY,visa_free,90,,
NO,HN,visa_free,90,,
NO,HR,visa_free,,,
NO,HT,visa_free,90,,
NO,HU,visa_free,,,
NO,ID,visa_on_arrival,,,
NO,IE,visa_free,,,
NO,IL,eta,,,
NO,IN,evisa,,,
NO,IQ,evisa,,,
NO,IR,visa_on_arrival,,,
NO,IS,visa_free,,,
NO,IT,visa_free,,,
NO,JM,visa_free,90,,
NO,JO,visa_on_arrival,,,
NO,JP,visa_free,90,,
NO,KE,eta,,,
NO,KG,visa_free,60,,
NO,KH,visa_on_arrival,,,
NO,KI,visa_free,90,,
NO,KM,visa_on_arrival,,,
NO,KN,eta,,,
NO,KP,visa_required,,,
NO,KR,visa_free,90,,
NO,KW,visa_on_arrival,,,
NO,KZ,visa_free,30,,
NO,LA,visa_on_arrival,,,
NO,LB,visa_on_arrival,,,
NO,LC,visa_free,90,,
NO,LI,visa_free,,,
NO,LK,eta,,,
NO,LR,evisa,,,
NO,LS,visa_free,14,,
NO,LT,visa_free,,,
NO,LU,visa_free,,,
NO,LV,visa_free,,,
NO,LY,evisa,,,
NO,MA,visa_free,90,,
NO,MC,visa_free,,,
NO,MD,visa_free,90,,
NO,ME,visa_free,90,,
NO,MG,visa_on_arrival,,,
NO,MH,visa_on_arrival,,,
NO,MK,visa_free,90,,
NO,ML,visa_required,,,
NO,MM,evisa,,,
NO,MN,visa_free,30,,
NO,MR,evisa,,,
NO,MT,visa_free,,,
NO,MU,visa_free,90,,
NO,MV,visa_on_arrival,,,
NO,MW,evisa,,,
NO,MX,visa_free,180,,
NO,MY,visa_free,90,,
NO,MZ,visa_free,30,,
NO,NA,visa_on_arrival,,,
NO,NE,visa_required,,,
NO,NG,evisa,,,
NO,NI,visa_free,90,,
NO,NL,visa_free,,,
NO,NP,visa_on_arrival,,,
NO,NR,visa_required,,,
NO,NZ,eta,,,
NO,OM,visa_on_arrival,,,
NO,PA,visa_free,90,,
NO,PE,visa_free,90,,
NO,PG,eta,,,
NO,PH,visa_free,30,,
NO,PK,evisa,,,
NO,PL,visa_free,,,
NO,PS,visa_free,,,
NO,PT,visa_free,,,
NO,PW,visa_on_arrival,,,
NO,PY,visa_free,90,,
NO,QA,visa_on_arrival,,,
NO,RO,visa_free,,,
NO,RS,visa_free,90,,
NO,RU,evisa,,,
NO,RW,visa_on_arrival,,,
NO,SA,visa_on_arrival,,,
NO,SB,visa_free,90,,
NO,SC,visa_free,90,,
NO,SD,visa_required,,,
NO,SE,visa_free,,,
NO,SG,visa_free,90,,
NO,SI,visa_free,,,
NO,SK,visa_free,,,
NO,SL,visa_on_arrival,,,
NO,SM,visa_free,,,
NO,SN,visa_on_arrival,,,
NO,SO,evisa,,,
NO,SR,eta,,,
NO,SS,evisa,,,
NO,ST,visa_free,15,,
NO,SV,visa_free,180,,
NO,SY,evisa,,,
NO,SZ,visa_free,30,,
NO,TD,evisa,,,
NO,TG,evisa,,,
NO,TH,visa_free,60,,
NO,TJ,visa_free,30,,
NO,TL,visa_free,90,,
NO,TM,visa_required,,,
NO,TN,visa_free,90,,
NO,TO,visa_free,90,,
NO,TR,visa_free,90,,
NO,TT,visa_free,90,,
NO,TV,visa_free,90,,
NO,TW,visa_free,90,,
NO,TZ,visa_on_arrival,,,
NO,UA,visa_free,90,,
NO,UG,evisa,,,
NO,US,eta,,,
NO,UY,visa_free,90,,
NO,UZ,visa_free,30,,
NO,VA,visa_free,,,
NO,VC,visa_free,90,,
NO,VE,visa_free,90,,
NO,VN,visa_free,45,,
NO,VU,visa_free,120,,
NO,WS,visa_on_arrival,,,
NO,XK,visa_free,90,,
NO,YE,visa_required,,,
NO,ZA,visa_free,90,,
NO,ZM,visa_free,90,,
NO,ZW,visa_on_arrival,,,
NP,AD,visa_required,,,
NP,AE,evisa,,,
NP,AF,visa_required,,,
NP,AG,evisa,,,
NP,AL,evisa,,,
NP,AM,visa_required,,,
NP,AO,visa_required,,,
NP,AR,visa_required,,,
NP,AT,visa_required,,,
NP,AU,evisa,,,
NP,AZ,evisa,,,
NP,BA,visa_required,,,
NP,BB,visa_free,90,,
NP,BD,visa_on_arrival,,,
NP,BE,visa_required,,,
NP,BF,evisa,,,
NP,BG,visa_required,,,
NP,BH,evisa,,,
NP,BI,visa_on_arrival,,,
NP,BJ,evisa,,,
NP,BN,visa_required,,,
NP,BO,evisa,,,
NP,BR,visa_required,,,
NP,BS,evisa,,,
NP,BT,evisa,,,
NP,BW,evisa,,,
NP,BY,visa_required,,,
NP,BZ,visa_required,,,
NP,CA,visa_required,,,
NP,CD,evisa,,,
NP,CF,visa_required,,,
NP,CG,visa_required,,,
NP,CH,visa_required,,,
NP,CI,eta,,,
NP,CL,visa_required,,,
NP,CM,evisa,,,
NP,CN,visa_required,,,
NP,CO,evisa,,,
NP,CR,visa_required,,,
NP,CU,visa_required,,,
NP,CV,visa_required,,,
NP,CY,visa_required,,,
NP,CZ,visa_required,,,
NP,DE,visa_required,,,
NP,DJ,visa_on_arrival,,,
NP,DK,visa_required,,,
NP,DM,visa_free,21,,
NP,DO,visa_required,,,
NP,DZ,visa_required,,,
NP,EC,evisa,,,
NP,EE,visa_required,,,
NP,EG,visa_on_arrival,,,
NP,ER,visa_required,,,
NP,ES,visa_required,,,
NP,ET,evisa,,,
NP,FI,visa_required,,,
NP,FJ,visa_required,,,
NP,FM,visa_free,30,,
NP,FR,visa_required,,,
NP,GA,evisa,,,
NP,GB,visa_required,,,
NP,GD,visa_required,,,
NP,GE,visa_required,,,
NP,GH,visa_required,,,
NP,GM,visa_free,90,,
NP,GN,evisa,,,
NP,GQ,evisa,,,
NP,GR,visa_required,,,
NP,GT,visa_required,,,
NP,GW,visa_on_arrival,,,
NP,GY,evisa,,,
NP,HN,visa_required,,,
NP,HR,visa_required,,,
NP,HT,visa_free,90,,
NP,HU,visa_required,,,
NP,ID,evisa,,,
NP,IE,visa_required,,,
NP,IL,evisa,,,
NP,IN,visa_free,,,
NP,IQ,evisa,,,
NP,IR,visa_on_arrival,,,
NP,IS,visa_required,,,
NP,IT,visa_required,,,
NP,JM,visa_required,,,
NP,JO,visa_required,,,
NP,JP,visa_required,,,
NP,KE,eta,,,
NP,KG,evisa,,,
NP,KH,visa_on_arrival,,,
NP,KI,visa_required,,,
NP,KM,visa_on_arrival,,,
NP,KN,evisa,,,
NP,KP,visa_required,,,
NP,KR,evisa,,,
NP,KW,visa_required,,,
NP,KZ,evisa,,,
NP,LA,visa_on_arrival,,,
NP,LB,visa_required,,,
NP,LC,visa_required,,,
NP,LI,visa_required,,,
NP,LK,eta,,,
NP,LR,evisa,,,
NP,LS,visa_required,,,
NP,LT,visa_required,,,
NP,LU,visa_required,,,
NP,LV,visa_required,,,
NP,LY,evisa,,,
NP,MA,visa_required,,,
NP,MC,visa_required,,,
NP,MD,evisa,,,
NP,ME,visa_required,,,
NP,MG,visa_on_arrival,,,
NP,MH,visa_required,,,
NP,MK,visa_required,,,
NP,ML,visa_required,,,
NP,MM,evisa,,,
NP,MN,evisa,,,
NP,MR,evisa,,,
NP,MT,visa_required,,,
NP,MU,visa_on_arrival,,,
NP,MV,visa_on_arrival,,,
NP,MW,evisa,,,
NP,MX,visa_required,,,
NP,MY,evisa,,,
NP,MZ,visa_on_arrival,,,
NP,NA,evisa,,,
NP,NE,visa_required,,,
NP,NG,evisa,,,
NP,NI,visa_required,,,
NP,NL,visa_required,,,
NP,NO,visa_required,,,
NP,NR,visa_required,,,
NP,NZ,visa_required,,,
NP,OM,evisa,,,
NP,PA,visa_required,,,
NP,PE,visa_required,,,
NP,PG,evisa,,,
NP,PH,visa_free,30,,
NP,PK,visa_free,30,,
NP,PL,visa_required,,,
NP,PS,visa_free,,,
NP,PT,visa_required,,,
NP,PW,visa_on_arrival,,,
NP,PY,visa_required,,,
NP,QA,evisa,,,
NP,RO,visa_required,,,
NP,RS,visa_required,,,
NP,RU,visa_required,,,
NP,RW,visa_on_arrival,,,
NP,SA,evisa,,,
NP,SB,visa_required,,,
NP,SC,visa_free,90,,
NP,SD,visa_required,,,
NP,SE,visa_required,,,
NP,SG,visa_free,30,,
NP,SI,visa_required,,,
NP,SK,visa_required,,,
NP,SL,evisa,,,
NP,SM,visa_required,,,
NP,SN,visa_on_arrival,,,
NP,SO,evisa,,,
NP,SR,evisa,,,
NP,SS,evisa,,,
NP,ST,evisa,,,
NP,SV,evisa,,,
NP,SY,evisa,,,
NP,SZ,visa_required,,,
NP,TD,evisa,,,
NP,TG,evisa,,,
NP,TH,evisa,,,
NP,TJ,evisa,,,
NP,TL,visa_on_arrival,,,
NP,TM,visa_required,,,
NP,TN,visa_required,,,
NP,TO,visa_required,,,
NP,TR,visa_required,,,
NP,TT,visa_required,,,
NP,TV,visa_on_arrival,,,
NP,TW,visa_required,,,
NP,TZ,visa_on_arrival,,,
NP,UA,evisa,,,
NP,UG,evisa,,,
NP,US,visa_required,,,
NP,UY,visa_required,,,
NP,UZ,evisa,,,
NP,VA,visa_required,,,
NP,VC,visa_free,90,,
NP,VE,visa_required,,,
NP,VN,evisa,,,
NP,VU,evisa,,,
NP,WS,visa_on_arrival,,,
NP,XK,visa_required,,,
NP,YE,visa_required,,,
NP,ZA,visa_required,,,
NP,ZM,evisa,,,
NP,ZW,evisa,,,
NR,AD,visa_required,,,
NR,AE,visa_free,90,,
NR,AF,visa_required,,,
NR,AG,visa_free,180,,
NR,AL,evisa,,,
NR,AM,evisa,,,
NR,AO,visa_free,30,,
NR,AR,visa_required,,,
NR,AT,visa_required,,,
NR,AU,evisa,,,
NR,AZ,visa_required,,,
NR,BA,visa_required,,,
NR,BB,visa_free,90,,
NR,BD,visa_on_arrival,,,
NR,BE,visa_required,,,
NR,BF,evisa,,,
NR,BG,visa_required,,,
NR,BH,evisa,,,
NR,BI,visa_on_arrival,,,
NR,BJ,evisa,,,
NR,BN,visa_required,,,
NR,BO,evisa,,,
NR,BR,visa_required,,,
NR,BS,visa_free,90,,
NR,BT,evisa,,,
NR,BW,visa_free,90,,
NR,BY,visa_required,,,
NR,BZ,visa_required,,,
NR,CA,visa_required,,,
NR,CD,evisa,,,
NR,CF,visa_required,,,
NR,CG,visa_required,,,
NR,CH,visa_required,,,
NR,CI,eta,,,
NR,CL,visa_required,,,
NR,CM,evisa,,,
NR,CN,visa_required,,,
NR,CO,evisa,,,
NR,CR,visa_free,30,,
NR,CU,evisa,,,
NR,CV,visa_required,,,
NR,CY,visa_required,,,
NR,CZ,visa_required,,,
NR,DE,visa_required,,,
NR,DJ,visa_on_arrival,,,
NR,DK,visa_required,,,
NR,DM,visa_free,180,,
NR,DO,visa_free,30,,
NR,DZ,visa_required,,,
NR,EC,visa_free,90,,
NR,EE,visa_required,,,
NR,EG,visa_on_arrival,,,
NR,ER,visa_required,,,
NR,ES,visa_required,,,
NR,ET,evisa,,,
NR,FI,visa_required,,,
NR,FJ,visa_free,120,,
NR,FM,visa_free,30,,
NR,FR,visa_required,,,
NR,GA,evisa,,,
NR,GB,visa_required,,,
NR,GD,visa_free,90,,
NR,GE,visa_required,,,
NR,GH,visa_required,,,
NR,GM,visa_free,90,,
NR,GN,evisa,,,
NR,GQ,evisa,,,
NR,GR,visa_required,,,
NR,GT,visa_required,,,
NR,GW,visa_on_arrival,,,
NR,GY,evisa,,,
NR,HN,visa_required,,,
NR,HR,visa_required,,,
NR,HT,visa_free,90,,
NR,HU,visa_required,,,
NR,ID,evisa,,,
NR,IE,visa_required,,,
NR,IL,eta,,,
NR,IN,evisa,,,
NR,IQ,evisa,,,
NR,IR,visa_on_arrival,,,
NR,IS,visa_required,,,
NR,IT,visa_required,,,
NR,JM,visa_free,,,
NR,JO,visa_on_arrival,,,
NR,JP,visa_required,,,
NR,KE,visa_free,90,,
NR,KG,evisa,,,
NR,KH,visa_on_arrival,,,
NR,KI,visa_free,90,,
NR,KM,visa_on_arrival,,,
NR,KN,eta,,,
NR,KP,visa_required,,,
NR,KR,visa_free,30,,
NR,KW,visa_required,,,
NR,KZ,evisa,,,
NR,LA,visa_required,,,
NR,LB,visa_required,,,
NR,LC,visa_free,42,,
NR,LI,visa_required,,,
NR,LK,eta,,,
NR,LR,evisa,,,
NR,LS,visa_free,90,,
NR,LT,visa_required,,,
NR,LU,visa_required,,,
NR,LV,visa_required,,,
NR,LY,evisa,,,
NR,MA,visa_required,,,
NR,MC,visa_required,,,
NR,MD,evisa,,,
NR,ME,visa_free,90,,
NR,MG,visa_on_arrival,,,
NR,MH,visa_on_arrival,,,
NR,MK,visa_required,,,
NR,ML,visa_required,,,
NR,MM,visa_required,,,
NR,MN,evisa,,,
NR,MR,evisa,,,
NR,MT,visa_required,,,
NR,MU,visa_free,90,,
NR,MV,visa_on_arrival,,,
NR,MW,evisa,,,
NR,MX,visa_required,,,
NR,MY,visa_free,30,,
NR,MZ,visa_on_arrival,,,
NR,NA,evisa,,,
NR,NE,visa_required,,,
NR,NG,evisa,,,
NR,NI,visa_on_arrival,,,
NR,NL,visa_required,,,
NR,NO,visa_required,,,
NR,NP,visa_on_arrival,,,
NR,NZ,visa_required,,,
NR,OM,evisa,,,
NR,PA,visa_free,90,,
NR,PE,visa_free,180,,
NR,PG,visa_on_arrival,,,
NR,PH,visa_required,,,
NR,PK,evisa,,,
NR,PL,visa_required,,,
NR,PS,visa_free,,,
NR,PT,visa_required,,,
NR,PW,visa_on_arrival,,,
NR,PY,visa_required,,,
NR,QA,evisa,,,
NR,RO,visa_required,,,
NR,RS,visa_required,,,
NR,RU,visa_free,14,,
NR,RW,visa_free,30,,
NR,SA,evisa,,,
NR,SB,visa_on_arrival,,,
NR,SC,visa_free,90,,
NR,SD,visa_required,,,
NR,SE,visa_required,,,
NR,SG,visa_free,30,,
NR,SI,visa_required,,,
NR,SK,visa_required,,,
NR,SL,visa_on_arrival,,,
NR,SM,visa_required,,,
NR,SN,visa_required,,,
NR,SO,evisa,,,
NR,SR,eta,,,
NR,SS,evisa,,,
NR,ST,evisa,,,
NR,SV,evisa,,,
NR,SY,evisa,,,
NR,SZ,visa_free,30,,
NR,TD,evisa,,,
NR,TG,evisa,,,
NR,TH,visa_on_arrival,,,
NR,TJ,evisa,,,
NR,TL,visa_on_arrival,,,
NR,TM,visa_required,,,
NR,TN,visa_required,,,
NR,TO,visa_on_arrival,,,
NR,TR,visa_required,,,
NR,TT,visa_free,,,
NR,TV,visa_on_arrival,,,
NR,TW,visa_free,30,,
NR,TZ,visa_free,90,,
NR,UA,evisa,,,
NR,UG,evisa,,,
NR,US,visa_required,,,
NR,UY,visa_required,,,
NR,UZ,evisa,,,
NR,VA,visa_required,,,
NR,VC,visa_free,90,,
NR,VE,visa_required,,,
NR,VN,evisa,,,
NR,VU,visa_free,120,,
NR,WS,visa_on_arrival,,,
NR,XK,visa_free,90,,
NR,YE,visa_required,,,
NR,ZA,visa_required,,,
NR,ZM,visa_free,90,,
NR,ZW,visa_free,90,,
NZ,AD,visa_free,90,,
NZ,AE,visa_free,30,,
NZ,AF,visa_required,,,
NZ,AG,visa_free,180,,
NZ,AL,visa_free,90,,
NZ,AM,visa_free,180,,
NZ,AO,visa_free,30,,
NZ,AR,visa_free,90,,
NZ,AT,visa_free,90,,
NZ,AU,visa_free,,,
NZ,AZ,evisa,,,
NZ,BA,visa_free,90,,
NZ,BB,visa_free,180,,
NZ,BD,visa_on_arrival,,,
NZ,BE,visa_free,90,,
NZ,BF,evisa,,,
NZ,BG,visa_free,90,,
NZ,BH,visa_on_arrival,,,
NZ,BI,visa_on_arrival,,,
NZ,BJ,evisa,,,
NZ,BN,visa_free,30,,
NZ,BO,visa_free,90,,
NZ,BR,visa_free,90,,
NZ,BS,visa_free,90,,
NZ,BT,evisa,,,
NZ,BW,visa_free,90,,
NZ,BY,visa_free,30,,
NZ,BZ,visa_free,,,
NZ,CA,eta,,,
NZ,CD,evisa,,,
NZ,CF,visa_required,,,
NZ,CG,visa_required,,,
NZ,CH,visa_free,90,,
NZ,CI,eta,,,
NZ,CL,visa_free,90,,
NZ,CM,evisa,,,
NZ,CN,visa_free,30,,https://www.fmprc.gov.cn/eng/xw/fyrbt/202602/t20260215_11860467.html
NZ,CO,visa_free,90,,
NZ,CR,visa_free,180,,
NZ,CU,evisa,,,
NZ,CV,visa_on_arrival,,,
NZ,CY,visa_free,90,,
NZ,CZ,visa_free,90,,
NZ,DE,visa_free,90,,
NZ,DJ,visa_on_arrival,,,
NZ,DK,visa_free,90,,
NZ,DM,visa_free,180,,
NZ,DO,visa_free,30,,
NZ,DZ,visa_required,,,
NZ,EC,visa_free,90,,
NZ,EE,visa_free,90,,
NZ,EG,visa_on_arrival,,,
NZ,ER,visa_required,,,
NZ,ES,visa_free,90,,
NZ,ET,visa_on_arrival,,,
NZ,FI,visa_free,90,,
NZ,FJ,visa_free,120,,
NZ,FM,visa_free,30,,
NZ,FR,visa_free,90,,
NZ,GA,evisa,,,
NZ,GB,eta,,,
NZ,GD,visa_free,90,,
NZ,GE,visa_free,365,,
NZ,GH,visa_required,,,
NZ,GM,visa_free,90,,
NZ,GN,evisa,,,
NZ,GQ,evisa,,,
NZ,GR,visa_free,90,,
NZ,GT,visa_free,90,,
NZ,GW,visa_on_arrival,,,
NZ,GY,visa_free,90,,
NZ,HN,visa_free,90,,
NZ,HR,visa_free,90,,
NZ,HT,visa_free,90,,
NZ,HU,visa_free,90,,
NZ,ID,visa_on_arrival,,,
NZ,IE,visa_free,90,,
NZ,IL,eta,,,
NZ,IN,evisa,,,
NZ,IQ,evisa,,,
NZ,IR,visa_on_arrival,,,
NZ,IS,visa_free,90,,
NZ,IT,visa_free,90,,
NZ,JM,visa_free,,,
NZ,JO,visa_on_arrival,,,
NZ,JP,visa_free,90,,
NZ,KE,eta,,,
NZ,KG,visa_free,60,,
NZ,KH,visa_on_arrival,,,
NZ,KI,visa_free,90,,
NZ,KM,visa_on_arrival,,,
NZ,KN,eta,,,
NZ,KP,visa_required,,,
NZ,KR,visa_free,90,,
NZ,KW,visa_on_arrival,,,
NZ,KZ,visa_free,30,,
NZ,LA,visa_on_arrival,,,
NZ,LB,visa_on_arrival,,,
NZ,LC,visa_free,42,,
NZ,LI,visa_free,90,,
NZ,LK,eta,,,
NZ,LR,evisa,,,
NZ,LS,visa_free,14,,
NZ,LT,visa_free,90,,
NZ,LU,visa_free,90,,
NZ,LV,visa_free,90,,
NZ,LY,evisa,,,
NZ,MA,visa_free,90,,
NZ,MC,visa_free,90,,
NZ,MD,visa_free,90,,
NZ,ME,visa_free,90,,
NZ,MG,visa_on_arrival,,,
NZ,MH,visa_on_arrival,,,
NZ,MK,visa_free,90,,
NZ,ML,visa_required,,,
NZ,MM,evisa,,,
NZ,MN,visa_free,30,,
NZ,MR,evisa,,,
NZ,MT,visa_free,90,,
NZ,MU,visa_free,90,,
NZ,MV,visa_on_arrival,,,
NZ,MW,evisa,,,
NZ,MX,visa_free,180,,
NZ,MY,visa_free,90,,
NZ,MZ,visa_on_arrival,,,
NZ,NA,visa_on_arrival,,,
NZ,NE,visa_required,,,
NZ,NG,evisa,,,
NZ,NI,visa_free,90,,
NZ,NL,visa_free,90,,
NZ,NO,visa_free,90,,
NZ,NP,visa_on_arrival,,,
NZ,NR,visa_required,,,
NZ,OM,visa_free,90,,
NZ,PA,visa_free,90,,
NZ,PE,visa_free,180,,
NZ,PG,eta,,,
NZ,PH,visa_free,30,,
NZ,PK,evisa,,,
NZ,PL,visa_free,90,,
NZ,PS,visa_free,,,
NZ,PT,visa_free,90,,
NZ,PW,visa_on_arrival,,,
NZ,PY,visa_free,90,,
NZ,QA,visa_on_arrival,,,
NZ,RO,visa_free,90,,
NZ,RS,visa_free,90,,
NZ,RU,visa_required,,,
NZ,RW,visa_free,30,,
NZ,SA,visa_on_arrival,,,
NZ,SB,visa_on_arrival,,,
NZ,SC,visa_free,90,,
NZ,SD,visa_required,,,
NZ,SE,visa_free,90,,
NZ,SG,visa_free,90,,
NZ,SI,visa_free,90,,
NZ,SK,visa_free,90,,
NZ,SL,visa_on_arrival,,,
NZ,SM,visa_free,90,,
NZ,SN,visa_on_arrival,,,
NZ,SO,evisa,,,
NZ,SR,eta,,,
NZ,SS,evisa,,,
NZ,ST,evisa,,,
NZ,SV,visa_free,180,,
NZ,SY,evisa,,,
NZ,SZ,visa_free,30,,
NZ,TD,evisa,,,
NZ,TG,evisa,,,
NZ,TH,visa_free,60,,
NZ,TJ,visa_free,30,,
NZ,TL,visa_on_arrival,,,
NZ,TM,visa_required,,,
NZ,TN,visa_free,90,,
NZ,TO,visa_on_arrival,,,
NZ,TR,visa_free,90,,
NZ,TT,visa_on_arrival,,,
NZ,TV,visa_on_arrival,,,
NZ,TW,visa_free,90,,
NZ,TZ,visa_on_arrival,,,
NZ,UA,visa_free,90,,
NZ,UG,evisa,,,
NZ,US,eta,,,
NZ,UY,visa_free,90,,
NZ,UZ,visa_free,30,,
NZ,VA,visa_free,90,,
NZ,VC,visa_free,90,,
NZ,VE,visa_free,90,,
NZ,VN,evisa,,,
NZ,VU,visa_free,120,,
NZ,WS,visa_on_arrival,,,
NZ,XK,visa_free,90,,
NZ,YE,visa_required,,,
NZ,ZA,visa_free,90,,
NZ,ZM,visa_free,90,,
NZ,ZW,visa_on_arrival,,,
OM,AD,visa_required,,,
OM,AE,visa_free,,,
OM,AF,visa_required,,,
OM,AG,evisa,,,
OM,AL,visa_free,,,
OM,AM,visa_free,180,,
OM,AO,visa_required,,,
OM,AR,visa_required,,,
OM,AT,visa_required,,,
OM,AU,evisa,,,
OM,AZ,visa_on_arrival,,,
OM,BA,visa_required,,,
OM,BB,visa_free,90,,
OM,BD,visa_on_arrival,,,
OM,BE,visa_required,,,
OM,BF,evisa,,,
OM,BG,visa_required,,,
OM,BH,visa_free,,,
OM,BI,visa_on_arrival,,,
OM,BJ,evisa,,,
OM,BN,visa_free,30,,
OM,BO,evisa,,,
OM,BR,visa_required,,,
OM,BS,visa_free,90,,
OM,BT,evisa,,,
OM,BW,visa_free,90,,
OM,BY,visa_free,30,,
OM,BZ,visa_required,,,
OM,CA,visa_required,,,
OM,CD,evisa,,,
OM,CF,visa_required,,,
OM,CG,visa_required,,,
OM,CH,visa_required,,,
OM,CI,eta,,,
OM,CL,visa_required,,,
OM,CM,evisa,,,
OM,CN,visa_free,30,,https://www.fmprc.gov.cn/eng/xw/fyrbt/202602/t20260215_11860467.html
OM,CO,visa_free,90,,
OM,CR,visa_required,,,
OM,CU,evisa,,,
OM,CV,visa_required,,,
OM,CY,visa_required,,,
OM,CZ,visa_required,,,
OM,DE,visa_required,,,
OM,DJ,visa_on_arrival,,,
OM,DK,visa_required,,,
OM,DM,visa_free,21,,
OM,DO,visa_required,,,
OM,DZ,visa_required,,,
OM,EC,visa_free,90,,
OM,EE,visa_required,,,
OM,EG,visa_free,180,,
OM,ER,visa_required,,,
OM,ES,visa_required,,,
OM,ET,visa_on_arrival,,,
OM,FI,visa_required,,,
OM,FJ,visa_required,,,
OM,FM,visa_free,90,,
OM,FR,visa_required,,,
OM,GA,evisa,,,
OM,GB,eta,,,
OM,GD,visa_required,,,
OM,GE,visa_free,365,,
OM,GH,visa_required,,,
OM,GM,visa_required,,,
OM,GN,evisa,,,
OM,GQ,evisa,,,
OM,GR,visa_required,,,
OM,GT,visa_required,,,
OM,GW,visa_on_arrival,,,
OM,GY,evisa,,,
OM,HN,visa_required,,,
OM,HR,visa_required,,,
OM,HT,visa_free,90,,
OM,HU,visa_required,,,
OM,ID,visa_on_arrival,,,
OM,IE,visa_required,,,
OM,IL,evisa,,,
OM,IN,evisa,,,
OM,IQ,visa_on_arrival,,,
OM,IR,visa_free,90,,
OM,IS,visa_required,,,
OM,IT,visa_required,,,
OM,JM,visa_required,,,
OM,JO,visa_free,90,,
OM,JP,visa_required,,,
OM,KE,eta,,,
OM,KG,visa_free,60,,
OM,KH,visa_on_arrival,,,
OM,KI,visa_required,,,
OM,KM,visa_on_arrival,,,
OM,KN,evisa,,,
OM,KP,visa_required,,,
OM,KR,visa_free,30,,
OM,KW,visa_free,,,
OM,KZ,visa_free,30,,
OM,LA,visa_on_arrival,,,
OM,LB,visa_free,180,,
OM,LC,visa_required,,,
OM,LI,visa_required,,,
OM,LK,eta,,,
OM,LR,evisa,,,
OM,LS,visa_required,,,
OM,LT,visa_required,,,
OM,LU,visa_required,,,
OM,LV,visa_required,,,
OM,LY,evisa,,,
OM,MA,visa_free,90,,
OM,MC,visa_required,,,
OM,MD,evisa,,,
OM,ME,visa_required,,,
OM,MG,visa_on_arrival,,,
OM,MH,visa_required,,,
OM,MK,visa_required,,,
OM,ML,visa_required,,,
OM,MM,visa_required,,,
OM,MN,visa_required,,,
OM,MR,evisa,,,
OM,MT,visa_required,,,
OM,MU,visa_free,90,,
OM,MV,visa_on_arrival,,,
OM,MW,evisa,,,
OM,MX,visa_required,,,
OM,MY,visa_free,90,,
OM,MZ,visa_on_arrival,,,
OM,NA,evisa,,,
OM,NE,visa_required,,,
OM,NG,evisa,,,
OM,NI,visa_on_arrival,,,
OM,NL,visa_required,,,
OM,NO,visa_required,,,
OM,NP,visa_on_arrival,,,
OM,NR,visa_required,,,
OM,NZ,eta,,,
OM,PA,visa_required,,,
OM,PE,visa_required,,,
OM,PG,evisa,,,
OM,PH,visa_free,30,,
OM,PK,visa_free,90,,
OM,PL,visa_required,,,
OM,PS,visa_free,,,
OM,PT,visa_required,,,
OM,PW,visa_on_arrival,,,
OM,PY,visa_on_arrival,,,
OM,QA,visa_free,,,
OM,RO,visa_required,,,
OM,RS,visa_required,,,
OM,RU,visa_free,30,,
OM,RW,visa_on_arrival,,,
OM,SA,visa_free,,,
OM,SB,visa_required,,,
OM,SC,visa_free,90,,
OM,SD,visa_required,,,
OM,SE,visa_required,,,
OM,SG,visa_free,30,,
OM,SI,visa_required,,,
OM,SK,visa_required,,,
OM,SL,visa_on_arrival,,,
OM,SM,visa_required,,,
OM,SN,visa_on_arrival,,,
OM,SO,evisa,,,
OM,SR,eta,,,
OM,SS,evisa,,,
OM,ST,evisa,,,
OM,SV,evisa,,,
OM,SY,visa_on_arrival,,,
OM,SZ,visa_required,,,
OM,TD,evisa,,,
OM,TG,evisa,,,
OM,TH,visa_free,60,,
OM,TJ,visa_free,30,,
OM,TL,visa_on_arrival,,,
OM,TM,visa_required,,,
OM,TN,visa_free,90,,
OM,TO,visa_required,,,
OM,TR,visa_free,90,,
OM,TT,visa_required,,,
OM,TV,visa_on_arrival,,,
OM,TW,evisa,,,
OM,TZ,visa_on_arrival,,,
OM,UA,visa_free,90,,
OM,UG,evisa,,,
OM,US,visa_required,,,
OM,UY,visa_required,,,
OM,UZ,visa_free,10,,
OM,VA,visa_required,,,
OM,VC,visa_free,90,,
OM,VE,visa_free,90,,
OM,VN,evisa,,,
OM,VU,visa_free,120,,
OM,WS,visa_on_arrival,,,
OM,XK,visa_free,90,,
OM,YE,visa_on_arrival,,,
OM,ZA,evisa,,,
OM,ZM,visa_free,90,,
OM,ZW,evisa,,,
PA,AD,visa_free,90,,
PA,AE,evisa,,,
PA,AF,visa_required,,,
PA,AG,visa_free,180,,
PA,AL,visa_free,90,,
PA,AM,visa_on_arrival,,,
PA,AO,visa_free,30,,
PA,AR,visa_free,90,,
PA,AT,visa_free,90,,
PA,AU,evisa,,,
PA,AZ,evisa,,,
PA,BA,visa_free,90,,
PA,BB,visa_free,28,,
PA,BD,visa_on_arrival,,,
PA,BE,visa_free,90,,
PA,BF,evisa,,,
PA,BG,visa_free,90,,
PA,BH,evisa,,,
PA,BI,visa_on_arrival,,,
PA,BJ,evisa,,,
PA,BN,visa_required,,,
PA,BO,visa_free,90,,
PA,BR,visa_free,90,,
PA,BS,visa_free,90,,
PA,BT,evisa,,,
PA,BW,evisa,,,
PA,BY,visa_free,30,,
PA,BZ,visa_free,30,,
PA,CA,visa_required,,,
PA,CD,evisa,,,
PA,CF,visa_required,,,
PA,CG,visa_required,,,
PA,CH,visa_free,90,,
PA,CI,eta,,,
PA,CL,visa_free,90,,
PA,CM,evisa,,,
PA,CN,visa_required,,,
PA,CO,visa_free,90,,
PA,CR,visa_free,180,,
PA,CU,evisa,,,
PA,CV,visa_required,,,
PA,CY,visa_free,90,,
PA,CZ,visa_free,90,,
PA,DE,visa_free,90,,
PA,DJ,visa_on_arrival,,,
PA,DK,visa_free,90,,
PA,DM,visa_free,21,,
PA,DO,visa_free,30,,
PA,DZ,visa_required,,,
PA,EC,visa_free,90,,
PA,EE,visa_free,90,,
PA,EG,visa_on_arrival,,,
PA,ER,visa_required,,,
PA,ES,visa_free,90,,
PA,ET,evisa,,,
PA,FI,visa_free,90,,
PA,FJ,visa_required,,,
PA,FM,visa_free,30,,
PA,FR,visa_free,90,,
PA,GA,evisa,,,
PA,GB,eta,,,
PA,GD,visa_required,,,
PA,GE,visa_free,365,,
PA,GH,visa_required,,,
PA,GM,visa_required,,,
PA,GN,evisa,,,
PA,GQ,evisa,,,
PA,GR,visa_free,90,,
PA,GT,visa_free,90,,
PA,GW,visa_on_arrival,,,
PA,GY,visa_free,90,,
PA,HN,visa_free,90,,
PA,HR,visa_free,90,,
PA,HT,visa_required,,,
PA,HU,visa_free,90,,
PA,ID,evisa,,,
PA,IE,visa_free,90,,
PA,IL,eta,,,
PA,IN,evisa,,,
PA,IQ,evisa,,,
PA,IR,visa_on_arrival,,,
PA,IS,visa_free,90,,
PA,IT,visa_free,90,,
PA,JM,visa_free,30,,
PA,JO,visa_on_arrival,,,
PA,JP,visa_free,90,,
PA,KE,eta,,,
PA,KG,evisa,,,
PA,KH,visa_on_arrival,,,
PA,KI,visa_free,90,,
PA,KM,visa_on_arrival,,,
PA,KN,eta,,,
PA,KP,visa_required,,,
PA,KR,eta,,,
PA,KW,visa_required,,,
PA,KZ,evisa,,,
PA,LA,visa_on_arrival,,,
PA,LB,visa_on_arrival,,,
PA,LC,visa_free,42,,
PA,LI,visa_free,90,,
PA,LK,eta,,,
PA,LR,evisa,,,
PA,LS,visa_required,,,
PA,LT,visa_free,90,,
PA,LU,visa_free,90,,
PA,LV,visa_free,90,,
PA,LY,evisa,,,
PA,MA,visa_required,,,
PA,MC,visa_free,90,,
PA,MD,visa_free,90,,
PA,ME,visa_free,90,,
PA,MG,visa_on_arrival,,,
PA,MH,visa_required,,,
PA,MK,visa_free,90,,
PA,ML,visa_required,,,
PA,MM,evisa,,,
PA,MN,evisa,,,
PA,MR,evisa,,,
PA,MT,visa_free,90,,
PA,MU,visa_on_arrival,,,
PA,MV,visa_on_arrival,,,
PA,MW,evisa,,,
PA,MX,visa_free,180,,
PA,MY,visa_free,30,,
PA,MZ,visa_on_arrival,,,
PA,NA,visa_on_arrival,,,
PA,NE,visa_required,,,
PA,NG,evisa,,,
PA,NI,visa_free,90,,
PA,NL,visa_free,90,,
PA,NO,visa_free,90,,
PA,NP,visa_on_arrival,,,
PA,NR,visa_required,,,
PA,NZ,visa_required,,,
PA,OM,evisa,,,
PA,PE,visa_free,180,,
PA,PG,evisa,,,
PA,PH,visa_free,30,,
PA,PK,evisa,,,
PA,PL,visa_free,90,,
PA,PS,visa_free,,,
PA,PT,visa_free,90,,
PA,PW,visa_on_arrival,,,
PA,PY,visa_free,90,,
PA,QA,visa_on_arrival,,,
PA,RO,visa_free,90,,
PA,RS,visa_free,90,,
PA,RU,visa_free,90,,
PA,RW,visa_on_arrival,,,
PA,SA,visa_on_arrival,,,
PA,SB,visa_required,,,
PA,SC,visa_free,90,,
PA,SD,visa_required,,,
PA,SE,visa_free,90,,
PA,SG,visa_free,30,,
PA,SI,visa_free,90,,
PA,SK,visa_free,90,,
PA,SL,evisa,,,
PA,SM,visa_free,90,,
PA,SN,visa_required,,,
PA,SO,evisa,,,
PA,SR,eta,,,
PA,SS,evisa,,,
PA,ST,evisa,,,
PA,SV,visa_free,180,,
PA,SY,evisa,,,
PA,SZ,visa_required,,,
PA,TD,evisa,,,
PA,TG,evisa,,,
PA,TH,visa_free,60,,
PA,TJ,evisa,,,
PA,TL,visa_on_arrival,,,
PA,TM,visa_required,,,
PA,TN,visa_required,,,
PA,TO,visa_required,,,
PA,TR,visa_free,90,,
PA,TT,visa_free,90,,
PA,TV,visa_on_arrival,,,
PA,TW,evisa,,,
PA,TZ,visa_on_arrival,,,
PA,UA,visa_free,90,,
PA,UG,evisa,,,
PA,US,visa_required,,,
PA,UY,visa_free,90,,
PA,UZ,visa_free,30,,
PA,VA,visa_free,90,,
PA,VC,visa_free,90,,
PA,VE,visa_required,,,
PA,VN,visa_free,90,,
PA,VU,evisa,,,
PA,WS,visa_on_arrival,,,
PA,XK,visa_free,90,,
PA,YE,visa_required,,,
PA,ZA,visa_free,90,,
PA,ZM,visa_free,90,,
PA,ZW,visa_on_arrival,,,
PE,AD,visa_free,90,,
PE,AE,visa_free,90,,
PE,AF,visa_required,,,
PE,AG,visa_free,180,,
PE,AL,visa_free,90,,
PE,AM,visa_on_arrival,,,
PE,AO,visa_required,,,
PE,AR,visa_free,90,,
PE,AT,visa_free,90,,
PE,AU,evisa,,,
PE,AZ,evisa,,,
PE,BA,visa_free,90,,
PE,BB,visa_free,28,,
PE,BD,visa_on_arrival,,,
PE,BE,visa_free,90,,
PE,BF,evisa,,,
PE,BG,visa_free,90,,
PE,BH,visa_on_arrival,,,
PE,BI,visa_on_arrival,,,
PE,BJ,evisa,,,
PE,BN,visa_free,14,,
PE,BO,visa_free,90,,
PE,BR,visa_free,90,,
PE,BS,visa_free,90,,
PE,BT,evisa,,,
PE,BW,visa_free,90,,
PE,BY,visa_free,30,,
PE,BZ,visa_free,30,,
PE,CA,visa_required,,,
PE,CD,evisa,,,
PE,CF,visa_required,,,
PE,CG,visa_required,,,
PE,CH,visa_free,90,,
PE,CI,eta,,,
PE,CL,visa_free,90,,
PE,CM,evisa,,,
PE,CN,visa_free,30,,https://www.fmprc.gov.cn/eng/xw/fyrbt/202602/t20260215_11860467.html
PE,CO,visa_free,90,,
PE,CR,visa_free,180,,
PE,CU,evisa,,,
PE,CV,visa_required,,,
PE,CY,visa_free,90,,
PE,CZ,visa_free,90,,
PE,DE,visa_free,90,,
PE,DJ,visa_on_arrival,,,
PE,DK,visa_free,90,,
PE,DM,visa_free,21,,
PE,DO,visa_free,30,,
PE,DZ,visa_required,,,
PE,EC,visa_free,180,,
PE,EE,visa_free,90,,
PE,EG,visa_on_arrival,,,
PE,ER,visa_required,,,
PE,ES,visa_free,90,,
PE,ET,evisa,,,
PE,FI,visa_free,90,,
PE,FJ,visa_free,120,,
PE,FM,visa_free,30,,
PE,FR,visa_free,90,,
PE,GA,evisa,,,
PE,GB,eta,,,
PE,GD,visa_free,90,,
PE,GE,visa_free,90,,
PE,GH,visa_required,,,
PE,GM,visa_required,,,
PE,GN,evisa,,,
PE,GQ,evisa,,,
PE,GR,visa_free,90,,
PE,GT,visa_free,90,,
PE,GW,visa_on_arrival,,,
PE,GY,visa_free,90,,
PE,HN,visa_free,30,,
PE,HR,visa_free,90,,
PE,HT,visa_free,90,,
PE,HU,visa_free,90,,
PE,ID,visa_free,30,,https://jdih.kemenimipas.go.id/
PE,IE,visa_required,,,
PE,IL,eta,,,
PE,IN,evisa,,,
PE,IQ,evisa,,,
PE,IR,visa_free,15,,
PE,IS,visa_free,90,,
PE,IT,visa_free,90,,
PE,JM,visa_free,30,,
PE,JO,visa_on_arrival,,,
PE,JP,visa_free,90,,
PE,KE,eta,,,
PE,KG,evisa,,,
PE,KH,visa_on_arrival,,,
PE,KI,visa_free,90,,
PE,KM,visa_on_arrival,,,
PE,KN,eta,,,
PE,KP,visa_required,,,
PE,KR,eta,,,
PE,KW,visa_required,,,
PE,KZ,evisa,,,
PE,LA,visa_on_arrival,,,
PE,LB,visa_on_arrival,,,
PE,LC,visa_on_arrival,,,
PE,LI,visa_free,90,,
PE,LK,eta,,,
PE,LR,evisa,,,
PE,LS,visa_required,,,
PE,LT,visa_free,90,,
PE,LU,visa_free,90,,
PE,LV,visa_free,90,,
PE,LY,evisa,,,
PE,MA,visa_free,90,,
PE,MC,visa_free,90,,
PE,MD,visa_free,90,,
PE,ME,visa_free,30,,
PE,MG,visa_on_arrival,,,
PE,MH,visa_on_arrival,,,
PE,MK,visa_free,90,,
PE,ML,visa_required,,,
PE,MM,evisa,,,
PE,MN,visa_free,90,,
PE,MR,evisa,,,
PE,MT,visa_free,90,,
PE,MU,visa_on_arrival,,,
PE,MV,visa_on_arrival,,,
PE,MW,evisa,,,
PE,MX,visa_required,,,
PE,MY,visa_free,90,,
PE,MZ,visa_on_arrival,,,
PE,NA,visa_on_arrival,,,
PE,NE,visa_required,,,
PE,NG,evisa,,,
PE,NI,visa_on_arrival,,,
PE,NL,visa_free,90,,
PE,NO,visa_free,90,,
PE,NP,visa_on_arrival,,,
PE,NR,visa_required,,,
PE,NZ,visa_required,,,
PE,OM,evisa,,,
PE,PA,visa_free,90,,
PE,PG,eta,,,
PE,PH,visa_free,30,,
PE,PK,evisa,,,
PE,PL,visa_free,90,,
PE,PS,visa_free,,,
PE,PT,visa_free,90,,
PE,PW,visa_on_arrival,,,
PE,PY,visa_free,90,,
PE,QA,visa_on_arrival,,,
PE,RO,visa_free,90,,
PE,RS,visa_free,90,,
PE,RU,visa_free,90,,
PE,RW,visa_on_arrival,,,
PE,SA,evisa,,,
PE,SB,visa_required,,,
PE,SC,visa_free,90,,
PE,SD,visa_required,,,
PE,SE,visa_free,90,,
PE,SG,visa_free,30,,
PE,SI,visa_free,90,,
PE,SK,visa_free,90,,
PE,SL,evisa,,,
PE,SM,visa_free,90,,
PE,SN,visa_required,,,
PE,SO,evisa,,,
PE,SR,eta,,,
PE,SS,evisa,,,
PE,ST,evisa,,,
PE,SV,visa_free,180,,
PE,SY,evisa,,,
PE,SZ,visa_required,,,
PE,TD,evisa,,,
PE,TG,evisa,,,
PE,TH,visa_free,60,,
PE,TJ,evisa,,,
PE,TL,visa_on_arrival,,,
PE,TM,visa_required,,,
PE,TN,visa_required,,,
PE,TO,visa_required,,,
PE,TR,visa_free,90,,
PE,TT,visa_free,90,,
PE,TV,visa_on_arrival,,,
PE,TW,evisa,,,
PE,TZ,visa_on_arrival,,,
PE,UA,visa_free,90,,
PE,UG,evisa,,,
PE,US,visa_required,,,
PE,UY,visa_free,90,,
PE,UZ,evisa,,,
PE,VA,visa_free,90,,
PE,VC,visa_free,90,,
PE,VE,visa_required,,,
PE,VN,evisa,,,
PE,VU,visa_free,120,,
PE,WS,visa_on_arrival,,,
PE,XK,visa_required,,,
PE,YE,visa_required,,,
PE,ZA,visa_free,30,,
PE,ZM,visa_on_arrival,,,
PE,ZW,visa_on_arrival,,,
PG,AD,visa_required,,,
PG,AE,evisa,,,
PG,AF,visa_required,,,
PG,AG,visa_free,180,,
PG,AL,evisa,,,
PG,AM,evisa,,,
PG,AO,visa_free,30,,
PG,AR,visa_required,,,
PG,AT,visa_required,,,
PG,AU,evisa,,,
PG,AZ,visa_required,,,
PG,BA,visa_required,,,
PG,BB,visa_required,,,
PG,BD,visa_free,90,,
PG,BE,visa_required,,,
PG,BF,evisa,,,
PG,BG,visa_required,,,
PG,BH,evisa,,,
PG,BI,visa_on_arrival,,,
PG,BJ,evisa,,,
PG,BN,visa_required,,,
PG,BO,evisa,,,
PG,BR,visa_required,,,
PG,BS,visa_free,90,,
PG,BT,evisa,,,
PG,BW,visa_free,90,,
PG,BY,visa_required,,,
PG,BZ,visa_free,,,
PG,CA,eta,,,
PG,CD,evisa,,,
PG,CF,visa_required,,,
PG,CG,visa_required,,,
PG,CH,visa_required,,,
PG,CI,eta,,,
PG,CL,visa_required,,,
PG,CM,evisa,,,
PG,CN,visa_required,,,
PG,CO,visa_free,90,,
PG,CR,visa_required,,,
PG,CU,evisa,,,
PG,CV,visa_required,,,
PG,CY,visa_required,,,
PG,CZ,visa_required,,,
PG,DE,visa_required,,,
PG,DJ,visa_on_arrival,,,
PG,DK,visa_required,,,
PG,DM,visa_free,180,,
PG,DO,visa_free,30,,
PG,DZ,visa_required,,,
PG,EC,visa_free,90,,
PG,EE,visa_required,,,
PG,EG,visa_on_arrival,,,
PG,ER,visa_required,,,
PG,ES,visa_required,,,
PG,ET,evisa,,,
PG,FI,visa_required,,,
PG,FJ,visa_free,120,,
PG,FM,visa_free,30,,
PG,FR,visa_required,,,
PG,GA,evisa,,,
PG,GB,eta,,,
PG,GD,visa_free,90,,
PG,GE,evisa,,,
PG,GH,visa_required,,,
PG,GM,visa_free,90,,
PG,GN,evisa,,,
PG,GQ,evisa,,,
PG,GR,visa_required,,,
PG,GT,visa_required,,,
PG,GW,visa_on_arrival,,,
PG,GY,evisa,,,
PG,HN,visa_required,,,
PG,HR,visa_required,,,
PG,HT,visa_free,90,,
PG,HU,visa_required,,,
PG,ID,visa_on_arrival,,,
PG,IE,visa_required,,,
PG,IL,eta,,,
PG,IN,evisa,,,
PG,IQ,evisa,,,
PG,IR,visa_on_arrival,,,
PG,IS,visa_required,,,
PG,IT,visa_required,,,
PG,JM,visa_free,,,
PG,JO,visa_required,,,
PG,JP,visa_required,,,
PG,KE,visa_free,90,,
PG,KG,evisa,,,
PG,KH,visa_on_arrival,,,
PG,KI,visa_free,90,,
PG,KM,visa_on_arrival,,,
PG,KN,eta,,,
PG,KP,visa_required,,,
PG,KR,evisa,,,
PG,KW,visa_required,,,
PG,KZ,evisa,,,
PG,LA,visa_on_arrival,,,
PG,LB,visa_required,,,
PG,LC,visa_on_arrival,,,
PG,LI,visa_required,,,
PG,LK,eta,,,
PG,LR,evisa,,,
PG,LS,visa_free,90,,
PG,LT,visa_required,,,
PG,LU,visa_required,,,
PG,LV,visa_required,,,
PG,LY,evisa,,,
PG,MA,visa_required,,,
PG,MC,visa_required,,,
PG,MD,evisa,,,
PG,ME,visa_required,,,
PG,MG,visa_on_arrival,,,
PG,MH,visa_on_arrival,,,
PG,MK,visa_required,,,
PG,ML,visa_required,,,
PG,MM,visa_required,,,
PG,MN,evisa,,,
PG,MR,evisa,,,
PG,MT,visa_required,,,
PG,MU,visa_free,90,,
PG,MV,visa_on_arrival,,,
PG,MW,evisa,,,
PG,MX,visa_required,,,
PG,MY,visa_free,30,,
PG,MZ,visa_on_arrival,,,
PG,NA,evisa,,,
PG,NE,visa_required,,,
PG,NG,evisa,,,
PG,NI,visa_on_arrival,,,
PG,NL,visa_required,,,
PG,NO,visa_required,,,
PG,NP,visa_on_arrival,,,
PG,NR,visa_on_arrival,,,
PG,NZ,visa_required,,,
PG,OM,evisa,,,
PG,PA,visa_free,90,,
PG,PE,visa_free,180,,
PG,PH,visa_free,30,,
PG,PK,evisa,,,
PG,PL,visa_required,,,
PG,PS,visa_free,,,
PG,PT,visa_required,,,
PG,PW,visa_on_arrival,,,
PG,PY,visa_required,,,
PG,QA,evisa,,,
PG,RO,visa_required,,,
PG,RS,visa_required,,,
PG,RU,evisa,,,
PG,RW,visa_free,30,,
PG,SA,evisa,,,
PG,SB,visa_on_arrival,,,
PG,SC,visa_free,90,,
PG,SD,visa_required,,,
PG,SE,visa_required,,,
PG,SG,visa_free,30,,
PG,SI,visa_required,,,
PG,SK,visa_required,,,
PG,SL,visa_on_arrival,,,
PG,SM,visa_required,,,
PG,SN,visa_on_arrival,,,
PG,SO,evisa,,,
PG,SR,eta,,,
PG,SS,evisa,,,
PG,ST,evisa,,,
PG,SV,evisa,,,
PG,SY,evisa,,,
PG,SZ,visa_free,30,,
PG,TD,evisa,,,
PG,TG,evisa,,,
PG,TH,visa_free,60,,
PG,TJ,evisa,,,
PG,TL,visa_on_arrival,,,
PG,TM,visa_required,,,
PG,TN,visa_required,,,
PG,TO,visa_on_arrival,,,
PG,TR,visa_required,,,
PG,TT,visa_required,,,
PG,TV,visa_on_arrival,,,
PG,TW,visa_required,,,
PG,TZ,visa_free,90,,
PG,UA,visa_required,,,
PG,UG,evisa,,,
PG,US,visa_required,,,
PG,UY,visa_required,,,
PG,UZ,visa_required,,,
PG,VA,visa_required,,,
PG,VC,visa_free,90,,
PG,VE,visa_required,,,
PG,VN,evisa,,,
PG,VU,visa_free,120,,
PG,WS,visa_on_arrival,,,
PG,XK,visa_free,90,,
PG,YE,visa_required,,,
PG,ZA,visa_required,,,
PG,ZM,visa_free,90,,
PG,ZW,visa_on_arrival,,,
PH,AD,visa_required,,,
PH,AE,evisa,,,
PH,AF,visa_required,,,
PH,AG,evisa,,,
PH,AL,evisa,,,
PH,AM,evisa,,,
PH,AO,visa_required,,,
PH,AR,visa_required,,,
PH,AT,visa_required,,,
PH,AU,evisa,,,
PH,AZ,visa_required,,,
PH,BA,visa_required,,,
PH,BB,visa_free,90,,
PH,BD,visa_required,,,
PH,BE,visa_required,,,
PH,BF,evisa,,,
PH,BG,visa_required,,,
PH,BH,evisa,,,
PH,BI,visa_on_arrival,,,
PH,BJ,evisa,,,
PH,BN,visa_free,14,,
PH,BO,visa_free,90,,
PH,BR,visa_free,90,,
PH,BS,evisa,,,
PH,BT,evisa,,,
PH,BW,evisa,,,
PH,BY,visa_required,,,
PH,BZ,visa_required,,,
PH,CA,visa_required,,,
PH,CD,evisa,,,
PH,CF,visa_required,,,
PH,CG,visa_required,,,
PH,CH,visa_required,,,
PH,CI,visa_free,90,,
PH,CL,visa_required,,,
PH,CM,evisa,,,
PH,CN,visa_required,,,
PH,CO,visa_free,90,,
PH,CR,visa_free,30,,
PH,CU,visa_required,,,
PH,CV,visa_required,,,
PH,CY,visa_required,,,
PH,CZ,visa_required,,,
PH,DE,visa_required,,,
PH,DJ,visa_on_arrival,,,
PH,DK,visa_required,,,
PH,DM,visa_free,21,,
PH,DO,visa_required,,,
PH,DZ,visa_required,,,
PH,EC,evisa,,,
PH,EE,visa_required,,,
PH,EG,visa_required,,,
PH,ER,visa_required,,,
PH,ES,visa_required,,,
PH,ET,visa_on_arrival,,,
PH,FI,visa_required,,,
PH,FJ,visa_free,120,,
PH,FM,visa_free,30,,
PH,FR,visa_required,,,
PH,GA,evisa,,,
PH,GB,visa_required,,,
PH,GD,visa_required,,,
PH,GE,evisa,,,
PH,GH,visa_required,,,
PH,GM,visa_required,,,
PH,GN,evisa,,,
PH,GQ,evisa,,,
PH,GR,visa_required,,,
PH,GT,visa_required,,,
PH,GW,visa_on_arrival,,,
PH,GY,evisa,,,
PH,HN,visa_required,,,
PH,HR,visa_required,,,
PH,HT,visa_free,90,,
PH,HU,visa_required,,,
PH,ID,visa_free,30,,
PH,IE,visa_required,,,
PH,IL,eta,,,
PH,IN,evisa,,,
PH,IQ,evisa,,,
PH,IR,visa_on_arrival,,,
PH,IS,visa_required,,,
PH,IT,visa_required,,,
PH,JM,visa_required,,,
PH,JO,visa_required,,,
PH,JP,visa_required,,,
PH,KE,eta,,,
PH,KG,visa_on_arrival,,,
PH,KH,visa_free,30,,
PH,KI,visa_free,90,,
PH,KM,visa_on_arrival,,,
PH,KN,evisa,,,
PH,KP,visa_required,,,
PH,KR,evisa,,,
PH,KW,no_admission,,,
PH,KZ,visa_free,30,,
PH,LA,visa_free,30,,
PH,LB,visa_required,,,
PH,LC,visa_on_arrival,,,
PH,LI,visa_required,,,
PH,LK,eta,,,https://www.immigration.gov.lk/pages_e.php?id=14
PH,LR,evisa,,,
PH,LS,visa_required,,,
PH,LT,visa_required,,,
PH,LU,visa_required,,,
PH,LV,visa_required,,,
PH,LY,evisa,,,
PH,MA,visa_free,90,,
PH,MC,visa_required,,,
PH,MD,evisa,,,
PH,ME,visa_required,,,
PH,MG,visa_on_arrival,,,
PH,MH,visa_on_arrival,,,
PH,MK,visa_required,,,
PH,ML,visa_required,,,
PH,MM,visa_free,14,,
PH,MN,visa_free,21,,
PH,MR,evisa,,,
PH,MT,visa_required,,,
PH,MU,visa_on_arrival,,,
PH,MV,visa_on_arrival,,,
PH,MW,visa_free,,,https://evisa.gov.mw/
PH,MX,visa_required,,,
PH,MY,visa_free,30,,
PH,MZ,visa_on_arrival,,,
PH,NA,evisa,,,
PH,NE,visa_required,,,
PH,NG,evisa,,,
PH,NI,visa_on_arrival,,,
PH,NL,visa_required,,,
PH,NO,visa_required,,,
PH,NP,visa_on_arrival,,,
PH,NR,visa_required,,,
PH,NZ,visa_required,,,
PH,OM,evisa,,,
PH,PA,visa_required,,,
PH,PE,visa_free,180,,
PH,PG,eta,,,
PH,PK,evisa,,,
PH,PL,visa_required,,,
PH,PS,visa_free,,,
PH,PT,visa_required,,,
PH,PW,visa_on_arrival,,,
PH,PY,visa_required,,,
PH,QA,evisa,,,
PH,RO,visa_required,,,
PH,RS,visa_required,,,
PH,RU,evisa,,,
PH,RW,visa_free,90,,
PH,SA,evisa,,,
PH,SB,visa_required,,,
PH,SC,visa_free,90,,
PH,SD,visa_required,,,
PH,SE,visa_required,,,
PH,SG,visa_free,30,,
PH,SI,visa_required,,,
PH,SK,visa_required,,,
PH,SL,evisa,,,
PH,SM,visa_required,,,
PH,SN,visa_on_arrival,,,
PH,SO,evisa,,,
PH,SR,visa_free,30,,
PH,SS,evisa,,,
PH,ST,evisa,,,
PH,SV,evisa,,,
PH,SY,evisa,,,
PH,SZ,visa_required,,,
PH,TD,evisa,,,
PH,TG,evisa,,,
PH,TH,visa_free,60,,
PH,TJ,visa_free,30,,
PH,TL,visa_on_arrival,,,
PH,TM,visa_required,,,
PH,TN,visa_required,,,
PH,TO,visa_required,,,
PH,TR,evisa,,,https://www.mfa.gov.tr/visa-information-for-foreigners.en.mfa
PH,TT,visa_on_arrival,,,
PH,TV,visa_on_arrival,,,
PH,TW,visa_free,14,,https://www.boca.gov.tw/cp-220-8253-ff790-2.html
PH,TZ,visa_on_arrival,,,
PH,UA,evisa,,,
PH,UG,evisa,,,
PH,US,visa_required,,,
PH,UY,visa_required,,,
PH,UZ,evisa,,,
PH,VA,visa_required,,,
PH,VC,visa_free,90,,
PH,VE,visa_required,,,
PH,VN,visa_free,21,,https://mofa.gov.vn/tin-chi-tiet/chi-tiet/viet-nam-39-s-visa-exemption-list-57163-596.html
PH,VU,visa_free,120,,
PH,WS,visa_on_arrival,,,
PH,XK,visa_required,,,
PH,YE,visa_required,,,
PH,ZA,evisa,,,
PH,ZM,evisa,,,
PH,ZW,evisa,,,
PK,AD,visa_required,,,
PK,AE,evisa,,,
PK,AF,visa_required,,,
PK,AG,evisa,,,
PK,AL,evisa,,,
PK,AM,visa_required,,,
PK,AO,visa_required,,,
PK,AR,visa_required,,,
PK,AT,visa_required,,,
PK,AU,evisa,,,
PK,AZ,evisa,,,
PK,BA,visa_required,,,
PK,BB,visa_free,90,,
PK,BD,visa_required,,,
PK,BE,visa_required,,,
PK,BF,evisa,,,
PK,BG,visa_required,,,
PK,BH,evisa,,,
PK,BI,visa_on_arrival,,,
PK,BJ,evisa,,,
PK,BN,visa_required,,,
PK,BO,evisa,,,
PK,BR,visa_required,,,
PK,BS,evisa,,,
PK,BT,evisa,,,
PK,BW,evisa,,,
PK,BY,visa_required,,,
PK,BZ,visa_required,,,
PK,CA,visa_required,,,
PK,CD,evisa,,,
PK,CF,visa_required,,,
PK,CG,visa_required,,,
PK,CH,visa_required,,,
PK,CI,eta,,,
PK,CL,visa_required,,,
PK,CM,evisa,,,
PK,CN,visa_required,,,
PK,CO,evisa,,,
PK,CR,visa_required,,,
PK,CU,visa_required,,,
PK,CV,visa_required,,,
PK,CY,visa_required,,,
PK,CZ,visa_required,,,
PK,DE,visa_required,,,
PK,DJ,visa_on_arrival,,,
PK,DK,visa_required,,,
PK,DM,visa_free,180,,
PK,DO,visa_required,,,
PK,DZ,visa_required,,,
PK,EC,evisa,,,
PK,EE,visa_required,,,
PK,EG,visa_required,,,
PK,ER,visa_required,,,
PK,ES,visa_required,,,
PK,ET,evisa,,,
PK,FI,visa_required,,,
PK,FJ,visa_required,,,
PK,FM,visa_free,30,,
PK,FR,visa_required,,,
PK,GA,evisa,,,
PK,GB,visa_required,,,
PK,GD,visa_required,,,
PK,GE,visa_required,,,
PK,GH,visa_required,,,
PK,GM,visa_free,90,,
PK,GN,evisa,,,
PK,GQ,evisa,,,
PK,GR,visa_required,,,
PK,GT,visa_required,,,
PK,GW,visa_on_arrival,,,
PK,GY,evisa,,,
PK,HN,visa_required,,,
PK,HR,visa_required,,,
PK,HT,visa_free,90,,
PK,HU,visa_required,,,
PK,ID,evisa,,,
PK,IE,visa_required,,,
PK,IL,evisa,,,
PK,IN,visa_required,,,
PK,IQ,evisa,,,
PK,IR,visa_required,,,
PK,IS,visa_required,,,
PK,IT,visa_required,,,
PK,JM,visa_required,,,
PK,JO,visa_required,,,
PK,JP,visa_required,,,
PK,KE,eta,,,
PK,KG,evisa,,,
PK,KH,visa_on_arrival,,,
PK,KI,visa_required,,,
PK,KM,visa_on_arrival,,,
PK,KN,evisa,,,
PK,KP,visa_required,,,
PK,KR,evisa,,,
PK,KW,visa_required,,,
PK,KZ,evisa,,,
PK,LA,visa_required,,,
PK,LB,visa_required,,,
PK,LC,visa_required,,,
PK,LI,visa_required,,,
PK,LK,eta,,,https://www.immigration.gov.lk/pages_e.php?id=14
PK,LR,evisa,,,
PK,LS,visa_required,,,
PK,LT,visa_required,,,
PK,LU,visa_required,,,
PK,LV,visa_required,,,
PK,LY,no_admission,,,
PK,MA,visa_required,,,
PK,MC,visa_required,,,
PK,MD,evisa,,,
PK,ME,visa_required,,,
PK,MG,visa_on_arrival,,,
PK,MH,visa_required,,,
PK,MK,visa_required,,,
PK,ML,visa_required,,,
PK,MM,evisa,,,
PK,MN,visa_required,,,
PK,MR,evisa,,,
PK,MT,visa_required,,,
PK,MU,visa_required,,,
PK,MV,visa_on_arrival,,,
PK,MW,evisa,,,
PK,MX,visa_required,,,
PK,MY,evisa,,,
PK,MZ,evisa,,,
PK,NA,evisa,,,
PK,NE,visa_required,,,
PK,NG,evisa,,,
PK,NI,visa_required,,,
PK,NL,visa_required,,,
PK,NO,visa_required,,,
PK,NP,visa_on_arrival,,,
PK,NR,visa_required,,,
PK,NZ,visa_required,,,
PK,OM,evisa,,,
PK,PA,visa_required,,,
PK,PE,visa_required,,,
PK,PG,evisa,,,
PK,PH,visa_required,,,
PK,PL,visa_required,,,
PK,PS,visa_required,,,
PK,PT,visa_required,,,
PK,PW,visa_on_arrival,,,
PK,PY,visa_required,,,
PK,QA,visa_on_arrival,,,
PK,RO,visa_required,,,
PK,RS,visa_required,,,
PK,RU,visa_required,,,
PK,RW,visa_free,30,,
PK,SA,evisa,,,
PK,SB,visa_required,,,
PK,SC,visa_free,90,,
PK,SD,visa_required,,,
PK,SE,visa_required,,,
PK,SG,evisa,,,
PK,SI,visa_required,,,
PK,SK,visa_required,,,
PK,SL,visa_on_arrival,,,
PK,SM,visa_required,,,
PK,SN,visa_on_arrival,,,
PK,SO,evisa,,,
PK,SR,evisa,,,
PK,SS,evisa,,,
PK,ST,evisa,,,
PK,SV,evisa,,,
PK,SY,evisa,,,
PK,SZ,visa_required,,,
PK,TD,evisa,,,
PK,TG,evisa,,,
PK,TH,evisa,,,
PK,TJ,evisa,,,
PK,TL,visa_on_arrival,,,
PK,TM,visa_required,,,
PK,TN,visa_required,,,
PK,TO,visa_required,,,
PK,TR,visa_required,,,
PK,TT,visa_free,,,
PK,TV,visa_on_arrival,,,
PK,TW,visa_required,,,
PK,TZ,evisa,,,
PK,UA,visa_required,,,
PK,UG,evisa,,,
PK,US,visa_required,,,
PK,UY,visa_required,,,
PK,UZ,visa_required,,,
PK,VA,visa_required,,,
PK,VC,visa_free,90,,
PK,VE,visa_required,,,
PK,VN,evisa,,,
PK,VU,visa_free,120,,
PK,WS,visa_on_arrival,,,
PK,XK,visa_required,,,
PK,YE,visa_required,,,
PK,ZA,evisa,,,
PK,ZM,evisa,,,
PK,ZW,evisa,,,
PL,AD,visa_free,,,
PL,AE,visa_free,90,,
PL,AF,visa_required,,,
PL,AG,visa_free,180,,
PL,AL,visa_free,90,,
PL,AM,visa_free,180,,
PL,AO,visa_free,30,,
PL,AR,visa_free,90,,
PL,AT,visa_free,,,
PL,AU,eta,,,
PL,AZ,evisa,,,
PL,BA,visa_free,90,,
PL,BB,visa_free,90,,
PL,BD,visa_on_arrival,,,
PL,BE,visa_free,,,
PL,BF,evisa,,,
PL,BG,visa_free,,,
PL,BH,visa_on_arrival,,,
PL,BI,visa_on_arrival,,,
PL,BJ,evisa,,,
PL,BN,visa_free,90,,
PL,BO,visa_free,90,,
PL,BR,visa_free,90,,
PL,BS,visa_free,90,,
PL,BT,evisa,,,
PL,BW,visa_free,90,,
PL,BY,visa_free,30,,
PL,BZ,visa_free,,,
PL,CA,eta,,,
PL,CD,evisa,,,
PL,CF,visa_required,,,
PL,CG,visa_required,,,
PL,CH,visa_free,,,
PL,CI,eta,,,
PL,CL,visa_free,90,,
PL,CM,evisa,,,
PL,CN,visa_free,30,,https://www.fmprc.gov.cn/eng/xw/fyrbt/202602/t20260215_11860467.html
PL,CO,visa_free,90,,
PL,CR,visa_free,180,,
PL,CU,evisa,,,
PL,CV,visa_free,30,,
PL,CY,visa_free,,,
PL,CZ,visa_free,,,
PL,DE,visa_free,,,
PL,DJ,visa_on_arrival,,,
PL,DK,visa_free,,,
PL,DM,visa_free,180,,
PL,DO,visa_free,30,,
PL,DZ,visa_required,,,
PL,EC,visa_free,90,,
PL,EE,visa_free,,,
PL,EG,visa_on_arrival,,,
PL,ER,visa_required,,,
PL,ES,visa_free,,,
PL,ET,visa_on_arrival,,,
PL,FI,visa_free,,,
PL,FJ,visa_free,120,,
PL,FM,visa_free,90,,
PL,FR,visa_free,,,
PL,GA,evisa,,,
PL,GB,eta,,,
PL,GD,visa_free,90,,
PL,GE,visa_free,365,,
PL,GH,visa_required,,,
PL,GM,visa_free,90,,
PL,GN,evisa,,,
PL,GQ,evisa,,,
PL,GR,visa_free,,,
PL,GT,visa_free,90,,
PL,GW,visa_on_arrival,,,
PL,GY,evisa,,,
PL,HN,visa_free,90,,
PL,HR,visa_free,,,
PL,HT,visa_free,90,,
PL,HU,visa_free,,,
PL,ID,visa_on_arrival,,,
PL,IE,visa_free,,,
PL,IL,eta,,,
PL,IN,evisa,,,
PL,IQ,evisa,,,
PL,IR,visa_on_arrival,,,
PL,IS,visa_free,,,
PL,IT,visa_free,,,
PL,JM,visa_free,30,,
PL,JO,visa_on_arrival,,,
PL,JP,visa_free,90,,
PL,KE,eta,,,
PL,KG,visa_free,60,,
PL,KH,visa_on_arrival,,,
PL,KI,visa_free,90,,
PL,KM,visa_on_arrival,,,
PL,KN,eta,,,
PL,KP,visa_required,,,
PL,KR,visa_free,90,,
PL,KW,visa_on_arrival,,,
PL,KZ,visa_free,30,,
PL,LA,visa_on_arrival,,,
PL,LB,visa_on_arrival,,,
PL,LC,visa_free,90,,
PL,LI,visa_free,,,
PL,LK,eta,,,
PL,LR,evisa,,,
PL,LS,visa_free,14,,
PL,LT,visa_free,,,
PL,LU,visa_free,,,
PL,LV,visa_free,,,
PL,LY,evisa,,,
PL,MA,visa_free,90,,
PL,MC,visa_free,,,
PL,MD,visa_free,90,,
PL,ME,visa_free,90,,
PL,MG,visa_on_arrival,,,
PL,MH,visa_free,90,,
PL,MK,visa_free,90,,
PL,ML,visa_required,,,
PL,MM,evisa,,,
PL,MN,visa_free,30,,
PL,MR,evisa,,,
PL,MT,visa_free,,,
PL,MU,visa_free,90,,
PL,MV,visa_on_arrival,,,
PL,MW,evisa,,,
PL,MX,visa_free,180,,
PL,MY,visa_free,90,,
PL,MZ,visa_on_arrival,,,
PL,NA,visa_on_arrival,,,
PL,NE,visa_required,,,
PL,NG,evisa,,,
PL,NI,visa_free,90,,
PL,NL,visa_free,,,
PL,NO,visa_free,,,
PL,NP,visa_on_arrival,,,
PL,NR,visa_required,,,
PL,NZ,eta,,,
PL,OM,visa_on_arrival,,,
PL,PA,visa_free,90,,
PL,PE,visa_free,90,,
PL,PG,eta,,,
PL,PH,visa_free,30,,
PL,PK,evisa,,,
PL,PS,visa_free,,,
PL,PT,visa_free,,,
PL,PW,visa_free,90,,
PL,PY,visa_free,90,,
PL,QA,visa_on_arrival,,,
PL,RO,visa_free,,,
PL,RS,visa_free,90,,
PL,RU,evisa,,,
PL,RW,visa_on_arrival,,,
PL,SA,visa_on_arrival,,,
PL,SB,visa_free,90,,
PL,SC,visa_free,90,,
PL,SD,visa_required,,,
PL,SE,visa_free,,,
PL,SG,visa_free,90,,
PL,SI,visa_free,,,
PL,SK,visa_free,,,
PL,SL,visa_on_arrival,,,
PL,SM,visa_free,,,
PL,SN,visa_free,90,,
PL,SO,evisa,,,
PL,SR,eta,,,
PL,SS,evisa,,,
PL,ST,visa_free,15,,
PL,SV,visa_free,180,,
PL,SY,evisa,,,
PL,SZ,visa_free,30,,
PL,TD,evisa,,,
PL,TG,evisa,,,
PL,TH,visa_free,60,,
PL,TJ,visa_free,30,,
PL,TL,visa_free,90,,
PL,TM,visa_required,,,
PL,TN,visa_free,90,,
PL,TO,visa_free,90,,
PL,TR,visa_free,90,,
PL,TT,visa_free,90,,
PL,TV,visa_free,90,,
PL,TW,visa_free,90,,
PL,TZ,visa_on_arrival,,,
PL,UA,visa_free,90,,
PL,UG,evisa,,,
PL,US,eta,,,
PL,UY,visa_free,90,,
PL,UZ,visa_free,30,,
PL,VA,visa_free,,,
PL,VC,visa_free,90,,
PL,VE,visa_free,90,,
PL,VN,visa_free,45,,https://baochinhphu.vn/tu-15-8-2025-mien-thi-thuc-cho-cong-dan-12-nuoc-vao-viet-nam-du-lich-102250811085114891.htm
PL,VU,visa_free,120,,
PL,WS,visa_free,90,,
PL,XK,visa_free,90,,
PL,YE,visa_required,,,
PL,ZA,visa_free,30,,
PL,ZM,visa_free,90,,
PL,ZW,visa_on_arrival,,,
PS,AD,visa_required,,,
PS,AE,evisa,,,
PS,AF,visa_required,,,
PS,AG,evisa,,,
PS,AL,evisa,,,
PS,AM,visa_required,,,
PS,AO,visa_required,,,
PS,AR,visa_required,,,
PS,AT,visa_required,,,
PS,AU,evisa,,,
PS,AZ,visa_required,,,
PS,BA,visa_required,,,
PS,BB,visa_required,,,
PS,BD,visa_on_arrival,,,
PS,BE,visa_required,,,
PS,BF,evisa,,,
PS,BG,visa_required,,,
PS,BH,evisa,,,
PS,BI,visa_on_arrival,,,
PS,BJ,evisa,,,
PS,BN,visa_required,,,
PS,BO,visa_free,90,,
PS,BR,visa_required,,,
PS,BS,evisa,,,
PS,BT,evisa,,,
PS,BW,evisa,,,
PS,BY,visa_required,,,
PS,BZ,visa_required,,,
PS,CA,visa_required,,,
PS,CD,evisa,,,
PS,CF,visa_required,,,
PS,CG,visa_required,,,
PS,CH,visa_required,,,
PS,CI,eta,,,
PS,CL,visa_required,,,
PS,CM,evisa,,,
PS,CN,visa_required,,,
PS,CO,evisa,,,
PS,CR,visa_required,,,
PS,CU,evisa,,,
PS,CV,visa_required,,,
PS,CY,visa_required,,,
PS,CZ,visa_required,,,
PS,DE,visa_required,,,
PS,DJ,visa_on_arrival,,,
PS,DK,visa_required,,,
PS,DM,visa_free,21,,
PS,DO,visa_required,,,
PS,DZ,visa_required,,,
PS,EC,visa_free,90,,
PS,EE,visa_required,,,
PS,EG,visa_required,,,
PS,ER,visa_required,,,
PS,ES,visa_required,,,
PS,ET,evisa,,,
PS,FI,visa_required,,,
PS,FJ,visa_required,,,
PS,FM,visa_free,30,,
PS,FR,visa_required,,,
PS,GA,evisa,,,
PS,GB,visa_required,,,
PS,GD,visa_required,,,
PS,GE,visa_required,,,
PS,GH,visa_required,,,
PS,GM,visa_required,,,
PS,GN,evisa,,,
PS,GQ,evisa,,,
PS,GR,visa_required,,,
PS,GT,visa_required,,,
PS,GW,visa_on_arrival,,,
PS,GY,evisa,,,
PS,HN,visa_required,,,
PS,HR,visa_required,,,
PS,HT,visa_required,,,
PS,HU,visa_required,,,
PS,ID,visa_on_arrival,,,
PS,IE,visa_required,,,
PS,IL,evisa,,,
PS,IN,evisa,,,
PS,IQ,evisa,,,
PS,IR,visa_on_arrival,,,
PS,IS,visa_required,,,
PS,IT,visa_required,,,
PS,JM,visa_required,,,
PS,JO,visa_free,30,,
PS,JP,visa_required,,,
PS,KE,eta,,,
PS,KG,evisa,,,
PS,KH,visa_on_arrival,,,
PS,KI,visa_required,,,
PS,KM,visa_on_arrival,,,
PS,KN,evisa,,,
PS,KP,visa_required,,,
PS,KR,evisa,,,
PS,KW,visa_required,,,
PS,KZ,evisa,,,
PS,LA,visa_on_arrival,,,
PS,LB,visa_required,,,
PS,LC,visa_required,,,
PS,LI,visa_required,,,
PS,LK,eta,,,
PS,LR,evisa,,,
PS,LS,visa_required,,,
PS,LT,visa_required,,,
PS,LU,visa_required,,,
PS,LV,visa_required,,,
PS,LY,evisa,,,
PS,MA,visa_required,,,
PS,MC,visa_required,,,
PS,MD,evisa,,,
PS,ME,visa_required,,,
PS,MG,no_admission,,,
PS,MH,visa_required,,,
PS,MK,visa_required,,,
PS,ML,visa_required,,,
PS,MM,visa_required,,,
PS,MN,visa_required,,,
PS,MR,evisa,,,
PS,MT,visa_required,,,
PS,MU,visa_required,,,
PS,MV,visa_on_arrival,,,
PS,MW,evisa,,,
PS,MX,visa_required,,,
PS,MY,visa_free,30,,
PS,MZ,visa_on_arrival,,,
PS,NA,visa_on_arrival,,,
PS,NE,visa_required,,,
PS,NG,evisa,,,
PS,NI,visa_free,90,,
PS,NL,visa_required,,,
PS,NO,visa_required,,,
PS,NP,visa_required,,,
PS,NR,visa_required,,,
PS,NZ,visa_required,,,
PS,OM,evisa,,,
PS,PA,visa_required,,,
PS,PE,visa_required,,,
PS,PG,evisa,,,
PS,PH,visa_required,,,
PS,PK,evisa,,,
PS,PL,visa_required,,,
PS,PT,visa_required,,,
PS,PW,visa_on_arrival,,,
PS,PY,visa_required,,,
PS,QA,evisa,,,
PS,RO,visa_required,,,
PS,RS,visa_required,,,
PS,RU,visa_required,,,
PS,RW,visa_on_arrival,,,
PS,SA,visa_required,,,
PS,SB,visa_required,,,
PS,SC,visa_free,90,,
PS,SD,visa_required,,,
PS,SE,visa_required,,,
PS,SG,evisa,,,
PS,SI,visa_required,,,
PS,SK,visa_required,,,
PS,SL,evisa,,,
PS,SM,visa_required,,,
PS,SN,visa_on_arrival,,,
PS,SO,evisa,,,
PS,SR,eta,,,
PS,SS,evisa,,,
PS,ST,evisa,,,
PS,SV,evisa,,,
PS,SY,evisa,,,
PS,SZ,visa_free,30,,
PS,TD,evisa,,,
PS,TG,evisa,,,
PS,TH,evisa,,,
PS,TJ,evisa,,,
PS,TL,visa_on_arrival,,,
PS,TM,visa_required,,,
PS,TN,visa_required,,,
PS,TO,visa_required,,,
PS,TR,visa_required,,,
PS,TT,visa_required,,,
PS,TV,visa_on_arrival,,,
PS,TW,visa_required,,,
PS,TZ,evisa,,,
PS,UA,visa_required,,,
PS,UG,evisa,,,
PS,US,visa_required,,,
PS,UY,visa_required,,,
PS,UZ,visa_required,,,
PS,VA,visa_required,,,
PS,VC,visa_required,,,
PS,VE,visa_free,90,,
PS,VN,evisa,,,
PS,VU,evisa,,,
PS,WS,visa_on_arrival,,,
PS,XK,visa_required,,,
PS,YE,visa_required,,,
PS,ZA,visa_required,,,
PS,ZM,evisa,,,
PS,ZW,visa_on_arrival,,,
PT,AD,visa_free,,,
PT,AE,visa_free,90,,
PT,AF,visa_required,,,
PT,AG,visa_free,180,,
PT,AL,visa_free,90,,
PT,AM,visa_free,180,,
PT,AO,visa_free,30,,
PT,AR,visa_free,90,,
PT,AT,visa_free,,,
PT,AU,eta,,,
PT,AZ,evisa,,,
PT,BA,visa_free,90,,
PT,BB,visa_free,90,,
PT,BD,visa_on_arrival,,,
PT,BE,visa_free,,,
PT,BF,evisa,,,
PT,BG,visa_free,,,
PT,BH,visa_on_arrival,,,
PT,BI,visa_on_arrival,,,
PT,BJ,evisa,,,
PT,BN,visa_free,90,,
PT,BO,visa_free,90,,
PT,BR,visa_free,90,,
PT,BS,visa_free,90,,
PT,BT,evisa,,,
PT,BW,visa_free,90,,
PT,BY,visa_free,30,,
PT,BZ,visa_free,,,
PT,CA,eta,,,
PT,CD,evisa,,,
PT,CF,visa_required,,,
PT,CG,visa_required,,,
PT,CH,visa_free,,,
PT,CI,eta,,,
PT,CL,visa_free,90,,
PT,CM,evisa,,,
PT,CN,visa_free,30,,https://www.fmprc.gov.cn/eng/xw/fyrbt/202602/t20260215_11860467.html
PT,CO,visa_free,90,,
PT,CR,visa_free,180,,
PT,CU,evisa,,,
PT,CV,visa_free,30,,
PT,CY,visa_free,,,
PT,CZ,visa_free,,,
PT,DE,visa_free,,,
PT,DJ,visa_on_arrival,,,
PT,DK,visa_free,,,
PT,DM,visa_free,180,,
PT,DO,visa_free,30,,
PT,DZ,visa_required,,,
PT,EC,visa_free,90,,
PT,EE,visa_free,,,
PT,EG,visa_on_arrival,,,
PT,ER,visa_required,,,
PT,ES,visa_free,,,
PT,ET,visa_on_arrival,,,
PT,FI,visa_free,,,
PT,FJ,visa_free,120,,
PT,FM,visa_free,90,,
PT,FR,visa_free,,,
PT,GA,evisa,,,
PT,GB,eta,,,
PT,GD,visa_free,90,,
PT,GE,visa_free,365,,
PT,GH,visa_required,,,
PT,GM,visa_free,90,,
PT,GN,evisa,,,
PT,GQ,evisa,,,
PT,GR,visa_free,,,
PT,GT,visa_free,90,,
PT,GW,visa_on_arrival,,,
PT,GY,visa_free,90,,
PT,HN,visa_free,90,,
PT,HR,visa_free,,,
PT,HT,visa_free,90,,
PT,HU,visa_free,,,
PT,ID,visa_on_arrival,,,
PT,IE,visa_free,,,
PT,IL,eta,,,
PT,IN,evisa,,,
PT,IQ,evisa,,,
PT,IR,visa_on_arrival,,,
PT,IS,visa_free,,,
PT,IT,visa_free,,,
PT,JM,visa_free,30,,
PT,JO,visa_on_arrival,,,
PT,JP,visa_free,90,,
PT,KE,eta,,,
PT,KG,visa_free,60,,
PT,KH,visa_on_arrival,,,
PT,KI,visa_free,90,,
PT,KM,visa_on_arrival,,,
PT,KN,eta,,,
PT,KP,visa_required,,,
PT,KR,visa_free,90,,
PT,KW,visa_on_arrival,,,
PT,KZ,visa_free,30,,
PT,LA,visa_on_arrival,,,
PT,LB,visa_on_arrival,,,
PT,LC,visa_free,90,,
PT,LI,visa_free,,,
PT,LK,eta,,,
PT,LR,evisa,,,
PT,LS,visa_free,14,,
PT,LT,visa_free,,,
PT,LU,visa_free,,,
PT,LV,visa_free,,,
PT,LY,evisa,,,
PT,MA,visa_free,90,,
PT,MC,visa_free,,,
PT,MD,visa_free,90,,
PT,ME,visa_free,90,,
PT,MG,visa_on_arrival,,,
PT,MH,visa_free,90,,
PT,MK,visa_free,90,,
PT,ML,visa_required,,,
PT,MM,evisa,,,
PT,MN,visa_free,30,,
PT,MR,evisa,,,
PT,MT,visa_free,,,
PT,MU,visa_free,90,,
PT,MV,visa_on_arrival,,,
PT,MW,evisa,,,
PT,MX,visa_free,180,,
PT,MY,visa_free,90,,
PT,MZ,visa_free,30,,
PT,NA,visa_on_arrival,,,
PT,NE,visa_required,,,
PT,NG,evisa,,,
PT,NI,visa_free,90,,
PT,NL,visa_free,,,
PT,NO,visa_free,,,
PT,NP,visa_on_arrival,,,
PT,NR,visa_required,,,
PT,NZ,eta,,,
PT,OM,visa_on_arrival,,,
PT,PA,visa_free,90,,
PT,PE,visa_free,90,,
PT,PG,eta,,,
PT,PH,visa_free,30,,
PT,PK,evisa,,,
PT,PL,visa_free,,,
PT,PS,visa_free,,,
PT,PW,visa_free,90,,
PT,PY,visa_free,90,,
PT,QA,visa_on_arrival,,,
PT,RO,visa_free,,,
PT,RS,visa_free,90,,
PT,RU,evisa,,,
PT,RW,visa_on_arrival,,,
PT,SA,visa_on_arrival,,,
PT,SB,visa_free,90,,
PT,SC,visa_free,90,,
PT,SD,visa_required,,,
PT,SE,visa_free,,,
PT,SG,visa_free,90,,
PT,SI,visa_free,,,
PT,SK,visa_free,,,
PT,SL,visa_on_arrival,,,
PT,SM,visa_free,,,
PT,SN,visa_free,90,,
PT,SO,evisa,,,
PT,SR,eta,,,
PT,SS,evisa,,,
PT,ST,visa_free,15,,
PT,SV,visa_free,180,,
PT,SY,evisa,,,
PT,SZ,visa_free,30,,
PT,TD,evisa,,,
PT,TG,evisa,,,
PT,TH,visa_free,60,,
PT,TJ,visa_free,30,,
PT,TL,visa_free,90,,
PT,TM,visa_required,,,
PT,TN,visa_free,90,,
PT,TO,visa_free,90,,
PT,TR,visa_free,90,,
PT,TT,visa_free,90,,
PT,TV,visa_free,90,,
PT,TW,visa_free,90,,
PT,TZ,visa_on_arrival,,,
PT,UA,visa_free,90,,
PT,UG,evisa,,,
PT,US,eta,,,
PT,UY,visa_free,90,,
PT,UZ,visa_free,30,,
PT,VA,visa_free,,,
PT,VC,visa_free,90,,
PT,VE,visa_free,90,,
PT,VN,evisa,,,
PT,VU,visa_free,120,,
PT,WS,visa_free,90,,
PT,XK,visa_free,90,,
PT,YE,visa_required,,,
PT,ZA,visa_free,90,,
PT,ZM,visa_free,90,,
PT,ZW,visa_on_arrival,,,
PW,AD,visa_free,90,,
PW,AE,evisa,,,
PW,AF,visa_required,,,
PW,AG,evisa,,,
PW,AL,evisa,,,
PW,AM,evisa,,,
PW,AO,visa_free,30,,
PW,AR,visa_required,,,
PW,AT,visa_free,90,,
PW,AU,evisa,,,
PW,AZ,visa_required,,,
PW,BA,visa_free,90,,
PW,BB,visa_free,90,,
PW,BD,visa_on_arrival,,,
PW,BE,visa_free,90,,
PW,BF,evisa,,,
PW,BG,visa_free,90,,
PW,BH,evisa,,,
PW,BI,visa_on_arrival,,,
PW,BJ,evisa,,,
PW,BN,visa_required,,,
PW,BO,evisa,,,
PW,BR,visa_required,,,
PW,BS,evisa,,,
PW,BT,evisa,,,
PW,BW,evisa,,,
PW,BY,visa_required,,,
PW,BZ,visa_free,,,
PW,CA,visa_required,,,
PW,CD,evisa,,,
PW,CF,visa_required,,,
PW,CG,visa_required,,,
PW,CH,visa_free,90,,
PW,CI,eta,,,
PW,CL,visa_required,,,
PW,CM,evisa,,,
PW,CN,visa_required,,,
PW,CO,visa_free,90,,
PW,CR,visa_free,30,,
PW,CU,evisa,,,
PW,CV,visa_required,,,
PW,CY,visa_free,90,,
PW,CZ,visa_free,90,,
PW,DE,visa_free,90,,
PW,DJ,visa_on_arrival,,,
PW,DK,visa_free,90,,
PW,DM,visa_free,21,,
PW,DO,visa_required,,,
PW,DZ,visa_required,,,
PW,EC,visa_free,90,,
PW,EE,visa_free,90,,
PW,EG,visa_on_arrival,,,
PW,ER,visa_required,,,
PW,ES,visa_free,90,,
PW,ET,evisa,,,
PW,FI,visa_free,90,,
PW,FJ,visa_free,120,,
PW,FM,visa_free,360,,
PW,FR,visa_free,90,,
PW,GA,evisa,,,
PW,GB,eta,,,
PW,GD,visa_free,90,,
PW,GE,evisa,,,
PW,GH,visa_required,,,
PW,GM,visa_required,,,
PW,GN,evisa,,,
PW,GQ,evisa,,,
PW,GR,visa_free,90,,
PW,GT,visa_required,,,
PW,GW,visa_on_arrival,,,
PW,GY,evisa,,,
PW,HN,visa_required,,,
PW,HR,visa_free,90,,
PW,HT,visa_free,90,,
PW,HU,visa_free,90,,
PW,ID,evisa,,,
PW,IE,visa_required,,,
PW,IL,eta,,,
PW,IN,evisa,,,
PW,IQ,evisa,,,
PW,IR,visa_on_arrival,,,
PW,IS,visa_free,90,,
PW,IT,visa_free,90,,
PW,JM,visa_required,,,
PW,JO,visa_on_arrival,,,
PW,JP,visa_required,,,
PW,KE,eta,,,
PW,KG,evisa,,,
PW,KH,visa_on_arrival,,,
PW,KI,visa_free,90,,
PW,KM,visa_on_arrival,,,
PW,KN,evisa,,,
PW,KP,visa_required,,,
PW,KR,visa_free,30,,
PW,KW,visa_required,,,
PW,KZ,evisa,,,
PW,LA,visa_on_arrival,,,
PW,LB,visa_required,,,
PW,LC,visa_on_arrival,,,
PW,LI,visa_free,90,,
PW,LK,eta,,,
PW,LR,evisa,,,
PW,LS,visa_required,,,
PW,LT,visa_free,90,,
PW,LU,visa_free,90,,
PW,LV,visa_free,90,,
PW,LY,evisa,,,
PW,MA,visa_required,,,
PW,MC,visa_free,90,,
PW,MD,visa_free,90,,
PW,ME,visa_free,90,,
PW,MG,visa_on_arrival,,,
PW,MH,visa_free,,,
PW,MK,visa_required,,,
PW,ML,visa_required,,,
PW,MM,visa_required,,,
PW,MN,evisa,,,
PW,MR,evisa,,,
PW,MT,visa_free,90,,
PW,MU,visa_on_arrival,,,
PW,MV,visa_on_arrival,,,
PW,MW,evisa,,,
PW,MX,visa_free,180,,
PW,MY,visa_free,30,,
PW,MZ,visa_on_arrival,,,
PW,NA,evisa,,,
PW,NE,visa_required,,,
PW,NG,evisa,,,
PW,NI,visa_on_arrival,,,
PW,NL,visa_free,90,,
PW,NO,visa_free,90,,
PW,NP,visa_on_arrival,,,
PW,NR,visa_on_arrival,,,
PW,NZ,visa_required,,,
PW,OM,evisa,,,
PW,PA,visa_free,90,,
PW,PE,visa_free,180,,
PW,PG,visa_on_arrival,,,
PW,PH,visa_free,30,,
PW,PK,evisa,,,
PW,PL,visa_free,90,,
PW,PS,visa_free,,,
PW,PT,visa_free,90,,
PW,PY,visa_required,,,
PW,QA,evisa,,,
PW,RO,visa_free,90,,
PW,RS,visa_free,90,,
PW,RU,visa_free,30,,
PW,RW,visa_on_arrival,,,
PW,SA,evisa,,,
PW,SB,visa_on_arrival,,,
PW,SC,visa_free,90,,
PW,SD,visa_required,,,
PW,SE,visa_free,90,,
PW,SG,visa_free,30,,
PW,SI,visa_free,90,,
PW,SK,visa_free,90,,
PW,SL,evisa,,,
PW,SM,visa_free,90,,
PW,SN,visa_on_arrival,,,
PW,SO,evisa,,,
PW,SR,eta,,,
PW,SS,evisa,,,
PW,ST,evisa,,,
PW,SV,evisa,,,
PW,SY,evisa,,,
PW,SZ,visa_required,,,
PW,TD,evisa,,,
PW,TG,evisa,,,
PW,TH,evisa,,,
PW,TJ,evisa,,,
PW,TL,visa_on_arrival,,,
PW,TM,visa_required,,,
PW,TN,visa_required,,,
PW,TO,visa_on_arrival,,,
PW,TR,visa_required,,,
PW,TT,visa_required,,,
PW,TV,visa_on_arrival,,,
PW,TW,visa_free,90,,
PW,TZ,visa_on_arrival,,,
PW,UA,evisa,,,
PW,UG,evisa,,,
PW,US,visa_free,,,
PW,UY,visa_required,,,
PW,UZ,evisa,,,
PW,VA,visa_free,90,,
PW,VC,visa_free,90,,
PW,VE,visa_required,,,
PW,VN,evisa,,,
PW,VU,visa_free,120,,
PW,WS,visa_on_arrival,,,
PW,XK,visa_free,90,,
PW,YE,visa_required,,,
PW,ZA,visa_required,,,
PW,ZM,visa_free,90,,
PW,ZW,visa_on_arrival,,,
PY,AD,visa_free,90,,
PY,AE,visa_free,90,,
PY,AF,visa_required,,,
PY,AG,evisa,,,
PY,AL,visa_free,90,,
PY,AM,evisa,,,
PY,AO,visa_required,,,
PY,AR,visa_free,90,,
PY,AT,visa_free,90,,
PY,AU,evisa,,,
PY,AZ,evisa,,,
PY,BA,visa_free,90,,
PY,BB,visa_free,90,,
PY,BD,visa_required,,,
PY,BE,visa_free,90,,
PY,BF,evisa,,,
PY,BG,visa_free,90,,
PY,BH,visa_on_arrival,,,
PY,BI,visa_on_arrival,,,
PY,BJ,evisa,,,
PY,BN,visa_required,,,
PY,BO,visa_free,90,,
PY,BR,visa_free,90,,
PY,BS,visa_free,90,,
PY,BT,evisa,,,
PY,BW,visa_free,90,,
PY,BY,evisa,,,
PY,BZ,visa_free,30,,
PY,CA,visa_required,,,
PY,CD,evisa,,,
PY,CF,visa_required,,,
PY,CG,visa_required,,,
PY,CH,visa_free,90,,
PY,CI,eta,,,
PY,CL,visa_free,90,,
PY,CM,evisa,,,
PY,CN,visa_required,,,
PY,CO,visa_free,90,,
PY,CR,visa_free,180,,
PY,CU,evisa,,,
PY,CV,visa_required,,,
PY,CY,visa_free,90,,
PY,CZ,visa_free,90,,
PY,DE,visa_free,90,,
PY,DJ,visa_on_arrival,,,
PY,DK,visa_free,90,,
PY,DM,visa_free,21,,
PY,DO,visa_free,30,,
PY,DZ,visa_required,,,
PY,EC,visa_free,90,,
PY,EE,visa_free,90,,
PY,EG,visa_on_arrival,,,
PY,ER,visa_required,,,
PY,ES,visa_free,90,,
PY,ET,evisa,,,
PY,FI,visa_free,90,,
PY,FJ,visa_free,120,,
PY,FM,visa_free,30,,
PY,FR,visa_free,90,,
PY,GA,evisa,,,
PY,GB,eta,,,
PY,GD,visa_required,,,
PY,GE,visa_free,90,,
PY,GH,visa_required,,,
PY,GM,visa_required,,,
PY,GN,evisa,,,
PY,GQ,evisa,,,
PY,GR,visa_free,90,,
PY,GT,visa_free,90,,
PY,GW,visa_on_arrival,,,
PY,GY,evisa,,,
PY,HN,visa_free,90,,
PY,HR,visa_free,90,,
PY,HT,visa_free,90,,
PY,HU,visa_free,90,,
PY,ID,evisa,,,
PY,IE,visa_free,90,,
PY,IL,eta,,,
PY,IN,evisa,,,
PY,IQ,evisa,,,
PY,IR,visa_on_arrival,,,
PY,IS,visa_free,90,,
PY,IT,visa_free,90,,
PY,JM,visa_free,30,,
PY,JO,visa_on_arrival,,,
PY,JP,visa_free,90,,
PY,KE,eta,,,
PY,KG,evisa,,,
PY,KH,visa_on_arrival,,,
PY,KI,visa_free,90,,
PY,KM,visa_on_arrival,,,
PY,KN,eta,,,
PY,KP,visa_required,,,
PY,KR,eta,,,
PY,KW,visa_required,,,
PY,KZ,evisa,,,
PY,LA,visa_on_arrival,,,
PY,LB,visa_on_arrival,,,
PY,LC,visa_on_arrival,,,
PY,LI,visa_free,90,,
PY,LK,eta,,,
PY,LR,evisa,,,
PY,LS,visa_required,,,
PY,LT,visa_free,90,,
PY,LU,visa_free,90,,
PY,LV,visa_free,90,,
PY,LY,evisa,,,
PY,MA,visa_required,,,
PY,MC,visa_free,90,,
PY,MD,visa_free,90,,
PY,ME,visa_free,90,,
PY,MG,visa_on_arrival,,,
PY,MH,visa_on_arrival,,,
PY,MK,visa_free,90,,
PY,ML,visa_required,,,
PY,MM,visa_required,,,
PY,MN,visa_free,90,,
PY,MR,evisa,,,
PY,MT,visa_free,90,,
PY,MU,visa_free,90,,
PY,MV,visa_on_arrival,,,
PY,MW,evisa,,,
PY,MX,visa_free,180,,
PY,MY,visa_free,30,,
PY,MZ,visa_on_arrival,,,
PY,NA,visa_on_arrival,,,
PY,NE,visa_required,,,
PY,NG,evisa,,,
PY,NI,visa_free,90,,
PY,NL,visa_free,90,,
PY,NO,visa_free,90,,
PY,NP,visa_on_arrival,,,
PY,NR,visa_required,,,
PY,NZ,visa_required,,,
PY,OM,visa_on_arrival,,,
PY,PA,visa_free,90,,
PY,PE,visa_free,180,,
PY,PG,evisa,,,
PY,PH,visa_free,30,,
PY,PK,evisa,,,
PY,PL,visa_free,90,,
PY,PS,visa_free,,,
PY,PT,visa_free,90,,
PY,PW,visa_on_arrival,,,
PY,QA,visa_on_arrival,,,
PY,RO,visa_free,90,,
PY,RS,visa_free,30,,
PY,RU,visa_free,90,,
PY,RW,visa_on_arrival,,,
PY,SA,evisa,,,
PY,SB,visa_required,,,
PY,SC,visa_free,90,,
PY,SD,visa_required,,,
PY,SE,visa_free,90,,
PY,SG,visa_free,30,,
PY,SI,visa_free,90,,
PY,SK,visa_free,90,,
PY,SL,evisa,,,
PY,SM,visa_free,90,,
PY,SN,visa_required,,,
PY,SO,evisa,,,
PY,SR,eta,,,
PY,SS,evisa,,,
PY,ST,evisa,,,
PY,SV,visa_free,180,,
PY,SY,evisa,,,
PY,SZ,visa_required,,,
PY,TD,evisa,,,
PY,TG,evisa,,,
PY,TH,visa_on_arrival,,,
PY,TJ,evisa,,,
PY,TL,visa_on_arrival,,,
PY,TM,visa_required,,,
PY,TN,visa_required,,,
PY,TO,visa_required,,,
PY,TR,visa_free,90,,
PY,TT,visa_on_arrival,,,
PY,TV,visa_on_arrival,,,
PY,TW,visa_free,90,,
PY,TZ,visa_on_arrival,,,
PY,UA,visa_free,90,,
PY,UG,evisa,,,
PY,US,visa_required,,,
PY,UY,visa_free,90,,
PY,UZ,evisa,,,
PY,VA,visa_free,90,,
PY,VC,visa_free,90,,
PY,VE,visa_free,90,,
PY,VN,evisa,,,
PY,VU,evisa,,,
PY,WS,visa_on_arrival,,,
PY,XK,visa_free,90,,
PY,YE,visa_required,,,
PY,ZA,visa_free,90,,
PY,ZM,visa_on_arrival,,,
PY,ZW,visa_on_arrival,,,
QA,AD,visa_required,,,
QA,AE,visa_free,,,
QA,AF,visa_required,,,
QA,AG,evisa,,,
QA,AL,visa_free,,,
QA,AM,visa_free,180,,
QA,AO,visa_free,30,,
QA,AR,visa_free,90,,
QA,AT,visa_required,,,
QA,AU,evisa,,,
QA,AZ,visa_free,30,,
QA,BA,visa_free,90,,
QA,BB,visa_free,90,,
QA,BD,visa_on_arrival,,,
QA,BE,visa_required,,,
QA,BF,evisa,,,
QA,BG,visa_required,,,
QA,BH,visa_free,,,
QA,BI,visa_on_arrival,,,
QA,BJ,evisa,,,
QA,BN,visa_on_arrival,,,
QA,BO,evisa,,,
QA,BR,visa_free,90,,
QA,BS,visa_free,90,,
QA,BT,evisa,,,
QA,BW,visa_free,90,,
QA,BY,visa_free,30,,
QA,BZ,visa_required,,,
QA,CA,eta,,,
QA,CD,evisa,,,
QA,CF,visa_required,,,
QA,CG,visa_required,,,
QA,CH,visa_required,,,
QA,CI,eta,,,
QA,CL,visa_required,,,
QA,CM,evisa,,,
QA,CN,visa_free,30,,
QA,CO,visa_free,90,,
QA,CR,visa_free,180,,
QA,CU,evisa,,,
QA,CV,visa_on_arrival,,,
QA,CY,visa_required,,,
QA,CZ,visa_required,,,
QA,DE,visa_required,,,
QA,DJ,visa_on_arrival,,,
QA,DK,visa_required,,,
QA,DM,visa_free,21,,
QA,DO,visa_free,30,,
QA,DZ,visa_required,,,
QA,EC,visa_free,90,,
QA,EE,visa_required,,,
QA,EG,visa_free,180,,
QA,ER,visa_required,,,
QA,ES,visa_required,,,
QA,ET,visa_on_arrival,,,
QA,FI,visa_required,,,
QA,FJ,visa_required,,,
QA,FM,visa_free,30,,
QA,FR,visa_required,,,
QA,GA,evisa,,,
QA,GB,eta,,,
QA,GD,visa_required,,,
QA,GE,visa_free,365,,
QA,GH,visa_required,,,
QA,GM,visa_required,,,
QA,GN,evisa,,,
QA,GQ,evisa,,,
QA,GR,visa_required,,,
QA,GT,visa_free,90,,
QA,GW,visa_on_arrival,,,
QA,GY,visa_free,,,
QA,HN,visa_free,90,,
QA,HR,visa_required,,,
QA,HT,visa_free,90,,
QA,HU,visa_required,,,
QA,ID,visa_on_arrival,,,
QA,IE,visa_required,,,
QA,IL,evisa,,,
QA,IN,evisa,,,
QA,IQ,visa_on_arrival,,,
QA,IR,visa_free,15,,
QA,IS,visa_required,,,
QA,IT,visa_required,,,
QA,JM,visa_required,,,
QA,JO,visa_free,90,,
QA,JP,eta,,,
QA,KE,eta,,,
QA,KG,visa_free,60,,
QA,KH,visa_on_arrival,,,
QA,KI,visa_free,90,,
QA,KM,visa_on_arrival,,,
QA,KN,eta,,,
QA,KP,visa_required,,,
QA,KR,visa_free,90,,
QA,KW,visa_free,,,
QA,KZ,visa_free,30,,
QA,LA,visa_on_arrival,,,
QA,LB,visa_free,180,,
QA,LC,visa_required,,,
QA,LI,visa_required,,,
QA,LK,eta,,,
QA,LR,visa_required,,,
QA,LS,visa_required,,,
QA,LT,visa_required,,,
QA,LU,visa_required,,,
QA,LV,visa_required,,,
QA,LY,evisa,,,
QA,MA,visa_free,90,,
QA,MC,visa_required,,,
QA,MD,visa_free,90,,
QA,ME,visa_free,90,,
QA,MG,visa_on_arrival,,,
QA,MH,visa_required,,,
QA,MK,visa_required,,,
QA,ML,visa_required,,,
QA,MM,evisa,,,
QA,MN,visa_on_arrival,,,
QA,MR,evisa,,,
QA,MT,visa_required,,,
QA,MU,visa_free,90,,
QA,MV,visa_on_arrival,,,
QA,MW,evisa,,,
QA,MX,visa_required,,,
QA,MY,visa_free,90,,
QA,MZ,visa_on_arrival,,,
QA,NA,evisa,,,
QA,NE,visa_required,,,
QA,NG,evisa,,,
QA,NI,visa_free,90,,
QA,NL,visa_required,,,
QA,NO,visa_required,,,
QA,NP,visa_on_arrival,,,
QA,NR,visa_required,,,
QA,NZ,eta,,,
QA,OM,visa_free,,,
QA,PA,visa_free,90,,
QA,PE,visa_required,,,
QA,PG,evisa,,,
QA,PH,visa_free,30,,
QA,PK,visa_free,90,,
QA,PL,visa_required,,,
QA,PS,visa_free,,,
QA,PT,visa_required,,,
QA,PW,visa_on_arrival,,,
QA,PY,visa_on_arrival,,,
QA,RO,visa_required,,,
QA,RS,visa_required,,,
QA,RU,visa_free,90,,
QA,RW,visa_free,90,,
QA,SA,visa_free,,,
QA,SB,visa_required,,,
QA,SC,visa_free,90,,
QA,SD,visa_free,30,,
QA,SE,visa_required,,,
QA,SG,visa_free,30,,
QA,SI,visa_required,,,
QA,SK,visa_required,,,
QA,SL,visa_on_arrival,,,
QA,SM,visa_required,,,
QA,SN,visa_required,,,
QA,SO,evisa,,,
QA,SR,eta,,,
QA,SS,evisa,,,
QA,ST,visa_free,15,,
QA,SV,visa_free,180,,
QA,SY,visa_on_arrival,,,
QA,SZ,visa_free,30,,
QA,TD,evisa,,,
QA,TG,evisa,,,
QA,TH,visa_free,60,,
QA,TJ,visa_free,30,,
QA,TL,visa_on_arrival,,,
QA,TM,visa_required,,,
QA,TN,visa_free,90,,
QA,TO,visa_required,,,
QA,TR,visa_free,90,,
QA,TT,visa_required,,,
QA,TV,visa_on_arrival,,,
QA,TW,evisa,,,
QA,TZ,visa_on_arrival,,,
QA,UA,visa_free,90,,
QA,UG,evisa,,,
QA,US,eta,,,
QA,UY,visa_free,90,,
QA,UZ,visa_free,10,,
QA,VA,visa_required,,,
QA,VC,visa_free,90,,
QA,VE,visa_free,90,,
QA,VN,evisa,,,
QA,VU,visa_free,120,,
QA,WS,visa_on_arrival,,,
QA,XK,visa_free,90,,
QA,YE,visa_on_arrival,,,
QA,ZA,visa_free,90,,
QA,ZM,visa_free,90,,
QA,ZW,evisa,,,
RO,AD,visa_free,,,
RO,AE,visa_free,90,,
RO,AF,visa_required,,,
RO,AG,visa_free,180,,
RO,AL,visa_free,90,,
RO,AM,visa_free,180,,
RO,AO,visa_free,30,,
RO,AR,visa_free,90,,
RO,AT,visa_free,,,
RO,AU,eta,,,
RO,AZ,evisa,,,
RO,BA,visa_free,90,,
RO,BB,visa_free,180,,
RO,BD,visa_on_arrival,,,
RO,BE,visa_free,,,
RO,BF,evisa,,,
RO,BG,visa_free,,,
RO,BH,visa_on_arrival,,,
RO,BI,visa_on_arrival,,,
RO,BJ,evisa,,,
RO,BN,visa_free,90,,
RO,BO,visa_free,90,,
RO,BR,visa_free,90,,
RO,BS,visa_free,90,,
RO,BT,evisa,,,
RO,BW,visa_free,90,,
RO,BY,visa_free,30,,
RO,BZ,visa_free,,,
RO,CA,eta,,,
RO,CD,evisa,,,
RO,CF,visa_required,,,
RO,CG,visa_required,,,
RO,CH,visa_free,,,
RO,CI,eta,,,
RO,CL,visa_free,90,,
RO,CM,evisa,,,
RO,CN,visa_free,30,,https://www.fmprc.gov.cn/eng/xw/fyrbt/202602/t20260215_11860467.html
RO,CO,visa_free,90,,
RO,CR,visa_free,180,,
RO,CU,evisa,,,
RO,CV,visa_free,30,,
RO,CY,visa_free,,,
RO,CZ,visa_free,,,
RO,DE,visa_free,,,
RO,DJ,visa_on_arrival,,,
RO,DK,visa_free,,,
RO,DM,visa_free,180,,
RO,DO,visa_free,30,,
RO,DZ,visa_required,,,
RO,EC,visa_free,90,,
RO,EE,visa_free,,,
RO,EG,visa_on_arrival,,,
RO,ER,visa_required,,,
RO,ES,visa_free,,,
RO,ET,visa_on_arrival,,,
RO,FI,visa_free,,,
RO,FJ,visa_free,120,,
RO,FM,visa_free,90,,
RO,FR,visa_free,,,
RO,GA,evisa,,,
RO,GB,eta,,,
RO,GD,visa_free,90,,
RO,GE,visa_free,365,,
RO,GH,visa_required,,,
RO,GM,visa_free,90,,
RO,GN,evisa,,,
RO,GQ,evisa,,,
RO,GR,visa_free,,,
RO,GT,visa_free,90,,
RO,GW,visa_on_arrival,,,
RO,GY,evisa,,,
RO,HN,visa_free,90,,
RO,HR,visa_free,,,
RO,HT,visa_free,90,,
RO,HU,visa_free,,,
RO,ID,visa_on_arrival,,,
RO,IE,visa_free,,,
RO,IL,eta,,,
RO,IN,evisa,,,
RO,IQ,evisa,,,
RO,IR,visa_on_arrival,,,
RO,IS,visa_free,,,
RO,IT,visa_free,,,
RO,JM,visa_on_arrival,,,
RO,JO,visa_on_arrival,,,
RO,JP,visa_free,90,,
RO,KE,eta,,,
RO,KG,visa_free,60,,
RO,KH,visa_on_arrival,,,
RO,KI,visa_free,90,,
RO,KM,visa_on_arrival,,,
RO,KN,eta,,,
RO,KP,visa_required,,,
RO,KR,visa_free,90,,
RO,KW,visa_on_arrival,,,
RO,KZ,visa_free,30,,
RO,LA,visa_on_arrival,,,
RO,LB,visa_on_arrival,,,
RO,LC,visa_free,90,,
RO,LI,visa_free,,,
RO,LK,eta,,,
RO,LR,evisa,,,
RO,LS,visa_free,14,,
RO,LT,visa_free,,,
RO,LU,visa_free,,,
RO,LV,visa_free,,,
RO,LY,evisa,,,
RO,MA,visa_free,90,,
RO,MC,visa_free,,,
RO,MD,visa_free,90,,
RO,ME,visa_free,90,,
RO,MG,visa_on_arrival,,,
RO,MH,visa_free,90,,
RO,MK,visa_free,90,,
RO,ML,visa_required,,,
RO,MM,evisa,,,
RO,MN,visa_free,30,,
RO,MR,evisa,,,
RO,MT,visa_free,,,
RO,MU,visa_free,90,,
RO,MV,visa_on_arrival,,,
RO,MW,evisa,,,
RO,MX,visa_free,180,,
RO,MY,visa_free,90,,
RO,MZ,visa_on_arrival,,,
RO,NA,visa_on_arrival,,,
RO,NE,visa_required,,,
RO,NG,evisa,,,
RO,NI,visa_free,90,,
RO,NL,visa_free,,,
RO,NO,visa_free,,,
RO,NP,visa_on_arrival,,,
RO,NR,visa_required,,,
RO,NZ,eta,,,
RO,OM,visa_on_arrival,,,
RO,PA,visa_free,90,,
RO,PE,visa_free,90,,
RO,PG,eta,,,
RO,PH,visa_free,30,,
RO,PK,evisa,,,
RO,PL,visa_free,,,
RO,PS,visa_free,,,
RO,PT,visa_free,,,
RO,PW,visa_free,90,,
RO,PY,visa_free,90,,
RO,QA,visa_on_arrival,,,
RO,RS,visa_free,90,,
RO,RU,evisa,,,
RO,RW,visa_free,30,,
RO,SA,visa_on_arrival,,,
RO,SB,visa_free,90,,
RO,SC,visa_free,90,,
RO,SD,visa_required,,,
RO,SE,visa_free,,,
RO,SG,visa_free,90,,
RO,SI,visa_free,,,
RO,SK,visa_free,,,
RO,SL,visa_on_arrival,,,
RO,SM,visa_free,,,
RO,SN,visa_free,90,,
RO,SO,evisa,,,
RO,SR,eta,,,
RO,SS,evisa,,,
RO,ST,visa_free,15,,
RO,SV,visa_free,180,,
RO,SY,evisa,,,
RO,SZ,visa_free,30,,
RO,TD,evisa,,,
RO,TG,evisa,,,
RO,TH,visa_free,60,,
RO,TJ,visa_free,30,,
RO,TL,visa_free,90,,
RO,TM,visa_required,,,
RO,TN,visa_free,90,,
RO,TO,visa_free,90,,
RO,TR,visa_free,90,,
RO,TT,visa_free,90,,
RO,TV,visa_free,90,,
RO,TW,visa_free,90,,
RO,TZ,visa_free,90,,
RO,UA,visa_free,90,,
RO,UG,evisa,,,
RO,US,visa_required,,,
RO,UY,visa_free,90,,
RO,UZ,visa_free,30,,
RO,VA,visa_free,,,
RO,VC,visa_free,90,,
RO,VE,visa_free,90,,
RO,VN,visa_free,45,,
RO,VU,visa_free,120,,
RO,WS,visa_free,90,,
RO,XK,visa_free,90,,
RO,YE,visa_required,,,
RO,ZA,visa_free,90,,
RO,ZM,visa_free,90,,
RO,ZW,visa_on_arrival,,,
RS,AD,visa_free,90,,
RS,AE,visa_free,90,,
RS,AF,visa_required,,,
RS,AG,visa_free,180,,
RS,AL,visa_free,90,,
RS,AM,visa_free,180,,
RS,AO,visa_required,,,
RS,AR,visa_free,90,,
RS,AT,visa_free,90,,
RS,AU,evisa,,,
RS,AZ,visa_free,90,,
RS,BA,visa_free,90,,
RS,BB,visa_free,90,,
RS,BD,visa_on_arrival,,,
RS,BE,visa_free,90,,
RS,BF,evisa,,,
RS,BG,visa_free,90,,
RS,BH,evisa,,,
RS,BI,visa_on_arrival,,,
RS,BJ,evisa,,,
RS,BN,visa_required,,,
RS,BO,evisa,,,
RS,BR,visa_free,90,,
RS,BS,evisa,,,
RS,BT,evisa,,,
RS,BW,evisa,,,
RS,BY,visa_free,30,,
RS,BZ,visa_required,,,
RS,CA,visa_required,,,
RS,CD,evisa,,,
RS,CF,visa_required,,,
RS,CG,visa_required,,,
RS,CH,visa_free,90,,
RS,CI,eta,,,
RS,CL,visa_free,90,,
RS,CM,evisa,,,
RS,CN,visa_free,30,,
RS,CO,visa_free,90,,
RS,CR,visa_free,180,,
RS,CU,visa_free,90,,
RS,CV,visa_on_arrival,,,
RS,CY,visa_free,90,,
RS,CZ,visa_free,90,,
RS,DE,visa_free,90,,
RS,DJ,visa_on_arrival,,,
RS,DK,visa_free,90,,
RS,DM,visa_free,21,,
RS,DO,visa_free,30,,
RS,DZ,visa_required,,,
RS,EC,visa_free,90,,
RS,EE,visa_free,90,,
RS,EG,visa_on_arrival,,,
RS,ER,visa_required,,,
RS,ES,visa_free,90,,
RS,ET,visa_on_arrival,,,
RS,FI,visa_free,90,,
RS,FJ,visa_free,120,,
RS,FM,visa_free,30,,
RS,FR,visa_free,90,,
RS,GA,evisa,,,
RS,GB,visa_required,,,
RS,GD,visa_free,90,,
RS,GE,visa_free,365,,
RS,GH,visa_required,,,
RS,GM,visa_free,90,,
RS,GN,evisa,,,
RS,GQ,evisa,,,
RS,GR,visa_free,90,,
RS,GT,visa_required,,,
RS,GW,visa_on_arrival,,,
RS,GY,evisa,,,
RS,HN,visa_required,,,
RS,HR,visa_free,90,,
RS,HT,visa_free,90,,
RS,HU,visa_free,90,,
RS,ID,visa_on_arrival,,,
RS,IE,visa_required,,,
RS,IL,eta,,,
RS,IN,evisa,,,
RS,IQ,evisa,,,
RS,IR,visa_free,15,,
RS,IS,visa_free,90,,
RS,IT,visa_free,90,,
RS,JM,visa_on_arrival,,,
RS,JO,visa_on_arrival,,,
RS,JP,visa_free,90,,
RS,KE,eta,,,
RS,KG,visa_free,90,,
RS,KH,visa_on_arrival,,,
RS,KI,visa_required,,,
RS,KM,visa_on_arrival,,,
RS,KN,evisa,,,
RS,KP,visa_required,,,
RS,KR,eta,,,
RS,KW,evisa,,,
RS,KZ,visa_free,30,,
RS,LA,visa_on_arrival,,,
RS,LB,visa_on_arrival,,,
RS,LC,visa_required,,,
RS,LI,visa_free,90,,
RS,LK,eta,,,
RS,LR,evisa,,,
RS,LS,visa_required,,,
RS,LT,visa_free,90,,
RS,LU,visa_free,90,,
RS,LV,visa_free,90,,
RS,LY,evisa,,,
RS,MA,visa_required,,,
RS,MC,visa_free,90,,
RS,MD,visa_free,90,,
RS,ME,visa_free,90,,
RS,MG,visa_on_arrival,,,
RS,MH,visa_required,,,
RS,MK,visa_free,90,,
RS,ML,visa_required,,,
RS,MM,evisa,,,
RS,MN,visa_required,,,
RS,MR,evisa,,,
RS,MT,visa_free,90,,
RS,MU,visa_on_arrival,,,
RS,MV,visa_on_arrival,,,
RS,MW,evisa,,,
RS,MX,visa_required,,,
RS,MY,evisa,,,
RS,MZ,visa_on_arrival,,,
RS,NA,evisa,,,
RS,NE,visa_required,,,
RS,NG,evisa,,,
RS,NI,visa_on_arrival,,,
RS,NL,visa_free,90,,
RS,NO,visa_free,90,,
RS,NP,visa_on_arrival,,,
RS,NR,visa_required,,,
RS,NZ,visa_required,,,
RS,OM,visa_on_arrival,,,
RS,PA,visa_free,90,,
RS,PE,visa_free,90,,
RS,PG,evisa,,,
RS,PH,visa_required,,,
RS,PK,evisa,,,
RS,PL,visa_free,90,,
RS,PS,visa_free,,,
RS,PT,visa_free,90,,
RS,PW,visa_on_arrival,,,
RS,PY,visa_required,,,
RS,QA,evisa,,,
RS,RO,visa_free,90,,
RS,RU,visa_free,30,,
RS,RW,visa_on_arrival,,,
RS,SA,evisa,,,
RS,SB,visa_required,,,
RS,SC,visa_free,90,,
RS,SD,visa_required,,,
RS,SE,visa_free,90,,
RS,SG,visa_free,30,,
RS,SI,visa_free,90,,
RS,SK,visa_free,90,,
RS,SL,evisa,,,
RS,SM,visa_free,90,,
RS,SN,visa_required,,,
RS,SO,evisa,,,
RS,SR,visa_free,30,,
RS,SS,evisa,,,
RS,ST,evisa,,,
RS,SV,evisa,,,
RS,SY,evisa,,,
RS,SZ,visa_free,30,,
RS,TD,evisa,,,
RS,TG,evisa,,,
RS,TH,visa_on_arrival,,,
RS,TJ,visa_free,30,,
RS,TL,visa_on_arrival,,,
RS,TM,visa_required,,,
RS,TN,visa_required,,,
RS,TO,visa_required,,,
RS,TR,visa_free,90,,
RS,TT,visa_free,30,,
RS,TV,visa_on_arrival,,,
RS,TW,visa_required,,,
RS,TZ,visa_on_arrival,,,
RS,UA,visa_free,30,,
RS,UG,evisa,,,
RS,US,visa_required,,,
RS,UY,visa_free,90,,
RS,UZ,visa_free,30,,
RS,VA,visa_free,90,,
RS,VC,visa_free,90,,
RS,VE,visa_free,90,,
RS,VN,evisa,,,
RS,VU,visa_free,120,,
RS,WS,visa_on_arrival,,,
RS,XK,visa_free,90,,
RS,YE,visa_required,,,
RS,ZA,visa_required,,,
RS,ZM,visa_free,90,,
RS,ZW,visa_on_arrival,,,
RU,AD,visa_required,,,
RU,AE,visa_free,90,,
RU,AF,visa_required,,,
RU,AG,visa_free,90,,
RU,AL,evisa,,,
RU,AM,visa_free,180,,
RU,AO,visa_free,30,,
RU,AR,visa_free,90,,
RU,AT,visa_required,,,
RU,AU,evisa,,,
RU,AZ,visa_free,90,,
RU,BA,visa_free,30,,
RU,BB,visa_free,90,,
RU,BD,visa_on_arrival,,,
RU,BE,visa_required,,,
RU,BF,evisa,,,
RU,BG,visa_required,,,
RU,BH,visa_on_arrival,,,
RU,BI,visa_on_arrival,,,
RU,BJ,evisa,,,
RU,BN,visa_free,14,,
RU,BO,visa_free,90,,
RU,BR,visa_free,90,,
RU,BS,visa_free,90,,
RU,BT,evisa,,,
RU,BW,visa_free,90,,
RU,BY,visa_free,,,
RU,BZ,visa_free,90,,
RU,CA,visa_required,,,
RU,CD,evisa,,,
RU,CF,visa_required,,,
RU,CG,visa_required,,,
RU,CH,visa_required,,,
RU,CI,eta,,,
RU,CL,visa_free,90,,
RU,CM,evisa,,,
RU,CN,visa_free,30,,
RU,CO,visa_free,90,,
RU,CR,visa_free,90,2026-07-15,https://mauritius.mid.ru/
RU,CU,visa_free,90,,
RU,CV,visa_free,60,,
RU,CY,visa_required,,,
RU,CZ,visa_required,,,
RU,DE,visa_required,,,
RU,DJ,visa_on_arrival,,,
RU,DK,visa_required,,,
RU,DM,visa_free,21,,
RU,DO,visa_free,30,,
RU,DZ,visa_required,,,
RU,EC,visa_free,90,,
RU,EE,visa_required,,,
RU,EG,visa_on_arrival,,,
RU,ER,visa_required,,,
RU,ES,visa_required,,,
RU,ET,evisa,,2026-07-15,https://www.evisa.gov.et/
RU,FI,visa_required,,,
RU,FJ,visa_free,120,,
RU,FM,visa_free,30,,
RU,FR,visa_required,,,
RU,GA,evisa,,,
RU,GB,visa_required,,,
RU,GD,visa_free,90,,
RU,GE,visa_free,365,,https://matsne.gov.ge/en/document/view/2867361
RU,GH,visa_required,,,
RU,GM,visa_required,,,
RU,GN,evisa,,,
RU,GQ,evisa,,,
RU,GR,visa_required,,,
RU,GT,visa_free,90,,
RU,GW,visa_on_arrival,,,
RU,GY,visa_free,90,,
RU,HN,visa_free,90,,
RU,HR,visa_required,,,
RU,HT,visa_free,90,,
RU,HU,visa_required,,,
RU,ID,visa_on_arrival,,,
RU,IE,visa_required,,,
RU,IL,eta,,,
RU,IN,evisa,,,
RU,IQ,evisa,,,
RU,IR,visa_on_arrival,,,
RU,IS,visa_required,,,
RU,IT,visa_required,,,
RU,JM,visa_free,90,,
RU,JO,visa_free,30,,
RU,JP,visa_required,,,
RU,KE,eta,,,
RU,KG,visa_free,,,
RU,KH,visa_on_arrival,,,
RU,KI,visa_free,90,,
RU,KM,visa_on_arrival,,,
RU,KN,eta,,,
RU,KP,visa_required,,,
RU,KR,eta,,,
RU,KW,visa_required,,,
RU,KZ,visa_free,90,,
RU,LA,visa_free,30,,
RU,LB,visa_on_arrival,,,
RU,LC,visa_free,42,,
RU,LI,visa_required,,,
RU,LK,eta,,,https://www.immigration.gov.lk/pages_e.php?id=14
RU,LR,evisa,,,
RU,LS,visa_required,,,
RU,LT,visa_required,,,
RU,LU,visa_required,,,
RU,LV,visa_required,,,
RU,LY,evisa,,,
RU,MA,visa_free,90,,
RU,MC,visa_required,,,
RU,MD,visa_free,90,,
RU,ME,visa_free,30,2026-08-08,https://www.gov.me/en/diplomatic-missions/embassies-and-consulates-of-montenegro/russian-federation
RU,MG,visa_on_arrival,,,
RU,MH,visa_on_arrival,,,
RU,MK,visa_required,,,
RU,ML,visa_required,,,
RU,MM,visa_free,30,,
RU,MN,visa_free,30,,
RU,MR,evisa,,,
RU,MT,visa_required,,,
RU,MU,visa_free,60,2026-07-15,https://mauritius.mid.ru/en/consular-services/visa/
RU,MV,visa_free,90,,
RU,MW,evisa,,2026-07-28,https://evisa.gov.mw/
RU,MX,eta,,,
RU,MY,visa_free,30,,
RU,MZ,visa_free,30,,
RU,NA,visa_free,90,,
RU,NE,visa_required,,,
RU,NG,evisa,,,
RU,NI,visa_free,90,,
RU,NL,visa_required,,,
RU,NO,visa_required,,,
RU,NP,visa_on_arrival,,,
RU,NR,visa_free,90,,
RU,NZ,visa_required,,,
RU,OM,visa_free,14,,
RU,PA,visa_free,90,,
RU,PE,visa_free,180,,
RU,PG,evisa,,,https://evisa.ica.gov.pg/
RU,PH,visa_free,30,,
RU,PK,evisa,,,
RU,PL,visa_required,,,
RU,PS,visa_free,,,
RU,PT,visa_required,,,
RU,PW,visa_free,30,,
RU,PY,visa_free,90,,
RU,QA,visa_free,,2026-07-15,https://visitqatar.com/intl-en/plan-your-trip/visas
RU,RO,visa_required,,,
RU,RS,visa_free,30,,
RU,RW,visa_on_arrival,,,
RU,SA,visa_free,90,2026-05-11,https://www.mid.ru/
RU,SB,visa_required,,,
RU,SC,visa_free,90,,
RU,SD,visa_required,,,
RU,SE,visa_required,,,
RU,SG,evisa,,,
RU,SI,visa_required,,,
RU,SK,visa_required,,,
RU,SL,visa_on_arrival,,,
RU,SM,visa_required,,,
RU,SN,visa_on_arrival,,,
RU,SO,evisa,,,
RU,SR,eta,,,
RU,SS,evisa,,,
RU,ST,visa_free,15,,
RU,SV,visa_free,180,,
RU,SY,evisa,,,
RU,SZ,visa_free,30,,
RU,TD,evisa,,,
RU,TG,evisa,,,
RU,TH,visa_free,60,,https://consular.mfa.go.th/
RU,TJ,visa_free,,,
RU,TL,visa_on_arrival,,,
RU,TM,visa_required,,,
RU,TN,visa_free,90,,
RU,TO,visa_on_arrival,,,
RU,TR,visa_free,60,,
RU,TT,visa_free,90,,
RU,TV,visa_on_arrival,,,
RU,TW,evisa,,2026-07-07,https://www.boca.gov.tw/cp-181-8051-69fbd-2.html
RU,TZ,visa_on_arrival,,,
RU,UA,visa_required,,,
RU,UG,evisa,,,
RU,US,visa_required,,,https://travel.state.gov/
RU,UY,visa_free,90,,
RU,UZ,visa_free,,,
RU,VA,visa_required,,,
RU,VC,visa_free,90,,
RU,VE,visa_free,90,,
RU,VN,visa_free,45,,https://mofa.gov.vn/tin-chi-tiet/chi-tiet/viet-nam-39-s-visa-exemption-list-57163-596.html
RU,VU,visa_free,120,,
RU,WS,visa_free,90,,
RU,XK,visa_required,,,
RU,YE,visa_required,,,
RU,ZA,visa_free,90,,
RU,ZM,visa_on_arrival,,,
RU,ZW,visa_on_arrival,,,
RW,AD,visa_required,,,
RW,AE,evisa,,,
RW,AF,visa_required,,,
RW,AG,evisa,,,
RW,AL,evisa,,,
RW,AM,visa_required,,,
RW,AO,visa_free,30,,
RW,AR,visa_required,,,
RW,AT,visa_required,,,
RW,AU,evisa,,,
RW,AZ,visa_required,,,
RW,BA,visa_required,,,
RW,BB,visa_free,90,,
RW,BD,visa_on_arrival,,,
RW,BE,visa_required,,,
RW,BF,evisa,,,
RW,BG,visa_required,,,
RW,BH,evisa,,,
RW,BI,visa_free,90,,
RW,BJ,visa_free,90,,
RW,BN,visa_required,,,
RW,BO,evisa,,,
RW,BR,visa_required,,,
RW,BS,evisa,,,
RW,BT,evisa,,,
RW,BW,evisa,,,
RW,BY,visa_required,,,
RW,BZ,visa_required,,,
RW,CA,visa_required,,,
RW,CD,visa_free,,,
RW,CF,visa_free,90,,
RW,CG,visa_on_arrival,,,
RW,CH,visa_required,,,
RW,CI,eta,,,
RW,CL,visa_required,,,
RW,CM,evisa,,,
RW,CN,visa_required,,,
RW,CO,evisa,,,
RW,CR,visa_required,,,
RW,CU,evisa,,,
RW,CV,visa_required,,,
RW,CY,visa_required,,,
RW,CZ,visa_required,,,
RW,DE,visa_required,,,
RW,DJ,visa_on_arrival,,,
RW,DK,visa_required,,,
RW,DM,visa_free,180,,
RW,DO,visa_required,,,
RW,DZ,visa_required,,,
RW,EC,visa_free,90,,
RW,EE,visa_required,,,
RW,EG,visa_required,,,
RW,ER,visa_required,,,
RW,ES,visa_required,,,
RW,ET,visa_on_arrival,,,
RW,FI,visa_required,,,
RW,FJ,visa_required,,,
RW,FM,visa_free,30,,
RW,FR,visa_required,,,
RW,GA,evisa,,,
RW,GB,visa_required,,,
RW,GD,visa_free,90,,
RW,GE,evisa,,,
RW,GH,visa_free,60,,
RW,GM,visa_free,90,,
RW,GN,visa_free,,,
RW,GQ,evisa,,,
RW,GR,visa_required,,,
RW,GT,visa_required,,,
RW,GW,visa_on_arrival,,,
RW,GY,evisa,,,
RW,HN,visa_required,,,
RW,HR,visa_required,,,
RW,HT,visa_free,90,,
RW,HU,visa_required,,,
RW,ID,visa_on_arrival,,,
RW,IE,visa_required,,,
RW,IL,evisa,,,
RW,IN,evisa,,,
RW,IQ,evisa,,,
RW,IR,visa_on_arrival,,,
RW,IS,visa_required,,,
RW,IT,visa_required,,,
RW,JM,visa_required,,,
RW,JO,visa_on_arrival,,,
RW,JP,visa_required,,,
RW,KE,visa_free,180,,
RW,KG,evisa,,,
RW,KH,visa_on_arrival,,,
RW,KI,visa_free,90,,
RW,KM,visa_on_arrival,,,
RW,KN,evisa,,,
RW,KP,visa_required,,,
RW,KR,evisa,,,
RW,KW,visa_required,,,
RW,KZ,evisa,,,
RW,LA,visa_on_arrival,,,
RW,LB,visa_required,,,
RW,LC,visa_required,,,
RW,LI,visa_required,,,
RW,LK,eta,,,
RW,LR,evisa,,,
RW,LS,visa_required,,,
RW,LT,visa_required,,,
RW,LU,visa_required,,,
RW,LV,visa_required,,,
RW,LY,evisa,,,
RW,MA,visa_required,,,
RW,MC,visa_required,,,
RW,MD,evisa,,,
RW,ME,visa_required,,,
RW,MG,visa_on_arrival,,,
RW,MH,visa_required,,,
RW,MK,visa_required,,,
RW,ML,visa_on_arrival,,,
RW,MM,visa_required,,,
RW,MN,evisa,,,
RW,MR,evisa,,,
RW,MT,visa_required,,,
RW,MU,visa_free,90,,
RW,MV,visa_on_arrival,,,
RW,MW,visa_free,,,
RW,MX,visa_required,,,
RW,MY,evisa,,,
RW,MZ,visa_on_arrival,,,
RW,NA,visa_on_arrival,,,
RW,NE,visa_required,,,
RW,NG,evisa,,,
RW,NI,visa_on_arrival,,,
RW,NL,visa_required,,,
RW,NO,visa_required,,,
RW,NP,visa_on_arrival,,,
RW,NR,visa_required,,,
RW,NZ,visa_required,,,
RW,OM,evisa,,,
RW,PA,visa_required,,,
RW,PE,visa_required,,,
RW,PG,eta,,,
RW,PH,visa_free,30,,
RW,PK,evisa,,,
RW,PL,visa_required,,,
RW,PS,visa_free,,,
RW,PT,visa_required,,,
RW,PW,visa_on_arrival,,,
RW,PY,visa_required,,,
RW,QA,visa_on_arrival,,,
RW,RO,visa_required,,,
RW,RS,visa_required,,,
RW,RU,visa_required,,,
RW,SA,evisa,,,
RW,SB,visa_required,,,
RW,SC,visa_free,90,,
RW,SD,visa_required,,,
RW,SE,visa_required,,,
RW,SG,visa_free,30,,
RW,SI,visa_required,,,
RW,SK,visa_required,,,
RW,SL,visa_on_arrival,,,
RW,SM,visa_required,,,
RW,SN,visa_free,90,,
RW,SO,visa_free,30,,
RW,SR,eta,,,
RW,SS,visa_on_arrival,,,
RW,ST,visa_free,15,,
RW,SV,evisa,,,
RW,SY,evisa,,,
RW,SZ,visa_required,,,
RW,TD,visa_free,90,,
RW,TG,evisa,,,
RW,TH,evisa,,,
RW,TJ,visa_required,,,
RW,TL,visa_on_arrival,,,
RW,TM,visa_required,,,
RW,TN,visa_required,,,
RW,TO,visa_required,,,
RW,TR,visa_required,,,
RW,TT,visa_required,,,
RW,TV,visa_on_arrival,,,
RW,TW,visa_required,,,
RW,TZ,visa_free,90,,
RW,UA,visa_required,,,
RW,UG,visa_free,90,,
RW,US,visa_required,,,
RW,UY,visa_required,,,
RW,UZ,visa_required,,,
RW,VA,visa_required,,,
RW,VC,visa_free,90,,
RW,VE,visa_required,,,
RW,VN,evisa,,,
RW,VU,visa_free,120,,
RW,WS,visa_on_arrival,,,
RW,XK,visa_required,,,
RW,YE,visa_required,,,
RW,ZA,visa_required,,,
RW,ZM,visa_on_arrival,,,
RW,ZW,visa_on_arrival,,,
SA,AD,visa_required,,,
SA,AE,visa_free,,,
SA,AF,visa_required,,,
SA,AG,evisa,,,
SA,AL,visa_free,,,
SA,AM,visa_free,180,,
SA,AO,visa_free,30,,
SA,AR,visa_required,,,
SA,AT,visa_required,,,
SA,AU,evisa,,,
SA,AZ,visa_on_arrival,,,
SA,BA,visa_required,,,
SA,BB,visa_free,90,,
SA,BD,visa_on_arrival,,,
SA,BE,visa_required,,,
SA,BF,evisa,,,
SA,BG,visa_required,,,
SA,BH,visa_free,,,
SA,BI,visa_on_arrival,,,
SA,BJ,evisa,,,
SA,BN,visa_on_arrival,,,
SA,BO,evisa,,,
SA,BR,visa_required,,,
SA,BS,evisa,,,
SA,BT,evisa,,,
SA,BW,visa_free,90,,
SA,BY,visa_free,30,,
SA,BZ,visa_required,,,
SA,CA,visa_required,,,
SA,CD,evisa,,,
SA,CF,visa_required,,,
SA,CG,visa_required,,,
SA,CH,visa_required,,,
SA,CI,eta,,,
SA,CL,visa_required,,,
SA,CM,evisa,,,
SA,CN,visa_free,30,,https://www.fmprc.gov.cn/eng/xw/fyrbt/202602/t20260215_11860467.html
SA,CO,evisa,,,
SA,CR,visa_required,,,
SA,CU,evisa,,,
SA,CV,visa_on_arrival,,,
SA,CY,visa_required,,,
SA,CZ,visa_required,,,
SA,DE,visa_required,,,
SA,DJ,visa_on_arrival,,,
SA,DK,visa_required,,,
SA,DM,visa_free,21,,
SA,DO,visa_required,,,
SA,DZ,visa_required,,,
SA,EC,visa_free,90,,
SA,EE,visa_required,,,
SA,EG,visa_free,180,,
SA,ER,visa_required,,,
SA,ES,visa_required,,,
SA,ET,visa_on_arrival,,,
SA,FI,visa_required,,,
SA,FJ,visa_required,,,
SA,FM,visa_free,30,,
SA,FR,visa_required,,,
SA,GA,evisa,,,
SA,GB,eta,,,
SA,GD,visa_required,,,
SA,GE,visa_free,365,,
SA,GH,visa_required,,,
SA,GM,visa_required,,,
SA,GN,evisa,,,
SA,GQ,evisa,,,
SA,GR,visa_required,,,
SA,GT,visa_free,90,,
SA,GW,visa_on_arrival,,,
SA,GY,evisa,,,
SA,HN,visa_free,90,,
SA,HR,visa_required,,,
SA,HT,visa_free,90,,
SA,HU,visa_required,,,
SA,ID,visa_on_arrival,,,
SA,IE,visa_required,,,
SA,IL,evisa,,,
SA,IN,evisa,,,
SA,IQ,visa_on_arrival,,,
SA,IR,visa_free,15,,
SA,IS,visa_required,,,
SA,IT,visa_required,,,
SA,JM,visa_required,,,
SA,JO,visa_free,90,,
SA,JP,evisa,,,
SA,KE,eta,,,
SA,KG,visa_free,60,,
SA,KH,visa_on_arrival,,,
SA,KI,visa_free,90,,
SA,KM,visa_on_arrival,,,
SA,KN,eta,,,
SA,KP,visa_required,,,
SA,KR,eta,,,https://overseas.mofa.go.kr/ch-en/brd/m_23429/view.do?seq=22
SA,KW,visa_free,,,
SA,KZ,visa_free,30,,
SA,LA,visa_on_arrival,,,
SA,LB,visa_free,180,,
SA,LC,visa_required,,,
SA,LI,visa_required,,,
SA,LK,eta,,,https://www.immigration.gov.lk/pages_e.php?id=14
SA,LR,visa_required,,,
SA,LS,visa_required,,,
SA,LT,visa_required,,,
SA,LU,visa_required,,,
SA,LV,visa_required,,,
SA,LY,evisa,,,
SA,MA,visa_free,90,,
SA,MC,visa_required,,,
SA,MD,evisa,,,
SA,ME,visa_free,30,2026-08-08,https://www.gov.me/en/diplomatic-missions/embassies-and-consulates-of-montenegro/saudi-arabia
SA,MG,visa_on_arrival,,,
SA,MH,visa_required,,,
SA,MK,visa_required,,,
SA,ML,visa_required,,,
SA,MM,evisa,,,
SA,MN,evisa,,,
SA,MR,evisa,,,
SA,MT,visa_required,,,
SA,MU,visa_free,90,,
SA,MV,visa_on_arrival,,,
SA,MW,evisa,,,
SA,MX,visa_required,,,
SA,MY,visa_free,90,,
SA,MZ,visa_free,30,,
SA,NA,evisa,,,
SA,NE,visa_required,,,
SA,NG,evisa,,,
SA,NI,visa_free,90,,
SA,NL,visa_required,,,
SA,NO,visa_required,,,
SA,NP,visa_on_arrival,,,
SA,NR,visa_required,,,
SA,NZ,eta,,,
SA,OM,visa_free,,,
SA,PA,visa_free,90,,
SA,PE,visa_required,,,
SA,PG,evisa,,,
SA,PH,visa_free,30,,
SA,PK,visa_free,90,,
SA,PL,visa_required,,,
SA,PS,visa_free,,,
SA,PT,visa_required,,,
SA,PW,visa_on_arrival,,,
SA,PY,visa_required,,,
SA,QA,visa_free,,,
SA,RO,visa_required,,,
SA,RS,visa_required,,,
SA,RU,visa_free,90,2026-05-11,https://www.mid.ru/
SA,RW,visa_on_arrival,,,
SA,SB,visa_required,,,
SA,SC,visa_free,90,,
SA,SD,visa_required,,,
SA,SE,visa_required,,,
SA,SG,visa_free,,,
SA,SI,visa_required,,,
SA,SK,visa_required,,,
SA,SL,visa_on_arrival,,,
SA,SM,visa_required,,,
SA,SN,visa_required,,,
SA,SO,evisa,,,
SA,SR,eta,,,
SA,SS,evisa,,,
SA,ST,evisa,,,
SA,SV,visa_free,180,,
SA,SY,visa_on_arrival,,,
SA,SZ,visa_required,,,
SA,TD,evisa,,,
SA,TG,evisa,,,
SA,TH,visa_free,60,,
SA,TJ,visa_free,30,,
SA,TL,visa_on_arrival,,,
SA,TM,visa_required,,,
SA,TN,visa_free,90,,
SA,TO,visa_required,,,
SA,TR,visa_free,90,,
SA,TT,visa_required,,,
SA,TV,visa_on_arrival,,,
SA,TW,evisa,,,
SA,TZ,visa_on_arrival,,,
SA,UA,visa_free,90,,
SA,UG,evisa,,,
SA,US,visa_required,,,
SA,UY,visa_required,,,
SA,UZ,visa_free,90,,
SA,VA,visa_required,,,
SA,VC,visa_free,90,,
SA,VE,visa_required,,,
SA,VN,evisa,,,
SA,VU,visa_free,120,,
SA,WS,visa_on_arrival,,,
SA,XK,visa_free,90,,
SA,YE,visa_on_arrival,,,
SA,ZA,visa_free,90,,
SA,ZM,visa_free,90,,
SA,ZW,evisa,,,
SB,AD,visa_free,90,,
SB,AE,visa_free,90,,
SB,AF,visa_required,,,
SB,AG,visa_free,180,,
SB,AL,evisa,,,
SB,AM,evisa,,,
SB,AO,visa_free,30,,
SB,AR,visa_required,,,
SB,AT,visa_free,90,,
SB,AU,evisa,,,
SB,AZ,visa_required,,,
SB,BA,visa_free,90,,
SB,BB,visa_free,180,,
SB,BD,visa_on_arrival,,,
SB,BE,visa_free,90,,
SB,BF,evisa,,,
SB,BG,visa_free,90,,
SB,BH,evisa,,,
SB,BI,visa_on_arrival,,,
SB,BJ,evisa,,,
SB,BN,visa_required,,,
SB,BO,evisa,,,
SB,BR,visa_required,,,
SB,BS,visa_free,90,,
SB,BT,evisa,,,
SB,BW,visa_free,90,,
SB,BY,visa_required,,,
SB,BZ,visa_free,,,
SB,CA,eta,,,
SB,CD,evisa,,,
SB,CF,visa_required,,,
SB,CG,visa_required,,,
SB,CH,visa_free,90,,
SB,CI,eta,,,
SB,CL,visa_required,,,
SB,CM,evisa,,,
SB,CN,visa_free,30,,
SB,CO,visa_free,90,,
SB,CR,visa_free,30,,
SB,CU,evisa,,,
SB,CV,visa_on_arrival,,,
SB,CY,visa_free,90,,
SB,CZ,visa_free,90,,
SB,DE,visa_free,90,,
SB,DJ,visa_on_arrival,,,
SB,DK,visa_free,90,,
SB,DM,visa_free,180,,
SB,DO,visa_free,30,,
SB,DZ,visa_required,,,
SB,EC,visa_free,90,,
SB,EE,visa_free,90,,
SB,EG,visa_on_arrival,,,
SB,ER,visa_required,,,
SB,ES,visa_free,90,,
SB,ET,evisa,,,
SB,FI,visa_free,90,,
SB,FJ,visa_free,120,,
SB,FM,visa_free,30,,
SB,FR,visa_free,90,,
SB,GA,evisa,,,
SB,GB,eta,,,
SB,GD,visa_free,90,,
SB,GE,evisa,,,
SB,GH,visa_required,,,
SB,GM,visa_free,90,,
SB,GN,evisa,,,
SB,GQ,evisa,,,
SB,GR,visa_free,90,,
SB,GT,visa_free,90,,
SB,GW,visa_on_arrival,,,
SB,GY,evisa,,,
SB,HN,visa_free,90,,
SB,HR,visa_free,90,,
SB,HT,visa_free,90,,
SB,HU,visa_free,90,,
SB,ID,evisa,,,
SB,IE,visa_free,90,,
SB,IL,eta,,,
SB,IN,evisa,,,
SB,IQ,evisa,,,
SB,IR,visa_on_arrival,,,
SB,IS,visa_free,90,,
SB,IT,visa_free,90,,
SB,JM,visa_free,,,
SB,JO,visa_on_arrival,,,
SB,JP,visa_required,,,
SB,KE,visa_free,90,2026-07-28,https://www.etakenya.go.ke/how-to-apply
SB,KG,evisa,,,
SB,KH,visa_on_arrival,,,
SB,KI,visa_free,90,,
SB,KM,visa_on_arrival,,,
SB,KN,eta,,,
SB,KP,visa_required,,,
SB,KR,eta,,,
SB,KW,visa_required,,,
SB,KZ,evisa,,,
SB,LA,visa_on_arrival,,,
SB,LB,visa_required,,,
SB,LC,visa_free,42,,
SB,LI,visa_free,90,,
SB,LK,eta,,,
SB,LR,evisa,,,
SB,LS,visa_free,90,,
SB,LT,visa_free,90,,
SB,LU,visa_free,90,,
SB,LV,visa_free,90,,
SB,LY,evisa,,,
SB,MA,visa_required,,,
SB,MC,visa_free,90,,
SB,MD,visa_free,90,,
SB,ME,visa_free,90,,
SB,MG,visa_on_arrival,,,
SB,MH,visa_on_arrival,,,
SB,MK,visa_required,,,
SB,ML,visa_required,,,
SB,MM,visa_required,,,
SB,MN,evisa,,,
SB,MR,evisa,,,
SB,MT,visa_free,90,,
SB,MU,visa_free,90,,
SB,MV,visa_on_arrival,,,
SB,MW,evisa,,,
SB,MX,visa_required,,,
SB,MY,visa_free,30,,
SB,MZ,visa_on_arrival,,,
SB,NA,evisa,,,
SB,NE,visa_required,,,
SB,NG,evisa,,,
SB,NI,visa_free,90,,
SB,NL,visa_free,90,,
SB,NO,visa_free,90,,
SB,NP,visa_on_arrival,,,
SB,NR,visa_on_arrival,,,
SB,NZ,visa_required,,,
SB,OM,evisa,,,
SB,PA,visa_free,90,,
SB,PE,visa_free,180,,
SB,PG,visa_on_arrival,,,
SB,PH,visa_free,30,,
SB,PK,evisa,,,
SB,PL,visa_free,90,,
SB,PS,visa_free,,,
SB,PT,visa_free,90,,
SB,PW,visa_on_arrival,,,
SB,PY,visa_required,,,
SB,QA,evisa,,,
SB,RO,visa_free,90,,
SB,RS,visa_required,,,
SB,RU,visa_required,,,
SB,RW,visa_free,30,,
SB,SA,evisa,,,
SB,SC,visa_free,90,,
SB,SD,visa_required,,,
SB,SE,visa_free,90,,
SB,SG,visa_free,30,,
SB,SI,visa_free,90,,
SB,SK,visa_free,90,,
SB,SL,visa_on_arrival,,,
SB,SM,visa_free,90,,
SB,SN,visa_on_arrival,,,
SB,SO,evisa,,,
SB,SR,eta,,,
SB,SS,evisa,,,
SB,ST,evisa,,,
SB,SV,visa_free,180,,
SB,SY,evisa,,,
SB,SZ,visa_free,30,,
SB,TD,evisa,,,
SB,TG,evisa,,,
SB,TH,evisa,,,
SB,TJ,visa_free,30,,
SB,TL,visa_on_arrival,,,
SB,TM,visa_required,,,
SB,TN,visa_required,,,
SB,TO,visa_on_arrival,,,
SB,TR,evisa,,,
SB,TT,visa_free,,,
SB,TV,visa_on_arrival,,,
SB,TW,evisa,,,
SB,TZ,visa_free,90,,
SB,UA,evisa,,,
SB,UG,visa_free,90,,
SB,US,visa_required,,,
SB,UY,visa_required,,,
SB,UZ,evisa,,,
SB,VA,visa_free,90,,
SB,VC,visa_free,90,,
SB,VE,visa_required,,,
SB,VN,evisa,,,
SB,VU,visa_free,120,,
SB,WS,visa_on_arrival,,,
SB,XK,visa_free,90,,
SB,YE,visa_required,,,
SB,ZA,visa_required,,,
SB,ZM,visa_free,90,,
SB,ZW,visa_free,90,,
SC,AD,visa_free,90,,
SC,AE,visa_free,90,,
SC,AF,visa_required,,,
SC,AG,visa_free,180,,
SC,AL,visa_free,90,,
SC,AM,visa_required,,,
SC,AO,visa_free,30,,
SC,AR,visa_required,,,
SC,AT,visa_free,90,,
SC,AU,evisa,,,
SC,AZ,evisa,,,
SC,BA,visa_free,90,,
SC,BB,visa_free,180,,
SC,BD,visa_free,90,,
SC,BE,visa_free,90,,
SC,BF,evisa,,,
SC,BG,visa_free,90,,
SC,BH,evisa,,,
SC,BI,visa_on_arrival,,,
SC,BJ,visa_free,90,,
SC,BN,visa_required,,,
SC,BO,evisa,,,
SC,BR,visa_free,90,,
SC,BS,visa_free,90,,
SC,BT,evisa,,,
SC,BW,visa_free,90,,
SC,BY,visa_free,30,,
SC,BZ,visa_free,,,
SC,CA,visa_required,,,
SC,CD,evisa,,,
SC,CF,visa_required,,,
SC,CG,visa_required,,,
SC,CH,visa_free,90,,
SC,CI,visa_free,90,,
SC,CL,visa_required,,,
SC,CM,evisa,,,
SC,CN,visa_free,30,,
SC,CO,evisa,,,
SC,CR,visa_free,30,,
SC,CU,evisa,,,
SC,CV,visa_on_arrival,,,
SC,CY,visa_free,90,,
SC,CZ,visa_free,90,,
SC,DE,visa_free,90,,
SC,DJ,visa_on_arrival,,,
SC,DK,visa_free,90,,
SC,DM,visa_free,180,,
SC,DO,visa_free,30,,
SC,DZ,visa_free,90,,
SC,EC,visa_free,90,,
SC,EE,visa_free,90,,
SC,EG,visa_on_arrival,,,
SC,ER,visa_required,,,
SC,ES,visa_free,90,,
SC,ET,visa_on_arrival,,,
SC,FI,visa_free,90,,
SC,FJ,visa_free,120,,
SC,FM,visa_free,30,,
SC,FR,visa_free,90,,
SC,GA,evisa,,,
SC,GB,eta,,,
SC,GD,visa_free,90,,
SC,GE,visa_free,365,,
SC,GH,visa_free,60,,
SC,GM,visa_free,90,,
SC,GN,evisa,,,
SC,GQ,evisa,,,
SC,GR,visa_free,90,,
SC,GT,visa_required,,,
SC,GW,visa_on_arrival,,,
SC,GY,evisa,,,
SC,HN,visa_required,,,
SC,HR,visa_free,90,,
SC,HT,visa_free,90,,
SC,HU,visa_free,90,,
SC,ID,visa_on_arrival,,,
SC,IE,visa_free,90,,
SC,IL,evisa,,,
SC,IN,evisa,,,
SC,IQ,evisa,,,
SC,IR,visa_free,15,,
SC,IS,visa_free,90,,
SC,IT,visa_free,90,,
SC,JM,visa_free,,,
SC,JO,visa_on_arrival,,,
SC,JP,visa_required,,,
SC,KE,visa_free,60,,https://etakenya.go.ke/general-information
SC,KG,evisa,,,
SC,KH,visa_on_arrival,,,
SC,KI,visa_free,90,,
SC,KM,visa_on_arrival,,,
SC,KN,eta,,,
SC,KP,visa_required,,,
SC,KR,eta,,,
SC,KW,visa_required,,,
SC,KZ,visa_free,30,,
SC,LA,visa_on_arrival,,,
SC,LB,visa_required,,,
SC,LC,visa_free,42,,
SC,LI,visa_free,90,,
SC,LK,eta,,,
SC,LR,evisa,,,
SC,LS,visa_free,90,,
SC,LT,visa_free,90,,
SC,LU,visa_free,90,,
SC,LV,visa_free,90,,
SC,LY,evisa,,,
SC,MA,visa_required,,,
SC,MC,visa_free,90,,
SC,MD,visa_free,90,,
SC,ME,visa_free,90,,
SC,MG,visa_on_arrival,,,
SC,MH,visa_on_arrival,,,
SC,MK,visa_free,90,,
SC,ML,visa_required,,,
SC,MM,visa_required,,,
SC,MN,evisa,,,
SC,MR,evisa,,,
SC,MT,visa_free,90,,
SC,MU,visa_free,90,,
SC,MV,visa_on_arrival,,,
SC,MW,visa_free,90,,
SC,MX,visa_required,,,
SC,MY,visa_free,30,,
SC,MZ,visa_on_arrival,,,
SC,NA,visa_free,90,,
SC,NE,visa_required,,,
SC,NG,visa_free,90,,
SC,NI,visa_on_arrival,,,
SC,NL,visa_free,90,,
SC,NO,visa_free,90,,
SC,NP,visa_on_arrival,,,
SC,NR,visa_required,,,
SC,NZ,eta,,,
SC,OM,visa_on_arrival,,,
SC,PA,visa_free,90,,
SC,PE,visa_required,,,
SC,PG,eta,,,
SC,PH,visa_free,30,,
SC,PK,evisa,,,
SC,PL,visa_free,90,,
SC,PS,visa_free,,,
SC,PT,visa_free,90,,
SC,PW,visa_on_arrival,,,
SC,PY,visa_required,,,
SC,QA,visa_on_arrival,,,
SC,RO,visa_free,90,,
SC,RS,visa_free,90,,
SC,RU,visa_free,30,,
SC,RW,visa_free,90,,
SC,SA,visa_on_arrival,,,
SC,SB,visa_required,,,
SC,SD,visa_required,,,
SC,SE,visa_free,90,,
SC,SG,visa_free,30,,
SC,SI,visa_free,90,,
SC,SK,visa_free,90,,
SC,SL,visa_on_arrival,,,
SC,SM,visa_free,90,,
SC,SN,visa_on_arrival,,,
SC,SO,evisa,,,
SC,SR,eta,,,
SC,SS,evisa,,,
SC,ST,evisa,,,
SC,SV,evisa,,,
SC,SY,evisa,,,
SC,SZ,visa_free,30,,
SC,TD,evisa,,,
SC,TG,evisa,,,
SC,TH,visa_on_arrival,,,
SC,TJ,evisa,,,
SC,TL,visa_on_arrival,,,
SC,TM,visa_required,,,
SC,TN,visa_free,90,,
SC,TO,visa_on_arrival,,,
SC,TR,visa_free,90,,
SC,TT,visa_free,,,
SC,TV,visa_on_arrival,,,
SC,TW,visa_required,,,
SC,TZ,visa_free,90,,
SC,UA,evisa,,,
SC,UG,visa_free,90,,
SC,US,visa_required,,,
SC,UY,visa_free,90,,
SC,UZ,evisa,,,
SC,VA,visa_free,90,,
SC,VC,visa_free,90,,
SC,VE,visa_required,,,
SC,VN,evisa,,,
SC,VU,visa_free,120,,
SC,WS,visa_on_arrival,,,
SC,XK,visa_free,90,,
SC,YE,visa_required,,,
SC,ZA,visa_free,30,,
SC,ZM,visa_free,90,,
SC,ZW,visa_free,90,,
SD,AD,visa_required,,,
SD,AE,evisa,,,
SD,AF,visa_required,,,
SD,AG,evisa,,,
SD,AL,evisa,,,
SD,AM,visa_required,,,
SD,AO,visa_required,,,
SD,AR,visa_required,,,
SD,AT,visa_required,,,
SD,AU,evisa,,,
SD,AZ,visa_required,,,
SD,BA,visa_required,,,
SD,BB,visa_free,90,,
SD,BD,visa_on_arrival,,,
SD,BE,visa_required,,,
SD,BF,evisa,,,
SD,BG,visa_required,,,
SD,BH,evisa,,,
SD,BI,visa_on_arrival,,,
SD,BJ,visa_free,90,,
SD,BN,visa_required,,,
SD,BO,evisa,,,
SD,BR,visa_required,,,
SD,BS,evisa,,,
SD,BT,evisa,,,
SD,BW,evisa,,,
SD,BY,visa_required,,,
SD,BZ,visa_required,,,
SD,CA,visa_required,,,
SD,CD,evisa,,,
SD,CF,visa_required,,,
SD,CG,visa_required,,,
SD,CH,visa_required,,,
SD,CI,eta,,,
SD,CL,visa_required,,,
SD,CM,evisa,,,
SD,CN,visa_required,,,
SD,CO,evisa,,,
SD,CR,visa_required,,,
SD,CU,evisa,,,
SD,CV,visa_required,,,
SD,CY,visa_required,,,
SD,CZ,visa_required,,,
SD,DE,visa_required,,,
SD,DJ,visa_on_arrival,,,
SD,DK,visa_required,,,
SD,DM,visa_free,21,,
SD,DO,visa_required,,,
SD,DZ,visa_required,,,
SD,EC,evisa,,,
SD,EE,visa_required,,,
SD,EG,visa_required,,,
SD,ER,visa_on_arrival,,,
SD,ES,visa_required,,,
SD,ET,evisa,,,
SD,FI,visa_required,,,
SD,FJ,visa_required,,,
SD,FM,visa_free,30,,
SD,FR,visa_required,,,
SD,GA,evisa,,,
SD,GB,visa_required,,,
SD,GD,visa_required,,,
SD,GE,visa_required,,,
SD,GH,visa_free,90,,
SD,GM,visa_free,90,,
SD,GN,evisa,,,
SD,GQ,evisa,,,
SD,GR,visa_required,,,
SD,GT,visa_required,,,
SD,GW,visa_on_arrival,,,
SD,GY,evisa,,,
SD,HN,visa_required,,,
SD,HR,visa_required,,,
SD,HT,visa_free,90,,
SD,HU,visa_required,,,
SD,ID,evisa,,,
SD,IE,visa_required,,,
SD,IL,evisa,,,
SD,IN,visa_required,,,
SD,IQ,evisa,,,
SD,IR,visa_on_arrival,,,
SD,IS,visa_required,,,
SD,IT,visa_required,,,
SD,JM,visa_required,,,
SD,JO,visa_required,,,
SD,JP,visa_required,,,
SD,KE,visa_free,60,,
SD,KG,evisa,,,
SD,KH,visa_on_arrival,,,
SD,KI,visa_required,,,
SD,KM,visa_on_arrival,,,
SD,KN,evisa,,,
SD,KP,visa_required,,,
SD,KR,evisa,,,
SD,KW,visa_required,,,
SD,KZ,evisa,,,
SD,LA,visa_on_arrival,,,
SD,LB,visa_on_arrival,,,
SD,LC,visa_on_arrival,,,
SD,LI,visa_required,,,
SD,LK,eta,,,
SD,LR,evisa,,,
SD,LS,visa_required,,,
SD,LT,visa_required,,,
SD,LU,visa_required,,,
SD,LV,visa_required,,,
SD,LY,no_admission,,,
SD,MA,visa_required,,,
SD,MC,visa_required,,,
SD,MD,visa_required,,,
SD,ME,visa_required,,,
SD,MG,visa_on_arrival,,,
SD,MH,visa_required,,,
SD,MK,visa_required,,,
SD,ML,visa_required,,,
SD,MM,visa_required,,,
SD,MN,visa_required,,,
SD,MR,evisa,,,
SD,MT,visa_required,,,
SD,MU,visa_required,,,
SD,MV,visa_on_arrival,,,
SD,MW,evisa,,,
SD,MX,visa_required,,,
SD,MY,visa_free,90,,
SD,MZ,visa_on_arrival,,,
SD,NA,evisa,,,
SD,NE,visa_required,,,
SD,NG,evisa,,,
SD,NI,visa_required,,,
SD,NL,visa_required,,,
SD,NO,visa_required,,,
SD,NP,visa_on_arrival,,,
SD,NR,visa_required,,,
SD,NZ,visa_required,,,
SD,OM,evisa,,,
SD,PA,visa_required,,,
SD,PE,visa_required,,,
SD,PG,evisa,,,
SD,PH,visa_required,,,
SD,PK,evisa,,,
SD,PL,visa_required,,,
SD,PS,visa_required,,,
SD,PT,visa_required,,,
SD,PW,visa_on_arrival,,,
SD,PY,visa_required,,,
SD,QA,evisa,,,
SD,RO,visa_required,,,
SD,RS,visa_required,,,
SD,RU,visa_required,,,
SD,RW,visa_free,30,,
SD,SA,visa_required,,,
SD,SB,visa_required,,,
SD,SC,visa_free,90,,
SD,SE,visa_required,,,
SD,SG,evisa,,,
SD,SI,visa_required,,,
SD,SK,visa_required,,,
SD,SL,visa_on_arrival,,,
SD,SM,visa_required,,,
SD,SN,visa_required,,,
SD,SO,evisa,,,
SD,SR,eta,,,
SD,SS,evisa,,,
SD,ST,evisa,,,
SD,SV,evisa,,,
SD,SY,visa_free,,,
SD,SZ,visa_required,,,
SD,TD,evisa,,,
SD,TG,evisa,,,
SD,TH,evisa,,,
SD,TJ,visa_required,,,
SD,TL,visa_on_arrival,,,
SD,TM,visa_required,,,
SD,TN,visa_required,,,
SD,TO,visa_required,,,
SD,TR,visa_required,,,
SD,TT,visa_required,,,
SD,TV,visa_on_arrival,,,
SD,TW,visa_required,,,
SD,TZ,visa_on_arrival,,,
SD,UA,visa_required,,,
SD,UG,evisa,,,
SD,US,no_admission,,,
SD,UY,visa_required,,,
SD,UZ,visa_required,,,
SD,VA,visa_required,,,
SD,VC,visa_free,90,,
SD,VE,visa_required,,,
SD,VN,evisa,,,
SD,VU,evisa,,,
SD,WS,visa_on_arrival,,,
SD,XK,visa_required,,,
SD,YE,visa_required,,,
SD,ZA,visa_required,,,
SD,ZM,evisa,,,
SD,ZW,evisa,,,
SE,AD,visa_free,,,
SE,AE,visa_free,90,,
SE,AF,visa_required,,,
SE,AG,visa_free,180,,
SE,AL,visa_free,90,,
SE,AM,visa_free,180,,
SE,AO,visa_free,30,,
SE,AR,visa_free,90,,
SE,AT,visa_free,,,
SE,AU,eta,,,
SE,AZ,evisa,,,
SE,BA,visa_free,90,,
SE,BB,visa_free,90,,
SE,BD,visa_on_arrival,,,
SE,BE,visa_free,,,
SE,BF,evisa,,,
SE,BG,visa_free,,,
SE,BH,visa_on_arrival,,,
SE,BI,visa_on_arrival,,,
SE,BJ,evisa,,,
SE,BN,visa_free,90,,
SE,BO,visa_free,90,,
SE,BR,visa_free,90,,
SE,BS,visa_free,90,,
SE,BT,evisa,,,
SE,BW,visa_free,90,,
SE,BY,visa_free,30,,
SE,BZ,visa_free,,,
SE,CA,eta,,,
SE,CD,evisa,,,
SE,CF,visa_required,,,
SE,CG,visa_required,,,
SE,CH,visa_free,,,
SE,CI,eta,,,
SE,CL,visa_free,90,,
SE,CM,evisa,,,
SE,CN,visa_free,30,,https://www.fmprc.gov.cn/eng/xw/fyrbt/202602/t20260215_11860467.html
SE,CO,visa_free,90,,
SE,CR,visa_free,180,,
SE,CU,evisa,,,
SE,CV,visa_free,30,,
SE,CY,visa_free,,,
SE,CZ,visa_free,,,
SE,DE,visa_free,,,
SE,DJ,visa_on_arrival,,,
SE,DK,visa_free,,,
SE,DM,visa_free,180,,
SE,DO,visa_free,30,,
SE,DZ,visa_required,,,
SE,EC,visa_free,90,,
SE,EE,visa_free,,,
SE,EG,visa_on_arrival,,,
SE,ER,visa_required,,,
SE,ES,visa_free,,,
SE,ET,visa_on_arrival,,,
SE,FI,visa_free,,,
SE,FJ,visa_free,120,,
SE,FM,visa_free,90,,
SE,FR,visa_free,,,
SE,GA,evisa,,,
SE,GB,eta,,,
SE,GD,visa_free,90,,
SE,GE,visa_free,365,,
SE,GH,visa_required,,,
SE,GM,visa_free,90,,
SE,GN,evisa,,,
SE,GQ,evisa,,,
SE,GR,visa_free,,,
SE,GT,visa_free,90,,
SE,GW,visa_on_arrival,,,
SE,GY,visa_free,90,,
SE,HN,visa_free,90,,
SE,HR,visa_free,,,
SE,HT,visa_free,90,,
SE,HU,visa_free,,,
SE,ID,visa_on_arrival,,,
SE,IE,visa_free,,,
SE,IL,eta,,,
SE,IN,evisa,,,
SE,IQ,evisa,,,
SE,IR,visa_on_arrival,,,
SE,IS,visa_free,,,
SE,IT,visa_free,,,
SE,JM,visa_free,90,,
SE,JO,visa_on_arrival,,,
SE,JP,visa_free,90,,
SE,KE,eta,,,
SE,KG,visa_free,60,,
SE,KH,visa_on_arrival,,,
SE,KI,visa_free,90,,
SE,KM,visa_on_arrival,,,
SE,KN,eta,,,
SE,KP,visa_required,,,
SE,KR,visa_free,90,,
SE,KW,visa_on_arrival,,,
SE,KZ,visa_free,30,,
SE,LA,visa_on_arrival,,,
SE,LB,visa_on_arrival,,,
SE,LC,visa_free,90,,
SE,LI,visa_free,,,
SE,LK,eta,,,
SE,LR,evisa,,,
SE,LS,visa_free,14,,
SE,LT,visa_free,,,
SE,LU,visa_free,,,
SE,LV,visa_free,,,
SE,LY,evisa,,,
SE,MA,visa_free,90,,
SE,MC,visa_free,,,
SE,MD,visa_free,90,,
SE,ME,visa_free,90,,
SE,MG,visa_on_arrival,,,
SE,MH,visa_free,90,,
SE,MK,visa_free,90,,
SE,ML,visa_required,,,
SE,MM,evisa,,,
SE,MN,visa_free,30,,
SE,MR,evisa,,,
SE,MT,visa_free,,,
SE,MU,visa_free,90,,
SE,MV,visa_on_arrival,,,
SE,MW,evisa,,,
SE,MX,visa_free,180,,
SE,MY,visa_free,90,,
SE,MZ,visa_free,30,,
SE,NA,visa_on_arrival,,,
SE,NE,visa_required,,,
SE,NG,evisa,,,
SE,NI,visa_free,90,,
SE,NL,visa_free,,,
SE,NO,visa_free,,,
SE,NP,visa_on_arrival,,,
SE,NR,visa_required,,,
SE,NZ,eta,,,
SE,OM,visa_on_arrival,,,
SE,PA,visa_free,90,,
SE,PE,visa_free,90,,
SE,PG,eta,,,
SE,PH,visa_free,30,,
SE,PK,evisa,,,
SE,PL,visa_free,,,
SE,PS,visa_free,,,
SE,PT,visa_free,,,
SE,PW,visa_free,90,,
SE,PY,visa_free,90,,
SE,QA,visa_on_arrival,,,
SE,RO,visa_free,,,
SE,RS,visa_free,90,,
SE,RU,evisa,,,
SE,RW,visa_on_arrival,,,
SE,SA,visa_on_arrival,,,
SE,SB,visa_free,90,,
SE,SC,visa_free,90,,
SE,SD,visa_required,,,
SE,SG,visa_free,90,,
SE,SI,visa_free,,,
SE,SK,visa_free,,,
SE,SL,visa_on_arrival,,,
SE,SM,visa_free,,,
SE,SN,visa_free,90,,
SE,SO,evisa,,,
SE,SR,eta,,,
SE,SS,evisa,,,
SE,ST,visa_free,15,,
SE,SV,visa_free,180,,
SE,SY,evisa,,,
SE,SZ,visa_free,30,,
SE,TD,evisa,,,
SE,TG,evisa,,,
SE,TH,visa_free,60,,
SE,TJ,visa_free,30,,
SE,TL,visa_free,90,,
SE,TM,visa_required,,,
SE,TN,visa_free,90,,
SE,TO,visa_free,90,,
SE,TR,visa_free,90,,
SE,TT,visa_free,90,,
SE,TV,visa_free,90,,
SE,TW,visa_free,90,,
SE,TZ,visa_on_arrival,,,
SE,UA,visa_free,90,,
SE,UG,evisa,,,
SE,US,eta,,,
SE,UY,visa_free,90,,
SE,UZ,visa_free,30,,
SE,VA,visa_free,,,
SE,VC,visa_free,90,,
SE,VE,visa_free,90,,
SE,VN,visa_free,45,,
SE,VU,visa_free,120,,
SE,WS,visa_free,90,,
SE,XK,visa_free,90,,
SE,YE,visa_required,,,
SE,ZA,visa_free,90,,
SE,ZM,visa_free,90,,
SE,ZW,visa_on_arrival,,,
SG,AD,visa_free,90,,
SG,AE,visa_free,90,,
SG,AF,visa_required,,,
SG,AG,visa_free,180,,
SG,AL,visa_free,90,,
SG,AM,visa_free,180,,
SG,AO,visa_free,30,,
SG,AR,visa_free,90,,
SG,AT,visa_free,90,,
SG,AU,eta,,,
SG,AZ,visa_on_arrival,,,
SG,BA,visa_free,90,,
SG,BB,visa_free,180,,
SG,BD,visa_on_arrival,,,
SG,BE,visa_free,90,,
SG,BF,visa_free,30,,
SG,BG,visa_free,90,,
SG,BH,visa_on_arrival,,,
SG,BI,visa_on_arrival,,,
SG,BJ,evisa,,,
SG,BN,visa_free,30,,
SG,BO,evisa,,,
SG,BR,visa_free,30,,
SG,BS,visa_free,90,,
SG,BT,evisa,,,
SG,BW,visa_free,90,,
SG,BY,visa_free,30,,
SG,BZ,visa_free,,,
SG,CA,eta,,,
SG,CD,evisa,,,
SG,CF,visa_required,,,
SG,CG,visa_required,,,
SG,CH,visa_free,90,,
SG,CI,visa_free,90,,
SG,CL,visa_free,30,,
SG,CM,evisa,,,
SG,CN,visa_free,30,,
SG,CO,visa_free,90,,
SG,CR,visa_free,180,,
SG,CU,visa_free,30,,
SG,CV,visa_free,30,,
SG,CY,visa_free,90,,
SG,CZ,visa_free,90,,
SG,DE,visa_free,90,,
SG,DJ,visa_free,,,
SG,DK,visa_free,90,,
SG,DM,visa_free,180,,
SG,DO,visa_free,30,,
SG,DZ,visa_required,,,
SG,EC,visa_free,90,,
SG,EE,visa_free,90,,
SG,EG,visa_on_arrival,,,
SG,ER,visa_required,,,
SG,ES,visa_free,90,,
SG,ET,visa_on_arrival,,,
SG,FI,visa_free,90,,
SG,FJ,visa_free,120,,
SG,FM,visa_free,30,,
SG,FR,visa_free,90,,
SG,GA,evisa,,,
SG,GB,eta,,,
SG,GD,visa_free,90,,
SG,GE,visa_free,365,,
SG,GH,visa_free,60,,
SG,GM,visa_free,90,,
SG,GN,visa_free,30,,
SG,GQ,evisa,,,
SG,GR,visa_free,90,,
SG,GT,visa_free,90,,
SG,GW,visa_on_arrival,,,
SG,GY,visa_free,30,,
SG,HN,visa_free,90,,
SG,HR,visa_free,90,,
SG,HT,visa_free,90,,
SG,HU,visa_free,90,,
SG,ID,visa_free,30,,
SG,IE,visa_free,90,,
SG,IL,eta,,,
SG,IN,evisa,,,
SG,IQ,evisa,,,
SG,IR,visa_free,15,,
SG,IS,visa_free,90,,
SG,IT,visa_free,90,,
SG,JM,visa_free,,,
SG,JO,visa_on_arrival,,,
SG,JP,visa_free,90,,
SG,KE,visa_free,90,,
SG,KG,visa_free,60,,
SG,KH,visa_free,30,,
SG,KI,visa_free,90,,
SG,KM,visa_on_arrival,,,
SG,KN,eta,,,
SG,KP,visa_required,,,
SG,KR,visa_free,90,,
SG,KW,visa_on_arrival,,,
SG,KZ,visa_free,30,,
SG,LA,visa_free,30,,
SG,LB,visa_on_arrival,,,
SG,LC,visa_free,15,,
SG,LI,visa_free,90,,
SG,LK,eta,,,
SG,LR,evisa,,,
SG,LS,visa_free,90,,
SG,LT,visa_free,90,,
SG,LU,visa_free,90,,
SG,LV,visa_free,90,,
SG,LY,evisa,,,
SG,MA,visa_free,30,,
SG,MC,visa_free,90,,
SG,MD,visa_free,90,,
SG,ME,visa_free,90,,
SG,MG,visa_on_arrival,,,
SG,MH,visa_on_arrival,,,
SG,MK,visa_free,90,,
SG,ML,visa_required,,,
SG,MM,visa_free,30,,
SG,MN,visa_free,30,,
SG,MR,evisa,,,
SG,MT,visa_free,90,,
SG,MU,visa_free,90,,
SG,MV,visa_on_arrival,,,
SG,MW,visa_free,30,,
SG,MX,visa_free,180,,
SG,MY,visa_free,30,,
SG,MZ,visa_free,30,,
SG,NA,visa_free,90,,
SG,NE,visa_required,,,
SG,NG,evisa,,,
SG,NI,visa_free,90,,
SG,NL,visa_free,90,,
SG,NO,visa_free,90,,
SG,NP,visa_on_arrival,,,
SG,NR,visa_required,,,
SG,NZ,eta,,,
SG,OM,visa_on_arrival,,,
SG,PA,visa_free,90,,
SG,PE,visa_free,180,,
SG,PG,visa_on_arrival,,,
SG,PH,visa_free,30,,
SG,PK,evisa,,,
SG,PL,visa_free,90,,
SG,PS,visa_free,,,
SG,PT,visa_free,90,,
SG,PW,visa_on_arrival,,,
SG,PY,visa_free,30,,
SG,QA,visa_on_arrival,,,
SG,RO,visa_free,90,,
SG,RS,visa_free,90,,
SG,RU,evisa,,,
SG,RW,visa_free,90,,
SG,SA,visa_on_arrival,,,
SG,SB,visa_on_arrival,,,
SG,SC,visa_free,90,,
SG,SD,visa_required,,,
SG,SE,visa_free,90,,
SG,SI,visa_free,90,,
SG,SK,visa_free,90,,
SG,SL,visa_on_arrival,,,
SG,SM,visa_free,90,,
SG,SN,visa_free,90,,
SG,SO,evisa,,,
SG,SR,eta,,,
SG,SS,evisa,,,
SG,ST,evisa,,,
SG,SV,visa_free,180,,
SG,SY,evisa,,,
SG,SZ,visa_free,30,,
SG,TD,evisa,,,
SG,TG,evisa,,,
SG,TH,visa_free,60,,
SG,TJ,visa_free,30,,
SG,TL,visa_free,30,,
SG,TM,visa_required,,,
SG,TN,visa_free,90,,
SG,TO,visa_on_arrival,,,
SG,TR,visa_free,90,,
SG,TT,visa_free,,,
SG,TV,visa_on_arrival,,,
SG,TW,visa_free,30,,
SG,TZ,visa_free,90,,
SG,UA,evisa,,,
SG,UG,visa_free,90,,
SG,US,eta,,,
SG,UY,visa_free,90,,
SG,UZ,visa_free,30,,
SG,VA,visa_free,90,,
SG,VC,visa_free,90,,
SG,VE,visa_required,,,
SG,VN,visa_free,30,,
SG,VU,visa_free,120,,
SG,WS,visa_on_arrival,,,
SG,XK,visa_free,90,,
SG,YE,visa_required,,,
SG,ZA,visa_free,90,,
SG,ZM,visa_free,90,,
SG,ZW,visa_free,90,,
SI,AD,visa_free,,,
SI,AE,visa_free,90,,
SI,AF,visa_required,,,
SI,AG,visa_free,180,,
SI,AL,visa_free,90,,
SI,AM,visa_free,180,,
SI,AO,visa_free,30,,
SI,AR,visa_free,90,,
SI,AT,visa_free,,,
SI,AU,eta,,,
SI,AZ,evisa,,,
SI,BA,visa_free,90,,
SI,BB,visa_free,90,,
SI,BD,visa_on_arrival,,,
SI,BE,visa_free,,,
SI,BF,evisa,,,
SI,BG,visa_free,,,
SI,BH,visa_on_arrival,,,
SI,BI,visa_on_arrival,,,
SI,BJ,evisa,,,
SI,BN,visa_free,90,,
SI,BO,visa_free,90,,
SI,BR,visa_free,90,,
SI,BS,visa_free,90,,
SI,BT,evisa,,,
SI,BW,visa_free,90,,
SI,BY,visa_free,30,,
SI,BZ,visa_free,,,
SI,CA,eta,,,
SI,CD,evisa,,,
SI,CF,visa_required,,,
SI,CG,visa_required,,,
SI,CH,visa_free,,,
SI,CI,eta,,,
SI,CL,visa_free,90,,
SI,CM,evisa,,,
SI,CN,visa_free,30,,https://www.fmprc.gov.cn/eng/xw/fyrbt/202602/t20260215_11860467.html
SI,CO,visa_free,90,,
SI,CR,visa_free,180,,
SI,CU,evisa,,,
SI,CV,visa_free,30,,
SI,CY,visa_free,,,
SI,CZ,visa_free,,,
SI,DE,visa_free,,,
SI,DJ,visa_on_arrival,,,
SI,DK,visa_free,,,
SI,DM,visa_free,180,,
SI,DO,visa_free,30,,
SI,DZ,visa_required,,,
SI,EC,visa_free,90,,
SI,EE,visa_free,,,
SI,EG,visa_on_arrival,,,
SI,ER,visa_required,,,
SI,ES,visa_free,,,
SI,ET,visa_on_arrival,,,
SI,FI,visa_free,,,
SI,FJ,visa_free,120,,
SI,FM,visa_free,90,,
SI,FR,visa_free,,,
SI,GA,evisa,,,
SI,GB,eta,,,
SI,GD,visa_free,90,,
SI,GE,visa_free,365,,
SI,GH,visa_required,,,
SI,GM,visa_free,90,,
SI,GN,evisa,,,
SI,GQ,evisa,,,
SI,GR,visa_free,,,
SI,GT,visa_free,90,,
SI,GW,visa_on_arrival,,,
SI,GY,evisa,,,
SI,HN,visa_free,90,,
SI,HR,visa_free,,,
SI,HT,visa_free,90,,
SI,HU,visa_free,,,
SI,ID,visa_on_arrival,,,
SI,IE,visa_free,,,
SI,IL,eta,,,
SI,IN,evisa,,,
SI,IQ,evisa,,,
SI,IR,visa_on_arrival,,,
SI,IS,visa_free,,,
SI,IT,visa_free,,,
SI,JM,visa_free,30,,
SI,JO,visa_on_arrival,,,
SI,JP,visa_free,90,,
SI,KE,eta,,,
SI,KG,visa_free,60,,
SI,KH,visa_on_arrival,,,
SI,KI,visa_free,90,,
SI,KM,visa_on_arrival,,,
SI,KN,eta,,,
SI,KP,visa_required,,,
SI,KR,visa_free,90,,
SI,KW,visa_on_arrival,,,
SI,KZ,visa_free,30,,
SI,LA,visa_on_arrival,,,
SI,LB,visa_on_arrival,,,
SI,LC,visa_free,90,,
SI,LI,visa_free,,,
SI,LK,eta,,,
SI,LR,evisa,,,
SI,LS,visa_free,14,,
SI,LT,visa_free,,,
SI,LU,visa_free,,,
SI,LV,visa_free,,,
SI,LY,evisa,,,
SI,MA,visa_free,90,,
SI,MC,visa_free,,,
SI,MD,visa_free,90,,
SI,ME,visa_free,90,,
SI,MG,visa_on_arrival,,,
SI,MH,visa_free,90,,
SI,MK,visa_free,90,,
SI,ML,visa_required,,,
SI,MM,evisa,,,
SI,MN,visa_free,30,,
SI,MR,evisa,,,
SI,MT,visa_free,,,
SI,MU,visa_free,90,,
SI,MV,visa_on_arrival,,,
SI,MW,evisa,,,
SI,MX,visa_free,180,,
SI,MY,visa_free,90,,
SI,MZ,visa_on_arrival,,,
SI,NA,visa_on_arrival,,,
SI,NE,visa_required,,,
SI,NG,evisa,,,
SI,NI,visa_free,90,,
SI,NL,visa_free,,,
SI,NO,visa_free,,,
SI,NP,visa_on_arrival,,,
SI,NR,visa_required,,,
SI,NZ,eta,,,
SI,OM,visa_on_arrival,,,
SI,PA,visa_free,90,,
SI,PE,visa_free,90,,
SI,PG,eta,,,
SI,PH,visa_free,30,,
SI,PK,evisa,,,
SI,PL,visa_free,,,
SI,PS,visa_free,,,
SI,PT,visa_free,,,
SI,PW,visa_free,90,,
SI,PY,visa_free,90,,
SI,QA,visa_on_arrival,,,
SI,RO,visa_free,,,
SI,RS,visa_free,90,,
SI,RU,evisa,,,
SI,RW,visa_on_arrival,,,
SI,SA,visa_on_arrival,,,
SI,SB,visa_free,90,,
SI,SC,visa_free,90,,
SI,SD,visa_required,,,
SI,SE,visa_free,,,
SI,SG,visa_free,90,,
SI,SK,visa_free,,,
SI,SL,visa_on_arrival,,,
SI,SM,visa_free,,,
SI,SN,visa_free,90,,
SI,SO,evisa,,,
SI,SR,eta,,,
SI,SS,evisa,,,
SI,ST,visa_free,15,,
SI,SV,visa_free,180,,
SI,SY,evisa,,,
SI,SZ,visa_free,30,,
SI,TD,evisa,,,
SI,TG,evisa,,,
SI,TH,visa_free,60,,
SI,TJ,visa_free,30,,
SI,TL,visa_free,90,,
SI,TM,visa_required,,,
SI,TN,visa_free,90,,
SI,TO,visa_free,90,,
SI,TR,visa_free,90,,
SI,TT,visa_free,90,,
SI,TV,visa_free,90,,
SI,TW,visa_free,90,,
SI,TZ,visa_on_arrival,,,
SI,UA,visa_free,90,,
SI,UG,evisa,,,
SI,US,eta,,,
SI,UY,visa_free,90,,
SI,UZ,visa_free,30,,
SI,VA,visa_free,,,
SI,VC,visa_free,90,,
SI,VE,visa_free,90,,
SI,VN,visa_free,45,,
SI,VU,visa_free,120,,
SI,WS,visa_free,90,,
SI,XK,visa_free,90,,
SI,YE,visa_required,,,
SI,ZA,visa_free,90,,
SI,ZM,visa_free,90,,
SI,ZW,visa_on_arrival,,,
SK,AD,visa_free,,,
SK,AE,visa_free,90,,
SK,AF,visa_required,,,
SK,AG,visa_free,180,,
SK,AL,visa_free,90,,
SK,AM,visa_free,180,,
SK,AO,visa_free,30,,
SK,AR,visa_free,90,,
SK,AT,visa_free,,,
SK,AU,eta,,,
SK,AZ,evisa,,,
SK,BA,visa_free,90,,
SK,BB,visa_free,90,,
SK,BD,visa_on_arrival,,,
SK,BE,visa_free,,,
SK,BF,evisa,,,
SK,BG,visa_free,,,
SK,BH,visa_on_arrival,,,
SK,BI,visa_on_arrival,,,
SK,BJ,evisa,,,
SK,BN,visa_free,90,,
SK,BO,visa_free,90,,
SK,BR,visa_free,90,,
SK,BS,visa_free,90,,
SK,BT,evisa,,,
SK,BW,visa_free,90,,
SK,BY,visa_free,30,,
SK,BZ,visa_free,,,
SK,CA,eta,,,
SK,CD,evisa,,,
SK,CF,visa_required,,,
SK,CG,visa_required,,,
SK,CH,visa_free,,,
SK,CI,eta,,,
SK,CL,visa_free,90,,
SK,CM,evisa,,,
SK,CN,visa_free,30,,https://www.fmprc.gov.cn/eng/xw/fyrbt/202602/t20260215_11860467.html
SK,CO,visa_free,90,,
SK,CR,visa_free,180,,
SK,CU,evisa,,,
SK,CV,visa_free,30,,
SK,CY,visa_free,,,
SK,CZ,visa_free,,,
SK,DE,visa_free,,,
SK,DJ,visa_on_arrival,,,
SK,DK,visa_free,,,
SK,DM,visa_free,180,,
SK,DO,visa_free,30,,
SK,DZ,visa_required,,,
SK,EC,visa_free,90,,
SK,EE,visa_free,,,
SK,EG,visa_on_arrival,,,
SK,ER,visa_required,,,
SK,ES,visa_free,,,
SK,ET,visa_on_arrival,,,
SK,FI,visa_free,,,
SK,FJ,visa_free,120,,
SK,FM,visa_free,90,,
SK,FR,visa_free,,,
SK,GA,evisa,,,
SK,GB,eta,,,
SK,GD,visa_free,90,,
SK,GE,visa_free,365,,
SK,GH,visa_required,,,
SK,GM,visa_free,90,,
SK,GN,evisa,,,
SK,GQ,evisa,,,
SK,GR,visa_free,,,
SK,GT,visa_free,90,,
SK,GW,visa_on_arrival,,,
SK,GY,evisa,,,
SK,HN,visa_free,90,,
SK,HR,visa_free,,,
SK,HT,visa_free,90,,
SK,HU,visa_free,,,
SK,ID,visa_on_arrival,,,
SK,IE,visa_free,,,
SK,IL,eta,,,
SK,IN,evisa,,,
SK,IQ,evisa,,,
SK,IR,visa_on_arrival,,,
SK,IS,visa_free,,,
SK,IT,visa_free,,,
SK,JM,visa_free,30,,
SK,JO,visa_on_arrival,,,
SK,JP,visa_free,90,,
SK,KE,eta,,,
SK,KG,visa_free,60,,
SK,KH,visa_on_arrival,,,
SK,KI,visa_free,90,,
SK,KM,visa_on_arrival,,,
SK,KN,eta,,,
SK,KP,visa_required,,,
SK,KR,visa_free,90,,
SK,KW,visa_on_arrival,,,
SK,KZ,visa_free,30,,
SK,LA,visa_on_arrival,,,
SK,LB,visa_on_arrival,,,
SK,LC,visa_free,90,,
SK,LI,visa_free,,,
SK,LK,eta,,,
SK,LR,evisa,,,
SK,LS,visa_free,14,,
SK,LT,visa_free,,,
SK,LU,visa_free,,,
SK,LV,visa_free,,,
SK,LY,evisa,,,
SK,MA,visa_free,90,,
SK,MC,visa_free,,,
SK,MD,visa_free,90,,
SK,ME,visa_free,90,,
SK,MG,visa_on_arrival,,,
SK,MH,visa_free,90,,
SK,MK,visa_free,90,,
SK,ML,visa_required,,,
SK,MM,evisa,,,
SK,MN,visa_free,30,,
SK,MR,evisa,,,
SK,MT,visa_free,,,
SK,MU,visa_free,90,,
SK,MV,visa_on_arrival,,,
SK,MW,evisa,,,
SK,MX,visa_free,180,,
SK,MY,visa_free,90,,
SK,MZ,visa_on_arrival,,,
SK,NA,visa_on_arrival,,,
SK,NE,visa_required,,,
SK,NG,evisa,,,
SK,NI,visa_free,90,,
SK,NL,visa_free,,,
SK,NO,visa_free,,,
SK,NP,visa_on_arrival,,,
SK,NR,visa_required,,,
SK,NZ,eta,,,
SK,OM,visa_on_arrival,,,
SK,PA,visa_free,90,,
SK,PE,visa_free,90,,
SK,PG,eta,,,
SK,PH,visa_free,30,,
SK,PK,evisa,,,
SK,PL,visa_free,,,
SK,PS,visa_free,,,
SK,PT,visa_free,,,
SK,PW,visa_free,90,,
SK,PY,visa_free,90,,
SK,QA,visa_on_arrival,,,
SK,RO,visa_free,,,
SK,RS,visa_free,90,,
SK,RU,evisa,,,
SK,RW,visa_on_arrival,,,
SK,SA,visa_on_arrival,,,
SK,SB,visa_free,90,,
SK,SC,visa_free,90,,
SK,SD,visa_required,,,
SK,SE,visa_free,,,
SK,SG,visa_free,90,,
SK,SI,visa_free,,,
SK,SL,visa_on_arrival,,,
SK,SM,visa_free,,,
SK,SN,visa_free,90,,
SK,SO,evisa,,,
SK,SR,eta,,,
SK,SS,evisa,,,
SK,ST,visa_free,15,,
SK,SV,visa_free,180,,
SK,SY,evisa,,,
SK,SZ,visa_free,30,,
SK,TD,evisa,,,
SK,TG,evisa,,,
SK,TH,visa_free,60,,
SK,TJ,visa_free,30,,
SK,TL,visa_free,90,,
SK,TM,visa_required,,,
SK,TN,visa_free,90,,
SK,TO,visa_free,90,,
SK,TR,visa_free,90,,
SK,TT,visa_free,90,,
SK,TV,visa_free,90,,
SK,TW,visa_free,90,,
SK,TZ,visa_on_arrival,,,
SK,UA,visa_free,90,,
SK,UG,evisa,,,
SK,US,eta,,,
SK,UY,visa_free,90,,
SK,UZ,visa_free,30,,
SK,VA,visa_free,,,
SK,VC,visa_free,90,,
SK,VE,visa_free,90,,
SK,VN,visa_free,45,,
SK,VU,visa_free,120,,
SK,WS,visa_free,90,,
SK,XK,visa_free,90,,
SK,YE,visa_required,,,
SK,ZA,visa_free,90,,
SK,ZM,visa_free,90,,
SK,ZW,visa_on_arrival,,,
SL,AD,visa_required,,,
SL,AE,evisa,,,
SL,AF,visa_required,,,
SL,AG,evisa,,,
SL,AL,evisa,,,
SL,AM,visa_required,,,
SL,AO,visa_required,,,
SL,AR,visa_required,,,
SL,AT,visa_required,,,
SL,AU,evisa,,,
SL,AZ,visa_required,,,
SL,BA,visa_required,,,
SL,BB,visa_free,180,,
SL,BD,visa_free,90,,
SL,BE,visa_required,,,
SL,BF,visa_free,,,
SL,BG,visa_required,,,
SL,BH,evisa,,,
SL,BI,visa_on_arrival,,,
SL,BJ,visa_free,90,,
SL,BN,visa_required,,,
SL,BO,evisa,,,
SL,BR,visa_required,,,
SL,BS,visa_free,90,,
SL,BT,evisa,,,
SL,BW,visa_free,90,,
SL,BY,visa_required,,,
SL,BZ,visa_free,,,
SL,CA,visa_required,,,
SL,CD,evisa,,,
SL,CF,visa_required,,,
SL,CG,visa_required,,,
SL,CH,visa_required,,,
SL,CI,visa_free,90,,
SL,CL,visa_required,,,
SL,CM,evisa,,,
SL,CN,visa_required,,,
SL,CO,evisa,,,
SL,CR,visa_required,,,
SL,CU,visa_required,,,
SL,CV,visa_free,,,
SL,CY,visa_required,,,
SL,CZ,visa_required,,,
SL,DE,visa_required,,,
SL,DJ,visa_on_arrival,,,
SL,DK,visa_required,,,
SL,DM,visa_free,180,,
SL,DO,visa_required,,,
SL,DZ,visa_required,,,
SL,EC,evisa,,,
SL,EE,visa_required,,,
SL,EG,visa_required,,,
SL,ER,visa_required,,,
SL,ES,visa_required,,,
SL,ET,visa_on_arrival,,,
SL,FI,visa_required,,,
SL,FJ,visa_free,120,,
SL,FM,visa_free,30,,
SL,FR,visa_required,,,
SL,GA,evisa,,,
SL,GB,visa_required,,,
SL,GD,visa_free,90,,
SL,GE,visa_required,,,
SL,GH,visa_free,90,,
SL,GM,visa_free,90,,
SL,GN,visa_free,,,
SL,GQ,evisa,,,
SL,GR,visa_required,,,
SL,GT,visa_required,,,
SL,GW,visa_free,,,
SL,GY,evisa,,,
SL,HN,visa_required,,,
SL,HR,visa_required,,,
SL,HT,visa_free,90,,
SL,HU,visa_required,,,
SL,ID,evisa,,,
SL,IE,visa_required,,,
SL,IL,evisa,,,
SL,IN,evisa,,,
SL,IQ,evisa,,,
SL,IR,visa_on_arrival,,,
SL,IS,visa_required,,,
SL,IT,visa_required,,,
SL,JM,visa_free,,,
SL,JO,visa_required,,,
SL,JP,visa_required,,,
SL,KE,visa_free,90,,
SL,KG,evisa,,,
SL,KH,visa_on_arrival,,,
SL,KI,visa_free,90,,
SL,KM,visa_on_arrival,,,
SL,KN,eta,,,
SL,KP,visa_required,,,
SL,KR,evisa,,,
SL,KW,visa_required,,,
SL,KZ,evisa,,,
SL,LA,visa_required,,,
SL,LB,visa_required,,,
SL,LC,visa_on_arrival,,,
SL,LI,visa_required,,,
SL,LK,eta,,,
SL,LR,visa_free,,,
SL,LS,visa_free,90,,
SL,LT,visa_required,,,
SL,LU,visa_required,,,
SL,LV,visa_required,,,
SL,LY,evisa,,,
SL,MA,visa_required,,,
SL,MC,visa_required,,,
SL,MD,evisa,,,
SL,ME,visa_required,,,
SL,MG,visa_on_arrival,,,
SL,MH,visa_required,,,
SL,MK,visa_required,,,
SL,ML,visa_free,,,
SL,MM,visa_required,,,
SL,MN,evisa,,,
SL,MR,evisa,,,
SL,MT,visa_required,,,
SL,MU,visa_free,90,,
SL,MV,visa_on_arrival,,,
SL,MW,evisa,,,
SL,MX,visa_required,,,
SL,MY,visa_free,30,,
SL,MZ,visa_on_arrival,,,
SL,NA,visa_on_arrival,,,
SL,NE,visa_free,,,
SL,NG,visa_free,,,
SL,NI,visa_required,,,
SL,NL,visa_required,,,
SL,NO,visa_required,,,
SL,NP,visa_on_arrival,,,
SL,NR,visa_required,,,
SL,NZ,visa_required,,,
SL,OM,evisa,,,
SL,PA,visa_required,,,
SL,PE,visa_required,,,
SL,PG,evisa,,,
SL,PH,visa_required,,,
SL,PK,evisa,,,
SL,PL,visa_required,,,
SL,PS,visa_required,,,
SL,PT,visa_required,,,
SL,PW,visa_on_arrival,,,
SL,PY,visa_required,,,
SL,QA,evisa,,,
SL,RO,visa_required,,,
SL,RS,visa_required,,,
SL,RU,visa_required,,,
SL,RW,visa_free,90,,
SL,SA,evisa,,,
SL,SB,visa_required,,,
SL,SC,visa_free,90,,
SL,SD,visa_required,,,
SL,SE,visa_required,,,
SL,SG,visa_free,30,,
SL,SI,visa_required,,,
SL,SK,visa_required,,,
SL,SM,visa_required,,,
SL,SN,visa_free,90,,
SL,SO,evisa,,,
SL,SR,eta,,,
SL,SS,evisa,,,
SL,ST,evisa,,,
SL,SV,evisa,,,
SL,SY,evisa,,,
SL,SZ,visa_free,30,,
SL,TD,evisa,,,
SL,TG,visa_free,,,
SL,TH,evisa,,,
SL,TJ,visa_required,,,
SL,TL,visa_on_arrival,,,
SL,TM,visa_required,,,
SL,TN,visa_required,,,
SL,TO,visa_required,,,
SL,TR,visa_required,,,
SL,TT,visa_free,,,
SL,TV,visa_on_arrival,,,
SL,TW,visa_required,,,
SL,TZ,evisa,,,
SL,UA,visa_required,,,
SL,UG,visa_free,90,,
SL,US,visa_required,,,
SL,UY,visa_required,,,
SL,UZ,visa_required,,,
SL,VA,visa_required,,,
SL,VC,visa_free,90,,
SL,VE,visa_required,,,
SL,VN,evisa,,,
SL,VU,visa_free,120,,
SL,WS,visa_on_arrival,,,
SL,XK,visa_required,,,
SL,YE,visa_required,,,
SL,ZA,visa_required,,,
SL,ZM,evisa,,,
SL,ZW,evisa,,,
SM,AD,visa_free,90,,
SM,AE,visa_free,90,,
SM,AF,visa_required,,,
SM,AG,visa_free,180,,
SM,AL,visa_free,90,,
SM,AM,visa_free,180,,
SM,AO,visa_required,,,
SM,AR,visa_free,90,,
SM,AT,visa_free,90,,
SM,AU,eta,,,
SM,AZ,evisa,,,
SM,BA,visa_free,90,,
SM,BB,visa_free,180,,
SM,BD,visa_on_arrival,,,
SM,BE,visa_free,90,,
SM,BF,evisa,,,
SM,BG,visa_free,90,,
SM,BH,visa_on_arrival,,,
SM,BI,visa_on_arrival,,,
SM,BJ,evisa,,,
SM,BN,visa_required,,,
SM,BO,evisa,,,
SM,BR,visa_free,90,,
SM,BS,visa_free,240,,
SM,BT,evisa,,,
SM,BW,visa_free,90,,
SM,BY,visa_free,30,,
SM,BZ,visa_free,90,,
SM,CA,eta,,,
SM,CD,evisa,,,
SM,CF,visa_required,,,
SM,CG,visa_required,,,
SM,CH,visa_free,90,,
SM,CI,eta,,,
SM,CL,visa_free,90,,
SM,CM,evisa,,,
SM,CN,visa_free,90,,
SM,CO,visa_free,90,,
SM,CR,visa_free,180,,
SM,CU,evisa,,,
SM,CV,visa_free,30,,
SM,CY,visa_free,90,,
SM,CZ,visa_free,90,,
SM,DE,visa_free,90,,
SM,DJ,visa_on_arrival,,,
SM,DK,visa_free,90,,
SM,DM,visa_free,21,,
SM,DO,visa_free,30,,
SM,DZ,visa_required,,,
SM,EC,visa_free,90,,
SM,EE,visa_free,90,,
SM,EG,visa_on_arrival,,,
SM,ER,visa_required,,,
SM,ES,visa_free,90,,
SM,ET,evisa,,,
SM,FI,visa_free,90,,
SM,FJ,visa_required,,,
SM,FM,visa_free,30,,
SM,FR,visa_free,90,,
SM,GA,evisa,,,
SM,GB,eta,,,
SM,GD,visa_free,90,,
SM,GE,visa_free,365,,
SM,GH,visa_required,,,
SM,GM,visa_free,90,,
SM,GN,evisa,,,
SM,GQ,evisa,,,
SM,GR,visa_free,90,,
SM,GT,visa_free,90,,
SM,GW,visa_on_arrival,,,
SM,GY,evisa,,,
SM,HN,visa_free,90,,
SM,HR,visa_free,90,,
SM,HT,visa_free,90,,
SM,HU,visa_free,90,,
SM,ID,visa_on_arrival,,,
SM,IE,visa_free,90,,
SM,IL,eta,,,
SM,IN,evisa,,,
SM,IQ,evisa,,,
SM,IR,visa_on_arrival,,,
SM,IS,visa_free,90,,
SM,IT,visa_free,90,,
SM,JM,visa_free,90,,
SM,JO,visa_on_arrival,,,
SM,JP,visa_free,90,,
SM,KE,visa_free,90,,
SM,KG,visa_free,60,,
SM,KH,visa_on_arrival,,,
SM,KI,visa_required,,,
SM,KM,visa_on_arrival,,,
SM,KN,evisa,,,
SM,KP,visa_required,,,
SM,KR,visa_free,30,,
SM,KW,visa_on_arrival,,,
SM,KZ,visa_free,90,,
SM,LA,visa_on_arrival,,,
SM,LB,visa_on_arrival,,,
SM,LC,visa_free,42,,
SM,LI,visa_free,90,,
SM,LK,eta,,,
SM,LR,evisa,,,
SM,LS,visa_free,90,,
SM,LT,visa_free,90,,
SM,LU,visa_free,90,,
SM,LV,visa_free,90,,
SM,LY,evisa,,,
SM,MA,visa_free,90,,
SM,MC,visa_free,90,,
SM,MD,visa_free,90,,
SM,ME,visa_free,90,,
SM,MG,visa_on_arrival,,,
SM,MH,visa_required,,,
SM,MK,visa_free,90,,
SM,ML,visa_required,,,
SM,MM,visa_required,,,
SM,MN,evisa,,,
SM,MR,evisa,,,
SM,MT,visa_free,90,,
SM,MU,visa_free,90,,
SM,MV,visa_on_arrival,,,
SM,MW,evisa,,,
SM,MX,visa_free,180,,
SM,MY,visa_free,90,,
SM,MZ,visa_on_arrival,,,
SM,NA,evisa,,,
SM,NE,visa_required,,,
SM,NG,evisa,,,
SM,NI,visa_free,90,,
SM,NL,visa_free,90,,
SM,NO,visa_free,90,,
SM,NP,visa_on_arrival,,,
SM,NR,visa_required,,,
SM,NZ,eta,,,
SM,OM,visa_on_arrival,,,
SM,PA,visa_free,90,,
SM,PE,visa_free,180,,
SM,PG,eta,,,
SM,PH,visa_free,30,,
SM,PK,evisa,,,
SM,PL,visa_free,90,,
SM,PS,visa_free,,,
SM,PT,visa_free,90,,
SM,PW,visa_on_arrival,,,
SM,PY,visa_required,,,
SM,QA,visa_on_arrival,,,
SM,RO,visa_free,90,,
SM,RS,visa_free,90,,
SM,RU,evisa,,,
SM,RW,visa_on_arrival,,,
SM,SA,visa_on_arrival,,,
SM,SB,visa_on_arrival,,,
SM,SC,visa_free,90,,
SM,SD,visa_required,,,
SM,SE,visa_free,90,,
SM,SG,visa_free,30,,
SM,SI,visa_free,90,,
SM,SK,visa_free,90,,
SM,SL,evisa,,,
SM,SN,visa_on_arrival,,,
SM,SO,evisa,,,
SM,SR,eta,,,
SM,SS,evisa,,,
SM,ST,visa_free,15,,
SM,SV,visa_free,180,,
SM,SY,evisa,,,
SM,SZ,visa_free,30,,
SM,TD,evisa,,,
SM,TG,evisa,,,
SM,TH,visa_free,60,,
SM,TJ,visa_free,30,,
SM,TL,visa_on_arrival,,,
SM,TM,visa_required,,,
SM,TN,visa_free,90,,
SM,TO,visa_required,,,
SM,TR,visa_free,90,,
SM,TT,visa_required,,,
SM,TV,visa_on_arrival,,,
SM,TW,visa_free,90,,
SM,TZ,visa_on_arrival,,,
SM,UA,visa_free,90,,
SM,UG,evisa,,,
SM,US,eta,,,
SM,UY,visa_free,90,,
SM,UZ,visa_free,30,,
SM,VA,visa_free,90,,
SM,VC,visa_free,90,,
SM,VE,visa_free,90,,
SM,VN,evisa,,,
SM,VU,visa_free,120,,
SM,WS,visa_on_arrival,,,
SM,XK,visa_free,90,,
SM,YE,visa_required,,,
SM,ZA,visa_free,90,,
SM,ZM,visa_free,90,,
SM,ZW,visa_on_arrival,,,
SN,AD,visa_required,,,
SN,AE,evisa,,,
SN,AF,visa_required,,,
SN,AG,evisa,,,
SN,AL,evisa,,,
SN,AM,visa_required,,,
SN,AO,visa_required,,,
SN,AR,visa_required,,,
SN,AT,visa_required,,,
SN,AU,evisa,,,
SN,AZ,visa_required,,,
SN,BA,visa_required,,,
SN,BB,visa_free,90,,
SN,BD,visa_on_arrival,,,
SN,BE,visa_required,,,
SN,BF,visa_free,,,
SN,BG,visa_required,,,
SN,BH,evisa,,,
SN,BI,visa_on_arrival,,,
SN,BJ,visa_free,90,,
SN,BN,visa_required,,,
SN,BO,evisa,,,
SN,BR,visa_required,,,
SN,BS,evisa,,,
SN,BT,evisa,,,
SN,BW,evisa,,,
SN,BY,visa_required,,,
SN,BZ,visa_required,,,
SN,CA,visa_required,,,
SN,CD,evisa,,,
SN,CF,visa_free,90,,
SN,CG,visa_on_arrival,,,
SN,CH,visa_required,,,
SN,CI,visa_free,90,,
SN,CL,visa_required,,,
SN,CM,evisa,,,
SN,CN,visa_required,,,
SN,CO,evisa,,,
SN,CR,visa_required,,,
SN,CU,evisa,,,
SN,CV,visa_free,,,
SN,CY,visa_required,,,
SN,CZ,visa_required,,,
SN,DE,visa_required,,,
SN,DJ,visa_on_arrival,,,
SN,DK,visa_required,,,
SN,DM,visa_free,21,,
SN,DO,visa_required,,,
SN,DZ,visa_required,,,
SN,EC,evisa,,,
SN,EE,visa_required,,,
SN,EG,visa_required,,,
SN,ER,visa_required,,,
SN,ES,visa_required,,,
SN,ET,visa_on_arrival,,,
SN,FI,visa_required,,,
SN,FJ,visa_free,120,,
SN,FM,visa_free,30,,
SN,FR,visa_required,,,
SN,GA,evisa,,,
SN,GB,visa_required,,,
SN,GD,visa_required,,,
SN,GE,visa_required,,,
SN,GH,visa_free,90,,
SN,GM,visa_free,90,,
SN,GN,visa_free,,,
SN,GQ,evisa,,,
SN,GR,visa_required,,,
SN,GT,visa_required,,,
SN,GW,visa_free,,,
SN,GY,evisa,,,
SN,HN,visa_required,,,
SN,HR,visa_required,,,
SN,HT,visa_free,90,,
SN,HU,visa_required,,,
SN,ID,evisa,,,
SN,IE,visa_required,,,
SN,IL,evisa,,,
SN,IN,evisa,,,
SN,IQ,evisa,,,
SN,IR,visa_on_arrival,,,
SN,IS,visa_required,,,
SN,IT,visa_required,,,
SN,JM,visa_required,,,
SN,JO,visa_required,,,
SN,JP,visa_required,,,
SN,KE,visa_free,60,,
SN,KG,evisa,,,
SN,KH,visa_on_arrival,,,
SN,KI,visa_required,,,
SN,KM,visa_on_arrival,,,
SN,KN,evisa,,,
SN,KP,visa_required,,,
SN,KR,evisa,,,
SN,KW,visa_required,,,
SN,KZ,evisa,,,
SN,LA,visa_required,,,
SN,LB,visa_required,,,
SN,LC,visa_on_arrival,,,
SN,LI,visa_required,,,
SN,LK,eta,,,
SN,LR,visa_free,,,
SN,LS,visa_required,,,
SN,LT,visa_required,,,
SN,LU,visa_required,,,
SN,LV,visa_required,,,
SN,LY,evisa,,,
SN,MA,eta,,,
SN,MC,visa_required,,,
SN,MD,evisa,,,
SN,ME,visa_required,,,
SN,MG,visa_on_arrival,,,
SN,MH,visa_required,,,
SN,MK,visa_required,,,
SN,ML,visa_free,,,
SN,MM,visa_required,,,
SN,MN,evisa,,,
SN,MR,visa_free,90,,
SN,MT,visa_required,,,
SN,MU,visa_on_arrival,,,
SN,MV,visa_on_arrival,,,
SN,MW,evisa,,,
SN,MX,visa_required,,,
SN,MY,visa_free,30,,
SN,MZ,visa_free,30,,
SN,NA,evisa,,,
SN,NE,visa_free,,,
SN,NG,visa_free,,,
SN,NI,visa_on_arrival,,,
SN,NL,visa_required,,,
SN,NO,visa_required,,,
SN,NP,visa_on_arrival,,,
SN,NR,visa_required,,,
SN,NZ,visa_required,,,
SN,OM,evisa,,,
SN,PA,visa_required,,,
SN,PE,visa_required,,,
SN,PG,evisa,,,
SN,PH,visa_free,30,,
SN,PK,evisa,,,
SN,PL,visa_required,,,
SN,PS,visa_free,,,
SN,PT,visa_required,,,
SN,PW,visa_on_arrival,,,
SN,PY,visa_required,,,
SN,QA,evisa,,,
SN,RO,visa_required,,,
SN,RS,visa_required,,,
SN,RU,visa_required,,,
SN,RW,visa_free,90,,
SN,SA,evisa,,,
SN,SB,visa_required,,,
SN,SC,visa_free,90,,
SN,SD,visa_required,,,
SN,SE,visa_required,,,
SN,SG,visa_free,30,,
SN,SI,visa_required,,,
SN,SK,visa_required,,,
SN,SL,visa_free,,,
SN,SM,visa_required,,,
SN,SO,evisa,,,
SN,SR,eta,,,
SN,SS,evisa,,,
SN,ST,evisa,,,
SN,SV,evisa,,,
SN,SY,evisa,,,
SN,SZ,visa_required,,,
SN,TD,visa_free,90,,
SN,TG,visa_free,,,
SN,TH,evisa,,,
SN,TJ,evisa,,,
SN,TL,visa_on_arrival,,,
SN,TM,visa_required,,,
SN,TN,visa_free,90,,
SN,TO,visa_required,,,
SN,TR,visa_required,,,
SN,TT,visa_required,,,
SN,TV,visa_on_arrival,,,
SN,TW,visa_required,,,
SN,TZ,visa_free,90,,
SN,UA,visa_required,,,
SN,UG,evisa,,,
SN,US,visa_required,,,
SN,UY,visa_required,,,
SN,UZ,evisa,,,
SN,VA,visa_required,,,
SN,VC,visa_free,90,,
SN,VE,visa_required,,,
SN,VN,evisa,,,
SN,VU,evisa,,,
SN,WS,visa_on_arrival,,,
SN,XK,visa_required,,,
SN,YE,visa_required,,,
SN,ZA,evisa,,,
SN,ZM,evisa,,,
SN,ZW,visa_on_arrival,,,
SO,AD,visa_required,,,
SO,AE,evisa,,,
SO,AF,visa_required,,,
SO,AG,evisa,,,
SO,AL,evisa,,,
SO,AM,visa_required,,,
SO,AO,visa_required,,,
SO,AR,visa_required,,,
SO,AT,visa_required,,,
SO,AU,no_admission,,,
SO,AZ,visa_required,,,
SO,BA,visa_required,,,
SO,BB,visa_required,,,
SO,BD,visa_on_arrival,,,
SO,BE,visa_required,,,
SO,BF,evisa,,,
SO,BG,visa_required,,,
SO,BH,evisa,,,
SO,BI,visa_on_arrival,,,
SO,BJ,visa_free,90,,
SO,BN,visa_required,,,
SO,BO,evisa,,,
SO,BR,visa_required,,,
SO,BS,evisa,,,
SO,BT,evisa,,,
SO,BW,evisa,,,
SO,BY,visa_required,,,
SO,BZ,visa_required,,,
SO,CA,no_admission,,,
SO,CD,evisa,,,
SO,CF,visa_required,,,
SO,CG,visa_required,,,
SO,CH,visa_required,,,
SO,CI,eta,,,
SO,CL,visa_required,,,
SO,CM,evisa,,,
SO,CN,visa_required,,,
SO,CO,evisa,,,
SO,CR,visa_required,,,
SO,CU,visa_required,,,
SO,CV,visa_required,,,
SO,CY,visa_required,,,
SO,CZ,visa_required,,,
SO,DE,visa_required,,,
SO,DJ,visa_on_arrival,,,
SO,DK,visa_required,,,
SO,DM,visa_free,21,,
SO,DO,visa_required,,,
SO,DZ,visa_required,,,
SO,EC,evisa,,,
SO,EE,visa_required,,,
SO,EG,visa_required,,,
SO,ER,visa_required,,,
SO,ES,visa_required,,,
SO,ET,visa_on_arrival,,,
SO,FI,visa_required,,,
SO,FJ,visa_required,,,
SO,FM,visa_free,30,,
SO,FR,visa_required,,,
SO,GA,evisa,,,
SO,GB,visa_required,,,
SO,GD,visa_required,,,
SO,GE,visa_required,,,
SO,GH,visa_on_arrival,,,
SO,GM,visa_free,90,,
SO,GN,evisa,,,
SO,GQ,evisa,,,
SO,GR,visa_required,,,
SO,GT,visa_required,,,
SO,GW,visa_on_arrival,,,
SO,GY,evisa,,,
SO,HN,visa_required,,,
SO,HR,visa_required,,,
SO,HT,visa_free,90,,
SO,HU,visa_required,,,
SO,ID,evisa,,,
SO,IE,visa_required,,,
SO,IL,evisa,,,
SO,IN,visa_required,,,
SO,IQ,evisa,,,
SO,IR,visa_required,,,
SO,IS,visa_required,,,
SO,IT,visa_required,,,
SO,JM,visa_required,,,
SO,JO,visa_required,,,
SO,JP,visa_required,,,
SO,KE,eta,,2026-07-28,https://www.etakenya.go.ke/how-to-apply
SO,KG,evisa,,,
SO,KH,visa_on_arrival,,,
SO,KI,visa_required,,,
SO,KM,visa_on_arrival,,,
SO,KN,evisa,,,
SO,KP,visa_required,,,
SO,KR,evisa,,,
SO,KW,visa_required,,,
SO,KZ,evisa,,,
SO,LA,visa_on_arrival,,,
SO,LB,visa_on_arrival,,,
SO,LC,visa_required,,,
SO,LI,visa_required,,,
SO,LK,eta,,,
SO,LR,evisa,,,
SO,LS,visa_required,,,
SO,LT,visa_required,,,
SO,LU,visa_required,,,
SO,LV,visa_required,,,
SO,LY,evisa,,,
SO,MA,visa_required,,,
SO,MC,visa_required,,,
SO,MD,evisa,,,
SO,ME,visa_required,,,
SO,MG,visa_on_arrival,,,
SO,MH,visa_required,,,
SO,MK,visa_required,,,
SO,ML,visa_required,,,
SO,MM,visa_required,,,
SO,MN,visa_required,,,
SO,MR,evisa,,,
SO,MT,visa_required,,,
SO,MU,visa_required,,,
SO,MV,visa_on_arrival,,,
SO,MW,evisa,,,
SO,MX,visa_required,,,
SO,MY,visa_free,30,,
SO,MZ,evisa,,,
SO,NA,evisa,,,
SO,NE,visa_required,,,
SO,NG,evisa,,,
SO,NI,visa_required,,,
SO,NL,visa_required,,,
SO,NO,visa_required,,,
SO,NP,visa_required,,,
SO,NR,visa_required,,,
SO,NZ,visa_required,,,
SO,OM,evisa,,,
SO,PA,visa_required,,,
SO,PE,visa_required,,,
SO,PG,evisa,,,
SO,PH,visa_required,,,
SO,PK,evisa,,,
SO,PL,visa_required,,,
SO,PS,visa_free,,,
SO,PT,visa_required,,,
SO,PW,visa_on_arrival,,,
SO,PY,visa_required,,,
SO,QA,evisa,,,
SO,RO,visa_required,,,
SO,RS,visa_required,,,
SO,RU,visa_required,,,
SO,RW,visa_free,30,,
SO,SA,visa_required,,,
SO,SB,visa_required,,,
SO,SC,visa_free,90,,
SO,SD,visa_required,,,
SO,SE,visa_required,,,
SO,SG,evisa,,,
SO,SI,visa_required,,,
SO,SK,visa_required,,,
SO,SL,visa_on_arrival,,,
SO,SM,visa_required,,,
SO,SN,visa_required,,,
SO,SR,evisa,,,
SO,SS,evisa,,,
SO,ST,evisa,,,
SO,SV,evisa,,,
SO,SY,evisa,,,
SO,SZ,visa_required,,,
SO,TD,evisa,,,
SO,TG,evisa,,,
SO,TH,evisa,,,
SO,TJ,visa_required,,,
SO,TL,visa_on_arrival,,,
SO,TM,visa_required,,,
SO,TN,visa_required,,,
SO,TO,visa_required,,,
SO,TR,visa_required,,,
SO,TT,visa_required,,,
SO,TV,visa_on_arrival,,,
SO,TW,visa_required,,,
SO,TZ,evisa,,,
SO,UA,visa_required,,,
SO,UG,evisa,,,
SO,US,no_admission,,,
SO,UY,visa_required,,,
SO,UZ,visa_required,,,
SO,VA,visa_required,,,
SO,VC,visa_free,90,,
SO,VE,visa_required,,,
SO,VN,evisa,,,
SO,VU,evisa,,,
SO,WS,visa_on_arrival,,,
SO,XK,visa_required,,,
SO,YE,visa_required,,,
SO,ZA,visa_required,,,
SO,ZM,evisa,,,
SO,ZW,evisa,,,
SR,AD,visa_required,,,
SR,AE,evisa,,,
SR,AF,visa_required,,,
SR,AG,visa_free,180,,
SR,AL,evisa,,,
SR,AM,evisa,,,
SR,AO,visa_free,30,,
SR,AR,visa_free,90,,
SR,AT,visa_required,,,
SR,AU,evisa,,,
SR,AZ,visa_required,,,
SR,BA,visa_required,,,
SR,BB,visa_free,180,,
SR,BD,visa_on_arrival,,,
SR,BE,visa_required,,,
SR,BF,evisa,,,
SR,BG,visa_required,,,
SR,BH,visa_on_arrival,,,
SR,BI,visa_on_arrival,,,
SR,BJ,evisa,,,
SR,BN,visa_required,,,
SR,BO,evisa,,,
SR,BR,visa_free,90,,
SR,BS,visa_free,90,,
SR,BT,evisa,,,
SR,BW,evisa,,,
SR,BY,visa_required,,,
SR,BZ,visa_free,,,
SR,CA,visa_required,,,
SR,CD,evisa,,,
SR,CF,visa_required,,,
SR,CG,visa_required,,,
SR,CH,visa_required,,,
SR,CI,eta,,,
SR,CL,visa_required,,,
SR,CM,evisa,,,
SR,CN,visa_free,30,,
SR,CO,visa_free,90,,
SR,CR,visa_free,30,,
SR,CU,evisa,,,
SR,CV,visa_required,,,
SR,CY,visa_required,,,
SR,CZ,visa_required,,,
SR,DE,visa_required,,,
SR,DJ,visa_on_arrival,,,
SR,DK,visa_required,,,
SR,DM,visa_free,180,,
SR,DO,visa_free,30,,
SR,DZ,visa_required,,,
SR,EC,visa_free,90,,
SR,EE,visa_required,,,
SR,EG,visa_on_arrival,,,
SR,ER,visa_required,,,
SR,ES,visa_required,,,
SR,ET,evisa,,,
SR,FI,visa_required,,,
SR,FJ,visa_required,,,
SR,FM,visa_free,30,,
SR,FR,visa_required,,,
SR,GA,evisa,,,
SR,GB,visa_required,,,
SR,GD,visa_free,90,,
SR,GE,evisa,,,
SR,GH,visa_required,,,
SR,GM,visa_required,,,
SR,GN,evisa,,,
SR,GQ,evisa,,,
SR,GR,visa_required,,,
SR,GT,visa_required,,,
SR,GW,visa_on_arrival,,,
SR,GY,visa_free,180,,
SR,HN,visa_required,,,
SR,HR,visa_required,,,
SR,HT,visa_free,90,,
SR,HU,visa_required,,,
SR,ID,visa_free,30,,
SR,IE,visa_required,,,
SR,IL,eta,,,
SR,IN,evisa,,,
SR,IQ,evisa,,,
SR,IR,visa_on_arrival,,,
SR,IS,visa_required,,,
SR,IT,visa_required,,,
SR,JM,visa_free,90,,
SR,JO,visa_on_arrival,,,
SR,JP,visa_free,90,,
SR,KE,eta,,,
SR,KG,evisa,,,
SR,KH,visa_on_arrival,,,
SR,KI,visa_free,90,,
SR,KM,visa_on_arrival,,,
SR,KN,eta,,,
SR,KP,visa_required,,,
SR,KR,eta,,,
SR,KW,visa_required,,,
SR,KZ,evisa,,,
SR,LA,visa_required,,,
SR,LB,visa_required,,,
SR,LC,visa_free,42,,
SR,LI,visa_required,,,
SR,LK,eta,,,
SR,LR,evisa,,,
SR,LS,visa_required,,,
SR,LT,visa_required,,,
SR,LU,visa_required,,,
SR,LV,visa_required,,,
SR,LY,evisa,,,
SR,MA,visa_required,,,
SR,MC,visa_required,,,
SR,MD,evisa,,,
SR,ME,visa_required,,,
SR,MG,visa_on_arrival,,,
SR,MH,visa_required,,,
SR,MK,visa_required,,,
SR,ML,visa_required,,,
SR,MM,visa_required,,,
SR,MN,evisa,,,
SR,MR,evisa,,,
SR,MT,visa_required,,,
SR,MU,visa_free,90,,
SR,MV,visa_on_arrival,,,
SR,MW,evisa,,,
SR,MX,visa_required,,,
SR,MY,visa_free,30,,
SR,MZ,visa_on_arrival,,,
SR,NA,visa_on_arrival,,,
SR,NE,visa_required,,,
SR,NG,evisa,,,
SR,NI,visa_on_arrival,,,
SR,NL,visa_required,,,
SR,NO,visa_required,,,
SR,NP,visa_on_arrival,,,
SR,NR,visa_required,,,
SR,NZ,visa_required,,,
SR,OM,visa_on_arrival,,,
SR,PA,visa_required,,,
SR,PE,visa_free,180,,
SR,PG,evisa,,,
SR,PH,visa_free,30,,
SR,PK,evisa,,,
SR,PL,visa_required,,,
SR,PS,visa_free,,,
SR,PT,visa_required,,,
SR,PW,visa_on_arrival,,,
SR,PY,visa_required,,,
SR,QA,visa_on_arrival,,,
SR,RO,visa_required,,,
SR,RS,visa_free,30,,
SR,RU,visa_free,90,,
SR,RW,visa_on_arrival,,,
SR,SA,evisa,,,
SR,SB,visa_required,,,
SR,SC,visa_free,90,,
SR,SD,visa_required,,,
SR,SE,visa_required,,,
SR,SG,visa_free,30,,
SR,SI,visa_required,,,
SR,SK,visa_required,,,
SR,SL,evisa,,,
SR,SM,visa_required,,,
SR,SN,visa_on_arrival,,,
SR,SO,evisa,,,
SR,SS,evisa,,,
SR,ST,evisa,,,
SR,SV,evisa,,,
SR,SY,evisa,,,
SR,SZ,visa_required,,,
SR,TD,evisa,,,
SR,TG,evisa,,,
SR,TH,evisa,,,
SR,TJ,evisa,,,
SR,TL,visa_on_arrival,,,
SR,TM,visa_required,,,
SR,TN,visa_required,,,
SR,TO,visa_required,,,
SR,TR,evisa,,,
SR,TT,visa_free,,,
SR,TV,visa_on_arrival,,,
SR,TW,visa_required,,,
SR,TZ,visa_on_arrival,,,
SR,UA,evisa,,,
SR,UG,evisa,,,
SR,US,visa_required,,,
SR,UY,visa_required,,,
SR,UZ,evisa,,,
SR,VA,visa_required,,,
SR,VC,visa_free,90,,
SR,VE,visa_required,,,
SR,VN,evisa,,,
SR,VU,evisa,,,
SR,WS,visa_on_arrival,,,
SR,XK,visa_required,,,
SR,YE,visa_required,,,
SR,ZA,visa_required,,,
SR,ZM,visa_free,90,,
SR,ZW,visa_on_arrival,,,
SS,AD,visa_required,,,
SS,AE,evisa,,,
SS,AF,visa_required,,,
SS,AG,evisa,,,
SS,AL,evisa,,,
SS,AM,visa_required,,,
SS,AO,visa_required,,,
SS,AR,visa_required,,,
SS,AT,visa_required,,,
SS,AU,evisa,,,
SS,AZ,visa_required,,,
SS,BA,visa_required,,,
SS,BB,visa_free,90,,
SS,BD,visa_on_arrival,,,
SS,BE,visa_required,,,
SS,BF,evisa,,,
SS,BG,visa_required,,,
SS,BH,evisa,,,
SS,BI,visa_free,90,,
SS,BJ,visa_free,90,,
SS,BN,visa_required,,,
SS,BO,evisa,,,
SS,BR,visa_required,,,
SS,BS,evisa,,,
SS,BT,evisa,,,
SS,BW,visa_free,90,,
SS,BY,visa_required,,,
SS,BZ,visa_required,,,
SS,CA,visa_required,,,
SS,CD,evisa,,,
SS,CF,visa_required,,,
SS,CG,visa_required,,,
SS,CH,visa_required,,,
SS,CI,eta,,,
SS,CL,visa_required,,,
SS,CM,evisa,,,
SS,CN,visa_required,,,
SS,CO,evisa,,,
SS,CR,visa_required,,,
SS,CU,evisa,,,
SS,CV,visa_required,,,
SS,CY,visa_required,,,
SS,CZ,visa_required,,,
SS,DE,visa_required,,,
SS,DJ,visa_on_arrival,,,
SS,DK,visa_required,,,
SS,DM,visa_free,21,,
SS,DO,visa_required,,,
SS,DZ,visa_required,,,
SS,EC,evisa,,,
SS,EE,visa_required,,,
SS,EG,visa_on_arrival,,,
SS,ER,visa_required,,,
SS,ES,visa_required,,,
SS,ET,visa_on_arrival,,,
SS,FI,visa_required,,,
SS,FJ,visa_required,,,
SS,FM,visa_free,30,,
SS,FR,visa_required,,,
SS,GA,evisa,,,
SS,GB,visa_required,,,
SS,GD,visa_required,,,
SS,GE,visa_required,,,
SS,GH,visa_on_arrival,,,
SS,GM,visa_free,90,,
SS,GN,evisa,,,
SS,GQ,evisa,,,
SS,GR,visa_required,,,
SS,GT,visa_required,,,
SS,GW,visa_on_arrival,,,
SS,GY,evisa,,,
SS,HN,visa_required,,,
SS,HR,visa_required,,,
SS,HT,visa_free,90,,
SS,HU,visa_required,,,
SS,ID,evisa,,,
SS,IE,visa_required,,,
SS,IL,evisa,,,
SS,IN,visa_required,,,
SS,IQ,evisa,,,
SS,IR,visa_on_arrival,,,
SS,IS,visa_required,,,
SS,IT,visa_required,,,
SS,JM,visa_required,,,
SS,JO,visa_required,,,
SS,JP,visa_required,,,
SS,KE,visa_free,180,,
SS,KG,evisa,,,
SS,KH,visa_on_arrival,,,
SS,KI,visa_required,,,
SS,KM,visa_on_arrival,,,
SS,KN,evisa,,,
SS,KP,visa_required,,,
SS,KR,evisa,,,
SS,KW,visa_required,,,
SS,KZ,evisa,,,
SS,LA,visa_on_arrival,,,
SS,LB,visa_required,,,
SS,LC,visa_required,,,
SS,LI,visa_required,,,
SS,LK,eta,,,
SS,LR,evisa,,,
SS,LS,visa_required,,,
SS,LT,visa_required,,,
SS,LU,visa_required,,,
SS,LV,visa_required,,,
SS,LY,evisa,,,
SS,MA,visa_required,,,
SS,MC,visa_required,,,
SS,MD,evisa,,,
SS,ME,visa_required,,,
SS,MG,visa_on_arrival,,,
SS,MH,visa_required,,,
SS,MK,visa_required,,,
SS,ML,visa_required,,,
SS,MM,visa_required,,,
SS,MN,evisa,,,
SS,MR,evisa,,,
SS,MT,visa_required,,,
SS,MU,visa_required,,,
SS,MV,visa_on_arrival,,,
SS,MW,evisa,,,
SS,MX,visa_required,,,
SS,MY,visa_free,30,,
SS,MZ,visa_on_arrival,,,
SS,NA,evisa,,,
SS,NE,visa_required,,,
SS,NG,evisa,,,
SS,NI,visa_required,,,
SS,NL,visa_required,,,
SS,NO,visa_required,,,
SS,NP,visa_on_arrival,,,
SS,NR,visa_required,,,
SS,NZ,visa_required,,,
SS,OM,evisa,,,
SS,PA,visa_required,,,
SS,PE,visa_required,,,
SS,PG,evisa,,,
SS,PH,visa_required,,,
SS,PK,evisa,,,
SS,PL,visa_required,,,
SS,PS,visa_free,,,
SS,PT,visa_required,,,
SS,PW,visa_on_arrival,,,
SS,PY,visa_required,,,
SS,QA,evisa,,,
SS,RO,visa_required,,,
SS,RS,visa_required,,,
SS,RU,visa_required,,,
SS,RW,visa_free,180,,
SS,SA,evisa,,,
SS,SB,visa_required,,,
SS,SC,visa_free,90,,
SS,SD,visa_required,,,
SS,SE,visa_required,,,
SS,SG,visa_free,30,,
SS,SI,visa_required,,,
SS,SK,visa_required,,,
SS,SL,visa_on_arrival,,,
SS,SM,visa_required,,,
SS,SN,visa_required,,,
SS,SO,evisa,,,
SS,SR,eta,,,
SS,ST,evisa,,,
SS,SV,evisa,,,
SS,SY,evisa,,,
SS,SZ,visa_required,,,
SS,TD,evisa,,,
SS,TG,evisa,,,
SS,TH,evisa,,,
SS,TJ,visa_required,,,
SS,TL,visa_on_arrival,,,
SS,TM,visa_required,,,
SS,TN,visa_required,,,
SS,TO,visa_required,,,
SS,TR,visa_required,,,
SS,TT,visa_required,,,
SS,TV,visa_on_arrival,,,
SS,TW,visa_required,,,
SS,TZ,visa_free,90,,
SS,UA,visa_required,,,
SS,UG,visa_free,180,,
SS,US,visa_required,,,
SS,UY,visa_required,,,
SS,UZ,visa_required,,,
SS,VA,visa_required,,,
SS,VC,visa_free,90,,
SS,VE,visa_required,,,
SS,VN,evisa,,,
SS,VU,evisa,,,
SS,WS,visa_on_arrival,,,
SS,XK,visa_required,,,
SS,YE,visa_required,,,
SS,ZA,visa_required,,,
SS,ZM,evisa,,,
SS,ZW,evisa,,,
ST,AD,visa_required,,,
ST,AE,evisa,,,
ST,AF,visa_required,,,
ST,AG,evisa,,,
ST,AL,evisa,,,
ST,AM,visa_required,,,
ST,AO,visa_free,30,,
ST,AR,visa_required,,,
ST,AT,visa_required,,,
ST,AU,evisa,,,
ST,AZ,visa_required,,,
ST,BA,visa_required,,,
ST,BB,visa_free,90,,
ST,BD,visa_on_arrival,,,
ST,BE,visa_required,,,
ST,BF,evisa,,,
ST,BG,visa_required,,,
ST,BH,evisa,,,
ST,BI,visa_on_arrival,,,
ST,BJ,visa_free,90,,
ST,BN,visa_required,,,
ST,BO,evisa,,,
ST,BR,visa_required,,,
ST,BS,visa_free,90,,
ST,BT,evisa,,,
ST,BW,evisa,,,
ST,BY,visa_required,,,
ST,BZ,visa_required,,,
ST,CA,visa_required,,,
ST,CD,evisa,,,
ST,CF,visa_required,,,
ST,CG,visa_required,,,
ST,CH,visa_required,,,
ST,CI,eta,,,
ST,CL,visa_required,,,
ST,CM,evisa,,,
ST,CN,visa_required,,,
ST,CO,evisa,,,
ST,CR,visa_free,30,,
ST,CU,evisa,,,
ST,CV,visa_on_arrival,,,
ST,CY,visa_required,,,
ST,CZ,visa_required,,,
ST,DE,visa_required,,,
ST,DJ,visa_on_arrival,,,
ST,DK,visa_required,,,
ST,DM,visa_free,21,,
ST,DO,visa_required,,,
ST,DZ,visa_required,,,
ST,EC,visa_free,90,,
ST,EE,visa_required,,,
ST,EG,visa_on_arrival,,,
ST,ER,visa_required,,,
ST,ES,visa_required,,,
ST,ET,visa_on_arrival,,,
ST,FI,visa_required,,,
ST,FJ,visa_required,,,
ST,FM,visa_free,30,,
ST,FR,visa_required,,,
ST,GA,evisa,,,
ST,GB,visa_required,,,
ST,GD,visa_required,,,
ST,GE,evisa,,,
ST,GH,visa_free,90,,
ST,GM,visa_free,90,,
ST,GN,evisa,,,
ST,GQ,evisa,,,
ST,GR,visa_required,,,
ST,GT,visa_free,90,,
ST,GW,visa_on_arrival,,,
ST,GY,evisa,,,
ST,HN,visa_free,90,,
ST,HR,visa_required,,,
ST,HT,visa_free,90,,
ST,HU,visa_required,,,
ST,ID,evisa,,,
ST,IE,visa_required,,,
ST,IL,evisa,,,
ST,IN,visa_required,,,
ST,IQ,evisa,,,
ST,IR,visa_on_arrival,,,
ST,IS,visa_required,,,
ST,IT,visa_required,,,
ST,JM,visa_required,,,
ST,JO,visa_on_arrival,,,
ST,JP,visa_required,,,
ST,KE,visa_free,60,,
ST,KG,evisa,,,
ST,KH,visa_on_arrival,,,
ST,KI,visa_required,,,
ST,KM,visa_on_arrival,,,
ST,KN,evisa,,,
ST,KP,visa_required,,,
ST,KR,evisa,,,
ST,KW,visa_required,,,
ST,KZ,evisa,,,
ST,LA,visa_on_arrival,,,
ST,LB,visa_required,,,
ST,LC,visa_on_arrival,,,
ST,LI,visa_required,,,
ST,LK,eta,,,
ST,LR,evisa,,,
ST,LS,visa_required,,,
ST,LT,visa_required,,,
ST,LU,visa_required,,,
ST,LV,visa_required,,,
ST,LY,evisa,,,
ST,MA,visa_required,,,
ST,MC,visa_required,,,
ST,MD,evisa,,,
ST,ME,visa_required,,,
ST,MG,visa_on_arrival,,,
ST,MH,visa_required,,,
ST,MK,visa_required,,,
ST,ML,visa_required,,,
ST,MM,visa_required,,,
ST,MN,evisa,,,
ST,MR,evisa,,,
ST,MT,visa_required,,,
ST,MU,visa_on_arrival,,,
ST,MV,visa_on_arrival,,,
ST,MW,evisa,,,
ST,MX,visa_required,,,
ST,MY,visa_free,30,,
ST,MZ,visa_on_arrival,,,
ST,NA,visa_on_arrival,,,
ST,NE,visa_required,,,
ST,NG,evisa,,,
ST,NI,visa_free,90,,
ST,NL,visa_required,,,
ST,NO,visa_required,,,
ST,NP,visa_on_arrival,,,
ST,NR,visa_required,,,
ST,NZ,visa_required,,,
ST,OM,evisa,,,
ST,PA,visa_free,90,,
ST,PE,visa_required,,,
ST,PG,evisa,,,
ST,PH,visa_free,30,,
ST,PK,evisa,,,
ST,PL,visa_required,,,
ST,PS,visa_free,,,
ST,PT,visa_required,,,
ST,PW,visa_on_arrival,,,
ST,PY,visa_required,,,
ST,QA,evisa,,,
ST,RO,visa_required,,,
ST,RS,visa_required,,,
ST,RU,visa_required,,,
ST,RW,visa_free,90,,
ST,SA,evisa,,,
ST,SB,visa_required,,,
ST,SC,visa_free,90,,
ST,SD,visa_required,,,
ST,SE,visa_required,,,
ST,SG,visa_free,30,,
ST,SI,visa_required,,,
ST,SK,visa_required,,,
ST,SL,visa_on_arrival,,,
ST,SM,visa_required,,,
ST,SN,visa_required,,,
ST,SO,evisa,,,
ST,SR,eta,,,
ST,SS,evisa,,,
ST,SV,visa_free,180,,
ST,SY,evisa,,,
ST,SZ,visa_required,,,
ST,TD,evisa,,,
ST,TG,evisa,,,
ST,TH,evisa,,,
ST,TJ,visa_required,,,
ST,TL,visa_on_arrival,,,
ST,TM,visa_required,,,
ST,TN,visa_required,,,
ST,TO,visa_required,,,
ST,TR,visa_required,,,
ST,TT,visa_required,,,
ST,TV,visa_on_arrival,,,
ST,TW,visa_required,,,
ST,TZ,visa_on_arrival,,,
ST,UA,visa_required,,,
ST,UG,evisa,,,
ST,US,visa_required,,,
ST,UY,visa_required,,,
ST,UZ,visa_required,,,
ST,VA,visa_required,,,
ST,VC,visa_free,90,,
ST,VE,visa_required,,,
ST,VN,evisa,,,
ST,VU,evisa,,,
ST,WS,visa_on_arrival,,,
ST,XK,visa_free,90,,
ST,YE,visa_required,,,
ST,ZA,visa_free,90,,
ST,ZM,visa_free,90,,
ST,ZW,visa_on_arrival,,,
SV,AD,visa_free,90,,
SV,AE,visa_free,90,,
SV,AF,visa_required,,,
SV,AG,evisa,,,
SV,AL,visa_free,90,,
SV,AM,evisa,,,
SV,AO,visa_required,,,
SV,AR,visa_free,90,,
SV,AT,visa_free,90,,
SV,AU,evisa,,,
SV,AZ,visa_required,,,
SV,BA,visa_free,90,,
SV,BB,visa_free,90,,
SV,BD,visa_on_arrival,,,
SV,BE,visa_free,90,,
SV,BF,evisa,,,
SV,BG,visa_free,90,,
SV,BH,evisa,,,
SV,BI,visa_on_arrival,,,
SV,BJ,evisa,,,
SV,BN,visa_required,,,
SV,BO,evisa,,,
SV,BR,visa_free,90,,
SV,BS,visa_free,90,,
SV,BT,evisa,,,
SV,BW,evisa,,,
SV,BY,visa_free,30,,
SV,BZ,visa_free,30,,
SV,CA,visa_required,,,
SV,CD,evisa,,,
SV,CF,visa_required,,,
SV,CG,visa_required,,,
SV,CH,visa_free,90,,
SV,CI,eta,,,
SV,CL,visa_free,90,,
SV,CM,evisa,,,
SV,CN,visa_required,,,
SV,CO,visa_free,90,,
SV,CR,visa_free,30,,
SV,CU,evisa,,,
SV,CV,visa_required,,,
SV,CY,visa_free,90,,
SV,CZ,visa_free,90,,
SV,DE,visa_free,90,,
SV,DJ,visa_on_arrival,,,
SV,DK,visa_free,90,,
SV,DM,visa_free,21,,
SV,DO,visa_free,30,,
SV,DZ,visa_required,,,
SV,EC,visa_free,90,,
SV,EE,visa_free,90,,
SV,EG,visa_on_arrival,,,
SV,ER,visa_required,,,
SV,ES,visa_free,90,,
SV,ET,evisa,,,
SV,FI,visa_free,90,,
SV,FJ,visa_required,,,
SV,FM,visa_free,30,,
SV,FR,visa_free,90,,
SV,GA,evisa,,,
SV,GB,visa_required,,,
SV,GD,visa_free,90,,
SV,GE,visa_free,365,,
SV,GH,visa_required,,,
SV,GM,visa_required,,,
SV,GN,evisa,,,
SV,GQ,evisa,,,
SV,GR,visa_free,90,,
SV,GT,visa_free,90,,
SV,GW,visa_on_arrival,,,
SV,GY,evisa,,,
SV,HN,visa_free,90,,
SV,HR,visa_free,90,,
SV,HT,visa_free,90,,
SV,HU,visa_free,90,,
SV,ID,evisa,,,
SV,IE,visa_free,90,,
SV,IL,eta,,,
SV,IN,evisa,,,
SV,IQ,evisa,,,
SV,IR,visa_on_arrival,,,
SV,IS,visa_free,90,,
SV,IT,visa_free,90,,
SV,JM,visa_free,30,,
SV,JO,visa_on_arrival,,,
SV,JP,visa_free,90,,
SV,KE,eta,,,
SV,KG,evisa,,,
SV,KH,visa_on_arrival,,,
SV,KI,visa_free,90,,
SV,KM,visa_on_arrival,,,
SV,KN,eta,,,
SV,KP,visa_required,,,
SV,KR,eta,,,
SV,KW,visa_required,,,
SV,KZ,evisa,,,
SV,LA,visa_on_arrival,,,
SV,LB,visa_required,,,
SV,LC,visa_on_arrival,,,
SV,LI,visa_free,90,,
SV,LK,eta,,,
SV,LR,evisa,,,
SV,LS,visa_required,,,
SV,LT,visa_free,90,,
SV,LU,visa_free,90,,
SV,LV,visa_free,90,,
SV,LY,evisa,,,
SV,MA,visa_required,,,
SV,MC,visa_free,90,,
SV,MD,visa_free,90,,
SV,ME,visa_free,90,,
SV,MG,visa_on_arrival,,,
SV,MH,visa_on_arrival,,,
SV,MK,visa_free,90,,
SV,ML,visa_required,,,
SV,MM,visa_required,,,
SV,MN,evisa,,,
SV,MR,evisa,,,
SV,MT,visa_free,90,,
SV,MU,visa_on_arrival,,,
SV,MV,visa_on_arrival,,,
SV,MW,evisa,,,
SV,MX,visa_required,,,
SV,MY,visa_free,30,,
SV,MZ,visa_on_arrival,,,
SV,NA,evisa,,,
SV,NE,visa_required,,,
SV,NG,evisa,,,
SV,NI,visa_free,90,,
SV,NL,visa_free,90,,
SV,NO,visa_free,90,,
SV,NP,visa_on_arrival,,,
SV,NR,visa_required,,,
SV,NZ,visa_required,,,
SV,OM,evisa,,,
SV,PA,visa_free,90,,
SV,PE,visa_free,180,,
SV,PG,evisa,,,
SV,PH,visa_free,30,,
SV,PK,evisa,,,
SV,PL,visa_free,90,,
SV,PS,visa_free,,,
SV,PT,visa_free,90,,
SV,PW,visa_on_arrival,,,
SV,PY,visa_free,90,,
SV,QA,evisa,,,
SV,RO,visa_free,90,,
SV,RS,visa_required,,,
SV,RU,visa_free,90,,
SV,RW,visa_on_arrival,,,
SV,SA,evisa,,,
SV,SB,visa_required,,,
SV,SC,visa_free,90,,
SV,SD,visa_required,,,
SV,SE,visa_free,90,,
SV,SG,visa_free,30,,
SV,SI,visa_free,90,,
SV,SK,visa_free,90,,
SV,SL,evisa,,,
SV,SM,visa_free,90,,
SV,SN,visa_on_arrival,,,
SV,SO,evisa,,,
SV,SR,eta,,,
SV,SS,evisa,,,
SV,ST,evisa,,,
SV,SY,evisa,,,
SV,SZ,visa_required,,,
SV,TD,evisa,,,
SV,TG,evisa,,,
SV,TH,visa_on_arrival,,,
SV,TJ,evisa,,,
SV,TL,visa_on_arrival,,,
SV,TM,visa_required,,,
SV,TN,visa_required,,,
SV,TO,visa_required,,,
SV,TR,visa_free,90,,
SV,TT,visa_free,90,,
SV,TV,visa_on_arrival,,,
SV,TW,visa_required,,,
SV,TZ,visa_on_arrival,,,
SV,UA,evisa,,,
SV,UG,evisa,,,
SV,US,visa_required,,,
SV,UY,visa_free,90,,
SV,UZ,visa_free,30,,
SV,VA,visa_free,90,,
SV,VC,visa_free,90,,
SV,VE,visa_required,,,
SV,VN,evisa,,,
SV,VU,evisa,,,
SV,WS,visa_on_arrival,,,
SV,XK,visa_free,90,,
SV,YE,visa_required,,,
SV,ZA,visa_required,,,
SV,ZM,visa_on_arrival,,,
SV,ZW,visa_on_arrival,,,
SY,AD,visa_required,,,
SY,AE,evisa,,,
SY,AF,visa_required,,,
SY,AG,evisa,,,
SY,AL,evisa,,,
SY,AM,visa_required,,,
SY,AO,visa_required,,,
SY,AR,visa_required,,,
SY,AT,visa_required,,,
SY,AU,evisa,,,
SY,AZ,visa_required,,,
SY,BA,visa_required,,,
SY,BB,visa_required,,,
SY,BD,visa_required,,,
SY,BE,visa_required,,,
SY,BF,evisa,,,
SY,BG,visa_required,,,
SY,BH,evisa,,,
SY,BI,visa_on_arrival,,,
SY,BJ,evisa,,,
SY,BN,visa_required,,,
SY,BO,evisa,,,
SY,BR,visa_required,,,
SY,BS,evisa,,,
SY,BT,evisa,,,
SY,BW,evisa,,,
SY,BY,visa_required,,,
SY,BZ,visa_required,,,
SY,CA,visa_required,,,
SY,CD,evisa,,,
SY,CF,visa_required,,,
SY,CG,visa_required,,,
SY,CH,visa_required,,,
SY,CI,eta,,,
SY,CL,visa_required,,,
SY,CM,evisa,,,
SY,CN,visa_required,,,
SY,CO,evisa,,,
SY,CR,visa_required,,,
SY,CU,visa_required,,,
SY,CV,visa_required,,,
SY,CY,visa_required,,,
SY,CZ,visa_required,,,
SY,DE,visa_required,,,
SY,DJ,visa_on_arrival,,,
SY,DK,visa_required,,,
SY,DM,visa_free,21,,
SY,DO,visa_required,,,
SY,DZ,visa_required,,,
SY,EC,evisa,,,
SY,EE,visa_required,,,
SY,EG,visa_required,,,
SY,ER,visa_required,,,
SY,ES,visa_required,,,
SY,ET,visa_required,,,
SY,FI,visa_required,,,
SY,FJ,visa_required,,,
SY,FM,visa_free,30,,
SY,FR,visa_required,,,
SY,GA,evisa,,,
SY,GB,visa_required,,,
SY,GD,visa_required,,,
SY,GE,visa_required,,,
SY,GH,visa_required,,,
SY,GM,visa_required,,,
SY,GN,evisa,,,
SY,GQ,evisa,,,
SY,GR,visa_required,,,
SY,GT,visa_required,,,
SY,GW,visa_on_arrival,,,
SY,GY,evisa,,,
SY,HN,visa_required,,,
SY,HR,visa_required,,,
SY,HT,visa_free,90,,
SY,HU,visa_required,,,
SY,ID,evisa,,,
SY,IE,visa_required,,,
SY,IL,evisa,,,
SY,IN,visa_required,,,
SY,IQ,evisa,,,
SY,IR,visa_free,90,,
SY,IS,visa_required,,,
SY,IT,visa_required,,,
SY,JM,visa_required,,,
SY,JO,visa_required,,,
SY,JP,visa_required,,,
SY,KE,eta,,,
SY,KG,evisa,,,
SY,KH,visa_on_arrival,,,
SY,KI,visa_required,,,
SY,KM,visa_on_arrival,,,
SY,KN,evisa,,,
SY,KP,visa_required,,,
SY,KR,evisa,,,
SY,KW,visa_required,,,
SY,KZ,evisa,,,
SY,LA,visa_required,,,
SY,LB,visa_on_arrival,,,
SY,LC,visa_required,,,
SY,LI,visa_required,,,
SY,LK,evisa,,,
SY,LR,evisa,,,
SY,LS,visa_required,,,
SY,LT,visa_required,,,
SY,LU,visa_required,,,
SY,LV,visa_required,,,
SY,LY,no_admission,,,
SY,MA,visa_required,,,
SY,MC,visa_required,,,
SY,MD,evisa,,,
SY,ME,visa_required,,,
SY,MG,visa_on_arrival,,,
SY,MH,visa_required,,,
SY,MK,visa_required,,,
SY,ML,visa_required,,,
SY,MM,visa_required,,,
SY,MN,visa_required,,,
SY,MR,visa_required,,,
SY,MT,visa_required,,,
SY,MU,visa_required,,,
SY,MV,visa_on_arrival,,,
SY,MW,evisa,,,
SY,MX,visa_required,,,
SY,MY,visa_free,90,,
SY,MZ,visa_on_arrival,,,
SY,NA,evisa,,,
SY,NE,visa_required,,,
SY,NG,evisa,,,
SY,NI,visa_required,,,
SY,NL,visa_required,,,
SY,NO,visa_required,,,
SY,NP,visa_required,,,
SY,NR,visa_required,,,
SY,NZ,visa_required,,,
SY,OM,evisa,,,
SY,PA,visa_required,,,
SY,PE,visa_required,,,
SY,PG,evisa,,,
SY,PH,visa_required,,,
SY,PK,evisa,,,
SY,PL,visa_required,,,
SY,PS,visa_free,,,
SY,PT,visa_required,,,
SY,PW,visa_on_arrival,,,
SY,PY,visa_required,,,
SY,QA,evisa,,,
SY,RO,visa_required,,,
SY,RS,visa_required,,,
SY,RU,visa_required,,,
SY,RW,visa_on_arrival,,,
SY,SA,visa_required,,,
SY,SB,visa_required,,,
SY,SC,visa_free,90,,
SY,SD,visa_required,,,
SY,SE,visa_required,,,
SY,SG,evisa,,,
SY,SI,visa_required,,,
SY,SK,visa_required,,,
SY,SL,evisa,,,
SY,SM,visa_required,,,
SY,SN,visa_required,,,
SY,SO,evisa,,,
SY,SR,evisa,,,
SY,SS,evisa,,,
SY,ST,evisa,,,
SY,SV,evisa,,,
SY,SZ,visa_required,,,
SY,TD,evisa,,,
SY,TG,evisa,,,
SY,TH,evisa,,,
SY,TJ,visa_required,,,
SY,TL,visa_on_arrival,,,
SY,TM,visa_required,,,
SY,TN,visa_required,,,
SY,TO,visa_required,,,
SY,TR,visa_required,,,
SY,TT,visa_required,,,
SY,TV,visa_on_arrival,,,
SY,TW,visa_required,,,
SY,TZ,evisa,,,
SY,UA,visa_required,,,
SY,UG,evisa,,,
SY,US,visa_required,,,
SY,UY,visa_required,,,
SY,UZ,visa_required,,,
SY,VA,visa_required,,,
SY,VC,visa_required,,,
SY,VE,visa_required,,,
SY,VN,evisa,,,
SY,VU,evisa,,,
SY,WS,visa_on_arrival,,,
SY,XK,visa_required,,,
SY,YE,visa_on_arrival,,,
SY,ZA,visa_required,,,
SY,ZM,evisa,,,
SY,ZW,evisa,,,
SZ,AD,visa_required,,,
SZ,AE,evisa,,,
SZ,AF,visa_required,,,
SZ,AG,visa_free,180,,
SZ,AL,evisa,,,
SZ,AM,visa_required,,,
SZ,AO,visa_free,30,,
SZ,AR,visa_required,,,
SZ,AT,visa_required,,,
SZ,AU,evisa,,,
SZ,AZ,visa_required,,,
SZ,BA,visa_required,,,
SZ,BB,visa_free,180,,
SZ,BD,visa_on_arrival,,,
SZ,BE,visa_required,,,
SZ,BF,evisa,,,
SZ,BG,visa_required,,,
SZ,BH,evisa,,,
SZ,BI,visa_on_arrival,,,
SZ,BJ,visa_free,90,,
SZ,BN,visa_required,,,
SZ,BO,evisa,,,
SZ,BR,visa_required,,,
SZ,BS,visa_free,90,,
SZ,BT,evisa,,,
SZ,BW,visa_free,90,,
SZ,BY,visa_required,,,
SZ,BZ,visa_free,,,
SZ,CA,visa_required,,,
SZ,CD,evisa,,,
SZ,CF,visa_required,,,
SZ,CG,visa_required,,,
SZ,CH,visa_required,,,
SZ,CI,eta,,,
SZ,CL,visa_required,,,
SZ,CM,evisa,,,
SZ,CN,visa_required,,,
SZ,CO,evisa,,,
SZ,CR,visa_required,,,
SZ,CU,evisa,,,
SZ,CV,visa_required,,,
SZ,CY,visa_required,,,
SZ,CZ,visa_required,,,
SZ,DE,visa_required,,,
SZ,DJ,visa_on_arrival,,,
SZ,DK,visa_required,,,
SZ,DM,visa_free,180,,
SZ,DO,visa_required,,,
SZ,DZ,visa_required,,,
SZ,EC,visa_free,90,,
SZ,EE,visa_required,,,
SZ,EG,visa_required,,,
SZ,ER,visa_required,,,
SZ,ES,visa_required,,,
SZ,ET,visa_on_arrival,,,
SZ,FI,visa_required,,,
SZ,FJ,visa_free,120,,
SZ,FM,visa_free,30,,
SZ,FR,visa_required,,,
SZ,GA,evisa,,,
SZ,GB,visa_required,,,
SZ,GD,visa_free,90,,
SZ,GE,evisa,,,
SZ,GH,visa_free,60,,
SZ,GM,visa_free,90,,
SZ,GN,evisa,,,
SZ,GQ,evisa,,,
SZ,GR,visa_required,,,
SZ,GT,visa_required,,,
SZ,GW,visa_on_arrival,,,
SZ,GY,visa_free,60,,
SZ,HN,visa_required,,,
SZ,HR,visa_required,,,
SZ,HT,visa_free,90,,
SZ,HU,visa_required,,,
SZ,ID,evisa,,,
SZ,IE,visa_required,,,
SZ,IL,eta,,,
SZ,IN,evisa,,,
SZ,IQ,evisa,,,
SZ,IR,visa_on_arrival,,,
SZ,IS,visa_required,,,
SZ,IT,visa_required,,,
SZ,JM,visa_free,,,
SZ,JO,visa_on_arrival,,,
SZ,JP,visa_required,,,
SZ,KE,visa_free,90,,
SZ,KG,evisa,,,
SZ,KH,visa_on_arrival,,,
SZ,KI,visa_free,90,,
SZ,KM,visa_on_arrival,,,
SZ,KN,eta,,,
SZ,KP,visa_required,,,
SZ,KR,eta,,,
SZ,KW,visa_required,,,
SZ,KZ,evisa,,,
SZ,LA,visa_required,,,
SZ,LB,visa_required,,,
SZ,LC,visa_free,42,,
SZ,LI,visa_required,,,
SZ,LK,eta,,,
SZ,LR,evisa,,,
SZ,LS,visa_free,,,
SZ,LT,visa_required,,,
SZ,LU,visa_required,,,
SZ,LV,visa_required,,,
SZ,LY,evisa,,,
SZ,MA,visa_required,,,
SZ,MC,visa_required,,,
SZ,MD,evisa,,,
SZ,ME,visa_required,,,
SZ,MG,visa_on_arrival,,,
SZ,MH,visa_on_arrival,,,
SZ,MK,visa_required,,,
SZ,ML,visa_required,,,
SZ,MM,visa_required,,,
SZ,MN,evisa,,,
SZ,MR,evisa,,,
SZ,MT,visa_required,,,
SZ,MU,visa_free,90,,
SZ,MV,visa_on_arrival,,,
SZ,MW,visa_free,90,,
SZ,MX,visa_required,,,
SZ,MY,visa_free,30,,
SZ,MZ,visa_free,,,
SZ,NA,visa_free,90,,
SZ,NE,visa_required,,,
SZ,NG,evisa,,,
SZ,NI,visa_on_arrival,,,
SZ,NL,visa_required,,,
SZ,NO,visa_required,,,
SZ,NP,visa_required,,,
SZ,NR,visa_required,,,
SZ,NZ,visa_required,,,
SZ,OM,evisa,,,
SZ,PA,visa_required,,,
SZ,PE,visa_required,,,
SZ,PG,evisa,,,
SZ,PH,visa_free,30,,
SZ,PK,evisa,,,
SZ,PL,visa_required,,,
SZ,PS,visa_free,,,
SZ,PT,visa_required,,,
SZ,PW,visa_on_arrival,,,
SZ,PY,visa_required,,,
SZ,QA,evisa,,,
SZ,RO,visa_required,,,
SZ,RS,visa_required,,,
SZ,RU,evisa,,,
SZ,RW,visa_free,30,,
SZ,SA,evisa,,,
SZ,SB,visa_required,,,
SZ,SC,visa_free,90,,
SZ,SD,visa_required,,,
SZ,SE,visa_required,,,
SZ,SG,visa_free,30,,
SZ,SI,visa_required,,,
SZ,SK,visa_required,,,
SZ,SL,visa_on_arrival,,,
SZ,SM,visa_required,,,
SZ,SN,visa_on_arrival,,,
SZ,SO,evisa,,,
SZ,SR,eta,,,
SZ,SS,evisa,,,
SZ,ST,evisa,,,
SZ,SV,evisa,,,
SZ,SY,evisa,,,
SZ,TD,evisa,,,
SZ,TG,evisa,,,
SZ,TH,evisa,,,
SZ,TJ,evisa,,,
SZ,TL,visa_on_arrival,,,
SZ,TM,visa_required,,,
SZ,TN,visa_required,,,
SZ,TO,visa_required,,,
SZ,TR,visa_required,,,
SZ,TT,visa_free,,,
SZ,TV,visa_on_arrival,,,
SZ,TW,visa_free,90,,
SZ,TZ,visa_free,90,,
SZ,UA,visa_required,,,
SZ,UG,visa_free,90,,
SZ,US,visa_required,,,
SZ,UY,visa_required,,,
SZ,UZ,visa_required,,,
SZ,VA,visa_required,,,
SZ,VC,visa_free,90,,
SZ,VE,visa_required,,,
SZ,VN,evisa,,,
SZ,VU,visa_free,120,,
SZ,WS,visa_on_arrival,,,
SZ,XK,visa_free,90,,
SZ,YE,visa_required,,,
SZ,ZA,visa_free,30,,
SZ,ZM,visa_free,90,,
SZ,ZW,visa_free,90,,
TD,AD,visa_required,,,
TD,AE,evisa,,,
TD,AF,visa_required,,,
TD,AG,evisa,,,
TD,AL,evisa,,,
TD,AM,visa_required,,,
TD,AO,visa_required,,,
TD,AR,visa_required,,,
TD,AT,visa_required,,,
TD,AU,evisa,,,
TD,AZ,visa_required,,,
TD,BA,visa_required,,,
TD,BB,visa_free,90,,
TD,BD,visa_on_arrival,,,
TD,BE,visa_required,,,
TD,BF,evisa,,,
TD,BG,visa_required,,,
TD,BH,evisa,,,
TD,BI,visa_on_arrival,,,
TD,BJ,visa_free,90,,
TD,BN,visa_required,,,
TD,BO,evisa,,,
TD,BR,visa_required,,,
TD,BS,evisa,,,
TD,BT,evisa,,,
TD,BW,evisa,,,
TD,BY,visa_required,,,
TD,BZ,visa_required,,,
TD,CA,visa_required,,,
TD,CD,evisa,,,
TD,CF,visa_free,90,,
TD,CG,visa_free,90,,
TD,CH,visa_required,,,
TD,CI,visa_free,90,,
TD,CL,visa_required,,,
TD,CM,visa_free,90,,
TD,CN,visa_required,,,
TD,CO,evisa,,,
TD,CR,visa_required,,,
TD,CU,evisa,,,
TD,CV,visa_required,,,
TD,CY,visa_required,,,
TD,CZ,visa_required,,,
TD,DE,visa_required,,,
TD,DJ,visa_on_arrival,,,
TD,DK,visa_required,,,
TD,DM,visa_free,21,,
TD,DO,visa_required,,,
TD,DZ,visa_required,,,
TD,EC,evisa,,,
TD,EE,visa_required,,,
TD,EG,visa_required,,,
TD,ER,visa_required,,,
TD,ES,visa_required,,,
TD,ET,visa_on_arrival,,,
TD,FI,visa_required,,,
TD,FJ,visa_required,,,
TD,FM,visa_free,30,,
TD,FR,visa_required,,,
TD,GA,visa_free,90,,
TD,GB,visa_required,,,
TD,GD,visa_required,,,
TD,GE,visa_required,,,
TD,GH,visa_on_arrival,,,
TD,GM,visa_free,90,,
TD,GN,evisa,,,
TD,GQ,evisa,,,
TD,GR,visa_required,,,
TD,GT,visa_required,,,
TD,GW,visa_on_arrival,,,
TD,GY,evisa,,,
TD,HN,visa_required,,,
TD,HR,visa_required,,,
TD,HT,visa_free,90,,
TD,HU,visa_required,,,
TD,ID,evisa,,,
TD,IE,visa_required,,,
TD,IL,evisa,,,
TD,IN,visa_required,,,
TD,IQ,evisa,,,
TD,IR,visa_on_arrival,,,
TD,IS,visa_required,,,
TD,IT,visa_required,,,
TD,JM,visa_required,,,
TD,JO,visa_required,,,
TD,JP,visa_required,,,
TD,KE,visa_free,60,,
TD,KG,evisa,,,
TD,KH,visa_on_arrival,,,
TD,KI,visa_required,,,
TD,KM,visa_on_arrival,,,
TD,KN,evisa,,,
TD,KP,visa_required,,,
TD,KR,evisa,,,
TD,KW,visa_required,,,
TD,KZ,evisa,,,
TD,LA,visa_on_arrival,,,
TD,LB,visa_required,,,
TD,LC,visa_required,,,
TD,LI,visa_required,,,
TD,LK,eta,,,
TD,LR,evisa,,,
TD,LS,visa_required,,,
TD,LT,visa_required,,,
TD,LU,visa_required,,,
TD,LV,visa_required,,,
TD,LY,evisa,,,
TD,MA,visa_required,,,
TD,MC,visa_required,,,
TD,MD,evisa,,,
TD,ME,visa_required,,,
TD,MG,visa_on_arrival,,,
TD,MH,visa_required,,,
TD,MK,visa_required,,,
TD,ML,visa_free,90,,
TD,MM,visa_required,,,
TD,MN,visa_required,,,
TD,MR,visa_free,90,,
TD,MT,visa_required,,,
TD,MU,visa_free,90,,
TD,MV,visa_on_arrival,,,
TD,MW,evisa,,,
TD,MX,visa_required,,,
TD,MY,visa_free,30,,
TD,MZ,visa_on_arrival,,,
TD,NA,visa_on_arrival,,,
TD,NE,visa_free,90,,
TD,NG,visa_free,90,,
TD,NI,visa_on_arrival,,,
TD,NL,visa_required,,,
TD,NO,visa_required,,,
TD,NP,visa_on_arrival,,,
TD,NR,visa_required,,,
TD,NZ,visa_required,,,
TD,OM,evisa,,,
TD,PA,visa_required,,,
TD,PE,visa_required,,,
TD,PG,evisa,,,
TD,PH,visa_free,30,,
TD,PK,evisa,,,
TD,PL,visa_required,,,
TD,PS,visa_required,,,
TD,PT,visa_required,,,
TD,PW,visa_on_arrival,,,
TD,PY,visa_required,,,
TD,QA,evisa,,,
TD,RO,visa_required,,,
TD,RS,visa_required,,,
TD,RU,visa_required,,,
TD,RW,visa_free,90,,
TD,SA,evisa,,,
TD,SB,visa_required,,,
TD,SC,visa_free,90,,
TD,SD,visa_required,,,
TD,SE,visa_required,,,
TD,SG,visa_free,30,,
TD,SI,visa_required,,,
TD,SK,visa_required,,,
TD,SL,visa_on_arrival,,,
TD,SM,visa_required,,,
TD,SN,visa_on_arrival,,,
TD,SO,evisa,,,
TD,SR,eta,,,
TD,SS,evisa,,,
TD,ST,evisa,,,
TD,SV,evisa,,,
TD,SY,evisa,,,
TD,SZ,visa_required,,,
TD,TG,evisa,,,
TD,TH,evisa,,,
TD,TJ,evisa,,,
TD,TL,visa_on_arrival,,,
TD,TM,visa_required,,,
TD,TN,visa_required,,,
TD,TO,visa_required,,,
TD,TR,visa_required,,,
TD,TT,visa_required,,,
TD,TV,visa_on_arrival,,,
TD,TW,visa_required,,,
TD,TZ,evisa,,,
TD,UA,visa_required,,,
TD,UG,evisa,,,
TD,US,no_admission,,,
TD,UY,visa_required,,,
TD,UZ,visa_required,,,
TD,VA,visa_required,,,
TD,VC,visa_free,90,,
TD,VE,visa_required,,,
TD,VN,evisa,,,
TD,VU,evisa,,,
TD,WS,visa_on_arrival,,,
TD,XK,visa_required,,,
TD,YE,visa_required,,,
TD,ZA,visa_required,,,
TD,ZM,evisa,,,
TD,ZW,evisa,,,
TG,AD,visa_required,,,
TG,AE,evisa,,,
TG,AF,visa_required,,,
TG,AG,evisa,,,
TG,AL,evisa,,,
TG,AM,visa_required,,,
TG,AO,visa_required,,,
TG,AR,visa_required,,,
TG,AT,visa_required,,,
TG,AU,evisa,,,
TG,AZ,visa_required,,,
TG,BA,visa_required,,,
TG,BB,visa_free,90,,
TG,BD,visa_on_arrival,,,
TG,BE,visa_required,,,
TG,BF,visa_free,,,
TG,BG,visa_required,,,
TG,BH,evisa,,,
TG,BI,visa_on_arrival,,,
TG,BJ,visa_free,90,,
TG,BN,visa_required,,,
TG,BO,evisa,,,
TG,BR,visa_required,,,
TG,BS,evisa,,,
TG,BT,evisa,,,
TG,BW,evisa,,,
TG,BY,visa_required,,,
TG,BZ,visa_required,,,
TG,CA,visa_required,,,
TG,CD,evisa,,,
TG,CF,visa_required,,,
TG,CG,visa_on_arrival,,,
TG,CH,visa_required,,,
TG,CI,visa_free,90,,
TG,CL,visa_required,,,
TG,CM,evisa,,,
TG,CN,visa_required,,,
TG,CO,evisa,,,
TG,CR,visa_required,,,
TG,CU,evisa,,,
TG,CV,visa_free,,,
TG,CY,visa_required,,,
TG,CZ,visa_required,,,
TG,DE,visa_required,,,
TG,DJ,visa_on_arrival,,,
TG,DK,visa_required,,,
TG,DM,visa_free,21,,
TG,DO,visa_required,,,
TG,DZ,visa_required,,,
TG,EC,visa_free,90,,
TG,EE,visa_required,,,
TG,EG,visa_required,,,
TG,ER,visa_required,,,
TG,ES,visa_required,,,
TG,ET,visa_on_arrival,,,
TG,FI,visa_required,,,
TG,FJ,visa_required,,,
TG,FM,visa_free,30,,
TG,FR,visa_required,,,
TG,GA,evisa,,,
TG,GB,visa_required,,,
TG,GD,visa_required,,,
TG,GE,evisa,,,
TG,GH,visa_free,90,,
TG,GM,visa_free,90,,
TG,GN,visa_free,,,
TG,GQ,evisa,,,
TG,GR,visa_required,,,
TG,GT,visa_required,,,
TG,GW,visa_free,,,
TG,GY,evisa,,,
TG,HN,visa_required,,,
TG,HR,visa_required,,,
TG,HT,visa_free,90,,
TG,HU,visa_required,,,
TG,ID,evisa,,,
TG,IE,visa_required,,,
TG,IL,evisa,,,
TG,IN,evisa,,,
TG,IQ,evisa,,,
TG,IR,visa_on_arrival,,,
TG,IS,visa_required,,,
TG,IT,visa_required,,,
TG,JM,visa_required,,,
TG,JO,visa_required,,,
TG,JP,visa_required,,,
TG,KE,visa_free,60,,
TG,KG,evisa,,,
TG,KH,visa_on_arrival,,,
TG,KI,visa_free,90,,
TG,KM,visa_on_arrival,,,
TG,KN,evisa,,,
TG,KP,visa_required,,,
TG,KR,evisa,,,
TG,KW,visa_required,,,
TG,KZ,evisa,,,
TG,LA,visa_on_arrival,,,
TG,LB,visa_required,,,
TG,LC,visa_on_arrival,,,
TG,LI,visa_required,,,
TG,LK,eta,,,
TG,LR,visa_free,,,
TG,LS,visa_required,,,
TG,LT,visa_required,,,
TG,LU,visa_required,,,
TG,LV,visa_required,,,
TG,LY,evisa,,,
TG,MA,visa_free,90,,
TG,MC,visa_required,,,
TG,MD,evisa,,,
TG,ME,visa_required,,,
TG,MG,visa_on_arrival,,,
TG,MH,visa_required,,,
TG,MK,visa_required,,,
TG,ML,visa_free,,,
TG,MM,visa_required,,,
TG,MN,evisa,,,
TG,MR,evisa,,,
TG,MT,visa_required,,,
TG,MU,visa_on_arrival,,,
TG,MV,visa_on_arrival,,,
TG,MW,evisa,,,
TG,MX,visa_required,,,
TG,MY,visa_free,30,,
TG,MZ,visa_on_arrival,,,
TG,NA,visa_on_arrival,,,
TG,NE,visa_free,,,
TG,NG,visa_free,,,
TG,NI,visa_on_arrival,,,
TG,NL,visa_required,,,
TG,NO,visa_required,,,
TG,NP,visa_on_arrival,,,
TG,NR,visa_required,,,
TG,NZ,visa_required,,,
TG,OM,evisa,,,
TG,PA,visa_required,,,
TG,PE,visa_required,,,
TG,PG,evisa,,,
TG,PH,visa_free,30,,
TG,PK,evisa,,,
TG,PL,visa_required,,,
TG,PS,visa_required,,,
TG,PT,visa_required,,,
TG,PW,visa_on_arrival,,,
TG,PY,visa_required,,,
TG,QA,evisa,,,
TG,RO,visa_required,,,
TG,RS,visa_required,,,
TG,RU,visa_required,,,
TG,RW,visa_free,30,,
TG,SA,evisa,,,
TG,SB,visa_required,,,
TG,SC,visa_free,90,,
TG,SD,visa_required,,,
TG,SE,visa_required,,,
TG,SG,visa_free,30,,
TG,SI,visa_required,,,
TG,SK,visa_required,,,
TG,SL,visa_free,,,
TG,SM,visa_required,,,
TG,SN,visa_free,90,,
TG,SO,evisa,,,
TG,SR,eta,,,
TG,SS,evisa,,,
TG,ST,visa_free,90,,
TG,SV,evisa,,,
TG,SY,evisa,,,
TG,SZ,visa_required,,,
TG,TD,visa_free,90,,
TG,TH,evisa,,,
TG,TJ,visa_required,,,
TG,TL,visa_on_arrival,,,
TG,TM,visa_required,,,
TG,TN,visa_required,,,
TG,TO,visa_required,,,
TG,TR,visa_required,,,
TG,TT,visa_required,,,
TG,TV,visa_on_arrival,,,
TG,TW,visa_required,,,
TG,TZ,visa_on_arrival,,,
TG,UA,visa_required,,,
TG,UG,evisa,,,
TG,US,visa_required,,,
TG,UY,visa_required,,,
TG,UZ,visa_required,,,
TG,VA,visa_required,,,
TG,VC,visa_free,90,,
TG,VE,visa_required,,,
TG,VN,evisa,,,
TG,VU,evisa,,,
TG,WS,visa_on_arrival,,,
TG,XK,visa_required,,,
TG,YE,visa_required,,,
TG,ZA,visa_required,,,
TG,ZM,evisa,,,
TG,ZW,evisa,,,
TH,AD,visa_required,,,
TH,AE,evisa,,,https://www.mofaic.gov.ae/
TH,AF,visa_required,,,
TH,AG,evisa,,,
TH,AL,visa_free,,,
TH,AM,visa_on_arrival,,,
TH,AO,visa_required,,,
TH,AR,visa_free,90,,
TH,AT,visa_required,,,
TH,AU,evisa,,,
TH,AZ,evisa,,,
TH,BA,visa_required,,,
TH,BB,visa_free,90,,
TH,BD,visa_required,,,
TH,BE,visa_required,,,
TH,BF,evisa,,,
TH,BG,visa_required,,,
TH,BH,visa_on_arrival,,,
TH,BI,visa_on_arrival,,,
TH,BJ,evisa,,,
TH,BN,visa_free,14,,
TH,BO,evisa,,,
TH,BR,visa_free,90,,
TH,BS,evisa,,,
TH,BT,evisa,,,
TH,BW,evisa,,,
TH,BY,visa_required,,,
TH,BZ,visa_required,,,
TH,CA,visa_required,,,
TH,CD,evisa,,,
TH,CF,visa_required,,,
TH,CG,visa_required,,,
TH,CH,visa_required,,,
TH,CI,eta,,,
TH,CL,visa_free,90,,
TH,CM,evisa,,,
TH,CN,visa_free,30,,
TH,CO,evisa,,,
TH,CR,visa_required,,,
TH,CU,evisa,,,
TH,CV,visa_on_arrival,,,
TH,CY,visa_required,,,
TH,CZ,visa_required,,,
TH,DE,visa_required,,,
TH,DJ,visa_on_arrival,,,
TH,DK,visa_required,,,
TH,DM,visa_free,21,,
TH,DO,visa_free,30,,
TH,DZ,visa_required,,,
TH,EC,visa_free,90,,
TH,EE,visa_required,,,
TH,EG,visa_required,,,
TH,ER,visa_required,,,
TH,ES,visa_required,,,
TH,ET,visa_on_arrival,,,
TH,FI,visa_required,,,
TH,FJ,visa_free,120,,
TH,FM,visa_free,30,,
TH,FR,visa_required,,,
TH,GA,evisa,,,
TH,GB,visa_required,,,
TH,GD,visa_required,,,
TH,GE,visa_free,365,,
TH,GH,visa_required,,,
TH,GM,visa_required,,,
TH,GN,evisa,,,
TH,GQ,evisa,,,
TH,GR,visa_required,,,
TH,GT,visa_required,,,
TH,GW,visa_on_arrival,,,
TH,GY,evisa,,,
TH,HN,visa_required,,,
TH,HR,visa_required,,,
TH,HT,visa_free,90,,
TH,HU,visa_required,,,
TH,ID,visa_free,30,,
TH,IE,visa_required,,,
TH,IL,evisa,,,
TH,IN,evisa,,,
TH,IQ,evisa,,,
TH,IR,visa_on_arrival,,,
TH,IS,visa_required,,,
TH,IT,visa_required,,,
TH,JM,visa_required,,,
TH,JO,visa_on_arrival,,,
TH,JP,visa_free,15,,
TH,KE,eta,,,
TH,KG,visa_free,60,,
TH,KH,visa_free,14,,
TH,KI,visa_free,90,,
TH,KM,visa_on_arrival,,,
TH,KN,evisa,,,
TH,KP,visa_required,,,
TH,KR,eta,,,
TH,KW,visa_required,,,
TH,KZ,visa_free,30,,
TH,LA,visa_free,30,,
TH,LB,visa_required,,,
TH,LC,visa_on_arrival,,,
TH,LI,visa_required,,,
TH,LK,eta,,,
TH,LR,evisa,,,
TH,LS,visa_required,,,
TH,LT,visa_required,,,
TH,LU,visa_required,,,
TH,LV,visa_required,,,
TH,LY,evisa,,,
TH,MA,evisa,,,
TH,MC,visa_required,,,
TH,MD,evisa,,,
TH,ME,visa_required,,,
TH,MG,visa_on_arrival,,,
TH,MH,visa_on_arrival,,,
TH,MK,visa_required,,,
TH,ML,visa_required,,,
TH,MM,visa_free,14,,
TH,MN,visa_free,30,,
TH,MR,evisa,,,
TH,MT,visa_required,,,
TH,MU,visa_on_arrival,,,
TH,MV,visa_on_arrival,,,
TH,MW,evisa,,,
TH,MX,visa_required,,,
TH,MY,visa_free,30,,
TH,MZ,visa_on_arrival,,,
TH,NA,visa_on_arrival,,,
TH,NE,visa_required,,,
TH,NG,evisa,,,
TH,NI,visa_on_arrival,,,
TH,NL,visa_required,,,
TH,NO,visa_required,,,
TH,NP,visa_on_arrival,,,
TH,NR,visa_required,,,
TH,NZ,visa_required,,,
TH,OM,visa_on_arrival,,,
TH,PA,visa_free,90,,
TH,PE,visa_free,180,,
TH,PG,eta,,,
TH,PH,visa_free,30,,
TH,PK,evisa,,,
TH,PL,visa_required,,,
TH,PS,visa_free,,,
TH,PT,visa_required,,,
TH,PW,visa_on_arrival,,,
TH,PY,visa_required,,,
TH,QA,visa_on_arrival,,,
TH,RO,visa_required,,,
TH,RS,visa_required,,,
TH,RU,visa_free,30,,
TH,RW,visa_on_arrival,,,
TH,SA,visa_on_arrival,,,
TH,SB,visa_on_arrival,,,
TH,SC,visa_free,90,,
TH,SD,visa_required,,,
TH,SE,visa_required,,,
TH,SG,visa_free,30,,
TH,SI,visa_required,,,
TH,SK,visa_required,,,
TH,SL,visa_on_arrival,,,
TH,SM,visa_required,,,
TH,SN,visa_on_arrival,,,
TH,SO,evisa,,,
TH,SR,eta,,,
TH,SS,evisa,,,
TH,ST,evisa,,,
TH,SV,evisa,,,
TH,SY,evisa,,,
TH,SZ,visa_required,,,
TH,TD,evisa,,,
TH,TG,evisa,,,
TH,TJ,visa_free,30,,
TH,TL,visa_free,30,,
TH,TM,visa_required,,,
TH,TN,visa_required,,,
TH,TO,visa_required,,,
TH,TR,visa_free,30,,
TH,TT,visa_required,,,
TH,TV,visa_on_arrival,,,
TH,TW,visa_free,14,,https://www.boca.gov.tw/cp-220-8253-ff790-2.html
TH,TZ,visa_on_arrival,,,
TH,UA,evisa,,,
TH,UG,evisa,,,
TH,US,visa_required,,,
TH,UY,visa_required,,,
TH,UZ,evisa,,,
TH,VA,visa_required,,,
TH,VC,visa_free,90,,
TH,VE,visa_required,,,
TH,VN,visa_free,30,,
TH,VU,visa_free,120,,
TH,WS,visa_on_arrival,,,
TH,XK,visa_required,,,
TH,YE,visa_required,,,
TH,ZA,visa_free,30,,
TH,ZM,visa_on_arrival,,,
TH,ZW,evisa,,,
TJ,AD,visa_required,,,
TJ,AE,evisa,,,
TJ,AF,visa_required,,,
TJ,AG,visa_free,180,,
TJ,AL,evisa,,,
TJ,AM,visa_free,180,,
TJ,AO,visa_required,,,
TJ,AR,visa_required,,,
TJ,AT,visa_required,,,
TJ,AU,evisa,,,
TJ,AZ,visa_free,90,,
TJ,BA,visa_required,,,
TJ,BB,visa_free,28,,
TJ,BD,visa_on_arrival,,,
TJ,BE,visa_required,,,
TJ,BF,evisa,,,
TJ,BG,visa_required,,,
TJ,BH,evisa,,,
TJ,BI,visa_on_arrival,,,
TJ,BJ,evisa,,,
TJ,BN,visa_required,,,
TJ,BO,evisa,,,
TJ,BR,visa_required,,,
TJ,BS,evisa,,,
TJ,BT,evisa,,,
TJ,BW,evisa,,,
TJ,BY,visa_free,,,
TJ,BZ,visa_required,,,
TJ,CA,visa_required,,,
TJ,CD,evisa,,,
TJ,CF,visa_required,,,
TJ,CG,visa_required,,,
TJ,CH,visa_required,,,
TJ,CI,eta,,,
TJ,CL,visa_required,,,
TJ,CM,evisa,,,
TJ,CN,visa_required,,,
TJ,CO,evisa,,,
TJ,CR,visa_required,,,
TJ,CU,evisa,,,
TJ,CV,visa_required,,,
TJ,CY,visa_required,,,
TJ,CZ,visa_required,,,
TJ,DE,visa_required,,,
TJ,DJ,visa_on_arrival,,,
TJ,DK,visa_required,,,
TJ,DM,visa_free,21,,
TJ,DO,visa_required,,,
TJ,DZ,visa_required,,,
TJ,EC,evisa,,,
TJ,EE,visa_required,,,
TJ,EG,visa_required,,,
TJ,ER,visa_required,,,
TJ,ES,visa_required,,,
TJ,ET,evisa,,,
TJ,FI,visa_required,,,
TJ,FJ,visa_required,,,
TJ,FM,visa_free,30,,
TJ,FR,visa_required,,,
TJ,GA,evisa,,,
TJ,GB,visa_required,,,
TJ,GD,visa_free,,,
TJ,GE,visa_free,365,,
TJ,GH,visa_required,,,
TJ,GM,visa_required,,,
TJ,GN,evisa,,,
TJ,GQ,evisa,,,
TJ,GR,visa_required,,,
TJ,GT,visa_required,,,
TJ,GW,visa_on_arrival,,,
TJ,GY,evisa,,,
TJ,HN,visa_required,,,
TJ,HR,visa_required,,,
TJ,HT,visa_free,90,,
TJ,HU,visa_required,,,
TJ,ID,evisa,,,
TJ,IE,visa_required,,,
TJ,IL,evisa,,,
TJ,IN,evisa,,,
TJ,IQ,evisa,,,
TJ,IR,visa_free,30,,
TJ,IS,visa_required,,,
TJ,IT,visa_required,,,
TJ,JM,visa_on_arrival,,,
TJ,JO,visa_on_arrival,,,
TJ,JP,visa_required,,,
TJ,KE,eta,,,
TJ,KG,visa_free,,,
TJ,KH,visa_on_arrival,,,
TJ,KI,visa_required,,,
TJ,KM,visa_on_arrival,,,
TJ,KN,evisa,,,
TJ,KP,visa_required,,,
TJ,KR,evisa,,,
TJ,KW,visa_required,,,
TJ,KZ,visa_free,30,,
TJ,LA,visa_on_arrival,,,
TJ,LB,visa_on_arrival,,,
TJ,LC,visa_required,,,
TJ,LI,visa_required,,,
TJ,LK,eta,,,
TJ,LR,evisa,,,
TJ,LS,visa_required,,,
TJ,LT,visa_required,,,
TJ,LU,visa_required,,,
TJ,LV,visa_required,,,
TJ,LY,evisa,,,
TJ,MA,visa_required,,,
TJ,MC,visa_required,,,
TJ,MD,visa_free,90,,
TJ,ME,visa_required,,,
TJ,MG,visa_on_arrival,,,
TJ,MH,visa_on_arrival,,,
TJ,MK,visa_required,,,
TJ,ML,visa_required,,,
TJ,MM,visa_required,,,
TJ,MN,visa_required,,,
TJ,MR,evisa,,,
TJ,MT,visa_required,,,
TJ,MU,visa_on_arrival,,,
TJ,MV,visa_on_arrival,,,
TJ,MW,evisa,,,
TJ,MX,visa_required,,,
TJ,MY,visa_free,30,,
TJ,MZ,visa_on_arrival,,,
TJ,NA,visa_on_arrival,,,
TJ,NE,visa_required,,,
TJ,NG,evisa,,,
TJ,NI,visa_on_arrival,,,
TJ,NL,visa_required,,,
TJ,NO,visa_required,,,
TJ,NP,visa_on_arrival,,,
TJ,NR,visa_required,,,
TJ,NZ,visa_required,,,
TJ,OM,evisa,,,
TJ,PA,visa_required,,,
TJ,PE,visa_required,,,
TJ,PG,evisa,,,
TJ,PH,visa_free,30,,
TJ,PK,evisa,,,
TJ,PL,visa_required,,,
TJ,PS,visa_free,,,
TJ,PT,visa_required,,,
TJ,PW,visa_on_arrival,,,
TJ,PY,visa_required,,,
TJ,QA,visa_on_arrival,,,
TJ,RO,visa_required,,,
TJ,RS,visa_required,,,
TJ,RU,visa_free,90,,
TJ,RW,visa_on_arrival,,,
TJ,SA,visa_on_arrival,,,
TJ,SB,visa_required,,,
TJ,SC,visa_free,90,,
TJ,SD,visa_required,,,
TJ,SE,visa_required,,,
TJ,SG,evisa,,,
TJ,SI,visa_required,,,
TJ,SK,visa_required,,,
TJ,SL,evisa,,,
TJ,SM,visa_required,,,
TJ,SN,visa_required,,,
TJ,SO,evisa,,,
TJ,SR,eta,,,
TJ,SS,evisa,,,
TJ,ST,evisa,,,
TJ,SV,evisa,,,
TJ,SY,visa_on_arrival,,,
TJ,SZ,visa_required,,,
TJ,TD,evisa,,,
TJ,TG,evisa,,,
TJ,TH,evisa,,,
TJ,TL,visa_on_arrival,,,
TJ,TM,visa_required,,,
TJ,TN,visa_required,,,
TJ,TO,visa_required,,,
TJ,TR,visa_required,,,
TJ,TT,visa_required,,,
TJ,TV,visa_on_arrival,,,
TJ,TW,visa_required,,,
TJ,TZ,evisa,,,
TJ,UA,visa_free,90,,
TJ,UG,evisa,,,
TJ,US,visa_required,,,
TJ,UY,visa_required,,,
TJ,UZ,visa_free,30,,
TJ,VA,visa_required,,,
TJ,VC,visa_free,90,,
TJ,VE,visa_required,,,
TJ,VN,evisa,,,
TJ,VU,evisa,,,
TJ,WS,visa_on_arrival,,,
TJ,XK,visa_required,,,
TJ,YE,visa_required,,,
TJ,ZA,visa_required,,,
TJ,ZM,evisa,,,
TJ,ZW,visa_on_arrival,,,
TL,AD,visa_free,90,,
TL,AE,evisa,,,
TL,AF,visa_required,,,
TL,AG,evisa,,,
TL,AL,evisa,,,
TL,AM,evisa,,,
TL,AO,visa_free,30,,
TL,AR,visa_required,,,
TL,AT,visa_free,90,,
TL,AU,evisa,,,
TL,AZ,visa_required,,,
TL,BA,visa_free,90,,
TL,BB,visa_free,28,,
TL,BD,visa_on_arrival,,,
TL,BE,visa_free,90,,
TL,BF,evisa,,,
TL,BG,visa_free,90,,
TL,BH,evisa,,,
TL,BI,visa_on_arrival,,,
TL,BJ,evisa,,,
TL,BN,visa_required,,,
TL,BO,evisa,,,
TL,BR,visa_required,,,
TL,BS,evisa,,,
TL,BT,evisa,,,
TL,BW,evisa,,,
TL,BY,visa_required,,,
TL,BZ,visa_required,,,
TL,CA,visa_required,,,
TL,CD,evisa,,,
TL,CF,visa_required,,,
TL,CG,visa_required,,,
TL,CH,visa_free,90,,
TL,CI,eta,,,
TL,CL,visa_required,,,
TL,CM,evisa,,,
TL,CN,visa_required,,,
TL,CO,evisa,,,
TL,CR,visa_required,,,
TL,CU,evisa,,,
TL,CV,visa_on_arrival,,,
TL,CY,visa_free,90,,
TL,CZ,visa_free,90,,
TL,DE,visa_free,90,,
TL,DJ,visa_on_arrival,,,
TL,DK,visa_free,90,,
TL,DM,visa_free,21,,
TL,DO,visa_required,,,
TL,DZ,visa_required,,,
TL,EC,visa_free,90,,
TL,EE,visa_free,90,,
TL,EG,visa_on_arrival,,,
TL,ER,visa_required,,,
TL,ES,visa_free,90,,
TL,ET,evisa,,,
TL,FI,visa_free,90,,
TL,FJ,visa_required,,,
TL,FM,visa_free,30,,
TL,FR,visa_free,90,,
TL,GA,evisa,,,
TL,GB,visa_required,,,
TL,GD,visa_required,,,
TL,GE,evisa,,,
TL,GH,visa_required,,,
TL,GM,visa_required,,,
TL,GN,evisa,,,
TL,GQ,evisa,,,
TL,GR,visa_free,90,,
TL,GT,visa_required,,,
TL,GW,visa_on_arrival,,,
TL,GY,evisa,,,
TL,HN,visa_required,,,
TL,HR,visa_free,90,,
TL,HT,visa_free,90,,
TL,HU,visa_free,90,,
TL,ID,visa_free,30,,
TL,IE,visa_required,,,
TL,IL,evisa,,,
TL,IN,evisa,,,
TL,IQ,evisa,,,
TL,IR,visa_on_arrival,,,
TL,IS,visa_free,90,,
TL,IT,visa_free,90,,
TL,JM,visa_required,,,
TL,JO,visa_on_arrival,,,
TL,JP,visa_required,,,
TL,KE,eta,,,
TL,KG,evisa,,,
TL,KH,visa_on_arrival,,,
TL,KI,visa_free,90,,
TL,KM,visa_on_arrival,,,
TL,KN,evisa,,,
TL,KP,visa_required,,,
TL,KR,evisa,,,
TL,KW,visa_required,,,
TL,KZ,evisa,,,
TL,LA,visa_on_arrival,,,
TL,LB,visa_required,,,
TL,LC,visa_on_arrival,,,
TL,LI,visa_free,90,,
TL,LK,eta,,,
TL,LR,evisa,,,
TL,LS,visa_required,,,
TL,LT,visa_free,90,,
TL,LU,visa_free,90,,
TL,LV,visa_free,90,,
TL,LY,evisa,,,
TL,MA,visa_required,,,
TL,MC,visa_free,90,,
TL,MD,visa_free,90,,
TL,ME,visa_free,90,,
TL,MG,visa_on_arrival,,,
TL,MH,visa_on_arrival,,,
TL,MK,visa_required,,,
TL,ML,visa_required,,,
TL,MM,visa_required,,,
TL,MN,evisa,,,
TL,MR,evisa,,,
TL,MT,visa_free,90,,
TL,MU,visa_on_arrival,,,
TL,MV,visa_on_arrival,,,
TL,MW,evisa,,,
TL,MX,visa_required,,,
TL,MY,visa_free,30,,
TL,MZ,visa_on_arrival,,,
TL,NA,evisa,,,
TL,NE,visa_required,,,
TL,NG,evisa,,,
TL,NI,visa_required,,,
TL,NL,visa_free,90,,
TL,NO,visa_free,90,,
TL,NP,visa_on_arrival,,,
TL,NR,visa_required,,,
TL,NZ,visa_required,,,
TL,OM,evisa,,,
TL,PA,visa_required,,,
TL,PE,visa_required,,,
TL,PG,evisa,,,
TL,PH,visa_required,,,
TL,PK,evisa,,,
TL,PL,visa_free,90,,
TL,PS,visa_free,,,
TL,PT,visa_free,90,,
TL,PW,visa_on_arrival,,,
TL,PY,visa_required,,,
TL,QA,evisa,,,
TL,RO,visa_free,90,,
TL,RS,visa_required,,,
TL,RU,visa_required,,,
TL,RW,visa_on_arrival,,,
TL,SA,visa_required,,,
TL,SB,visa_required,,,
TL,SC,visa_free,90,,
TL,SD,visa_required,,,
TL,SE,visa_free,90,,
TL,SG,visa_free,30,,
TL,SI,visa_free,90,,
TL,SK,visa_free,90,,
TL,SL,visa_on_arrival,,,
TL,SM,visa_free,90,,
TL,SN,visa_required,,,
TL,SO,evisa,,,
TL,SR,eta,,,
TL,SS,evisa,,,
TL,ST,visa_free,,,
TL,SV,evisa,,,
TL,SY,evisa,,,
TL,SZ,visa_free,30,,
TL,TD,evisa,,,
TL,TG,evisa,,,
TL,TH,visa_free,30,,
TL,TJ,visa_required,,,
TL,TM,visa_required,,,
TL,TN,visa_required,,,
TL,TO,visa_required,,,
TL,TR,evisa,,,
TL,TT,visa_required,,,
TL,TV,visa_on_arrival,,,
TL,TW,visa_required,,,
TL,TZ,visa_on_arrival,,,
TL,UA,evisa,,,
TL,UG,evisa,,,
TL,US,visa_required,,,
TL,UY,visa_required,,,
TL,UZ,visa_required,,,
TL,VA,visa_free,90,,
TL,VC,visa_free,90,,
TL,VE,visa_required,,,
TL,VN,evisa,,,
TL,VU,evisa,,,
TL,WS,visa_on_arrival,,,
TL,XK,visa_free,90,,
TL,YE,visa_required,,,
TL,ZA,visa_required,,,
TL,ZM,evisa,,,
TL,ZW,evisa,,,
TM,AD,visa_required,,,
TM,AE,evisa,,,
TM,AF,visa_required,,,
TM,AG,visa_free,180,,
TM,AL,evisa,,,
TM,AM,evisa,,,
TM,AO,visa_required,,,
TM,AR,visa_required,,,
TM,AT,visa_required,,,
TM,AU,evisa,,,
TM,AZ,evisa,,,
TM,BA,visa_required,,,
TM,BB,visa_free,28,,
TM,BD,visa_on_arrival,,,
TM,BE,visa_required,,,
TM,BF,evisa,,,
TM,BG,visa_required,,,
TM,BH,evisa,,,
TM,BI,visa_on_arrival,,,
TM,BJ,evisa,,,
TM,BN,visa_required,,,
TM,BO,evisa,,,
TM,BR,visa_required,,,
TM,BS,evisa,,,
TM,BT,evisa,,,
TM,BW,evisa,,,
TM,BY,visa_required,,,
TM,BZ,visa_required,,,
TM,CA,visa_required,,,
TM,CD,evisa,,,
TM,CF,visa_required,,,
TM,CG,visa_required,,,
TM,CH,visa_required,,,
TM,CI,eta,,,
TM,CL,visa_required,,,
TM,CM,evisa,,,
TM,CN,visa_required,,,
TM,CO,evisa,,,
TM,CR,visa_required,,,
TM,CU,evisa,,,
TM,CV,visa_required,,,
TM,CY,visa_required,,,
TM,CZ,visa_required,,,
TM,DE,visa_required,,,
TM,DJ,visa_on_arrival,,,
TM,DK,visa_required,,,
TM,DM,visa_free,21,,
TM,DO,visa_required,,,
TM,DZ,visa_required,,,
TM,EC,visa_free,90,,
TM,EE,visa_required,,,
TM,EG,visa_required,,,
TM,ER,visa_required,,,
TM,ES,visa_required,,,
TM,ET,evisa,,,
TM,FI,visa_required,,,
TM,FJ,visa_required,,,
TM,FM,visa_free,30,,
TM,FR,visa_required,,,
TM,GA,evisa,,,
TM,GB,visa_required,,,
TM,GD,visa_free,,,
TM,GE,visa_free,365,,
TM,GH,visa_required,,,
TM,GM,visa_required,,,
TM,GN,evisa,,,
TM,GQ,evisa,,,
TM,GR,visa_required,,,
TM,GT,visa_required,,,
TM,GW,visa_on_arrival,,,
TM,GY,evisa,,,
TM,HN,visa_required,,,
TM,HR,visa_required,,,
TM,HT,visa_free,90,,
TM,HU,visa_required,,,
TM,ID,evisa,,,
TM,IE,visa_required,,,
TM,IL,evisa,,,
TM,IN,visa_required,,,
TM,IQ,evisa,,,
TM,IR,visa_on_arrival,,,
TM,IS,visa_required,,,
TM,IT,visa_required,,,
TM,JM,visa_on_arrival,,,
TM,JO,visa_on_arrival,,,
TM,JP,visa_required,,,
TM,KE,eta,,,
TM,KG,evisa,,,
TM,KH,visa_on_arrival,,,
TM,KI,visa_required,,,
TM,KM,visa_on_arrival,,,
TM,KN,evisa,,,
TM,KP,visa_required,,,
TM,KR,evisa,,,
TM,KW,visa_required,,,
TM,KZ,evisa,,,
TM,LA,visa_on_arrival,,,
TM,LB,visa_on_arrival,,,
TM,LC,visa_required,,,
TM,LI,visa_required,,,
TM,LK,eta,,,
TM,LR,evisa,,,
TM,LS,visa_required,,,
TM,LT,visa_required,,,
TM,LU,visa_required,,,
TM,LV,visa_required,,,
TM,LY,evisa,,,
TM,MA,visa_required,,,
TM,MC,visa_required,,,
TM,MD,evisa,,,
TM,ME,visa_required,,,
TM,MG,visa_on_arrival,,,
TM,MH,visa_on_arrival,,,
TM,MK,visa_required,,,
TM,ML,visa_required,,,
TM,MM,visa_required,,,
TM,MN,visa_required,,,
TM,MR,evisa,,,
TM,MT,visa_required,,,
TM,MU,visa_on_arrival,,,
TM,MV,visa_on_arrival,,,
TM,MW,evisa,,,
TM,MX,visa_required,,,
TM,MY,visa_free,90,,
TM,MZ,visa_on_arrival,,,
TM,NA,visa_on_arrival,,,
TM,NE,visa_required,,,
TM,NG,evisa,,,
TM,NI,visa_on_arrival,,,
TM,NL,visa_required,,,
TM,NO,visa_required,,,
TM,NP,visa_on_arrival,,,
TM,NR,visa_required,,,
TM,NZ,visa_required,,,
TM,OM,evisa,,,
TM,PA,visa_required,,,
TM,PE,visa_required,,,
TM,PG,evisa,,,
TM,PH,visa_free,30,,
TM,PK,evisa,,,
TM,PL,visa_required,,,
TM,PS,visa_free,,,
TM,PT,visa_required,,,
TM,PW,visa_on_arrival,,,
TM,PY,visa_required,,,
TM,QA,evisa,,,
TM,RO,visa_required,,,
TM,RS,visa_required,,,
TM,RU,evisa,,,
TM,RW,visa_on_arrival,,,
TM,SA,evisa,,,
TM,SB,visa_required,,,
TM,SC,visa_free,90,,
TM,SD,visa_required,,,
TM,SE,visa_required,,,
TM,SG,evisa,,,
TM,SI,visa_required,,,
TM,SK,visa_required,,,
TM,SL,evisa,,,
TM,SM,visa_required,,,
TM,SN,visa_required,,,
TM,SO,evisa,,,
TM,SR,eta,,,
TM,SS,evisa,,,
TM,ST,evisa,,,
TM,SV,evisa,,,
TM,SY,visa_on_arrival,,,
TM,SZ,visa_required,,,
TM,TD,evisa,,,
TM,TG,evisa,,,
TM,TH,evisa,,,
TM,TJ,visa_on_arrival,,,
TM,TL,visa_on_arrival,,,
TM,TN,visa_required,,,
TM,TO,visa_required,,,
TM,TR,visa_required,,,
TM,TT,visa_required,,,
TM,TV,visa_on_arrival,,,
TM,TW,visa_required,,,
TM,TZ,evisa,,,
TM,UA,visa_required,,,
TM,UG,evisa,,,
TM,US,visa_required,,,
TM,UY,visa_required,,,
TM,UZ,visa_required,,,
TM,VA,visa_required,,,
TM,VC,visa_free,90,,
TM,VE,visa_required,,,
TM,VN,evisa,,,
TM,VU,evisa,,,
TM,WS,visa_on_arrival,,,
TM,XK,visa_required,,,
TM,YE,visa_required,,,
TM,ZA,visa_required,,,
TM,ZM,evisa,,,
TM,ZW,visa_on_arrival,,,
TN,AD,visa_required,,,
TN,AE,evisa,,,
TN,AF,visa_required,,,
TN,AG,evisa,,,
TN,AL,evisa,,,
TN,AM,evisa,,,
TN,AO,visa_required,,,
TN,AR,visa_required,,,
TN,AT,visa_required,,,
TN,AU,evisa,,,
TN,AZ,visa_required,,,
TN,BA,visa_required,,,
TN,BB,visa_free,180,,
TN,BD,visa_required,,,
TN,BE,visa_required,,,
TN,BF,evisa,,,
TN,BG,visa_required,,,
TN,BH,evisa,,,
TN,BI,visa_on_arrival,,,
TN,BJ,visa_free,90,,
TN,BN,visa_required,,,
TN,BO,evisa,,,
TN,BR,visa_free,90,,
TN,BS,evisa,,,
TN,BT,evisa,,,
TN,BW,evisa,,,
TN,BY,visa_required,,,
TN,BZ,visa_free,,,
TN,CA,visa_required,,,
TN,CD,evisa,,,
TN,CF,visa_required,,,
TN,CG,visa_required,,,
TN,CH,visa_required,,,
TN,CI,visa_free,90,,
TN,CL,visa_required,,,
TN,CM,evisa,,,
TN,CN,visa_required,,,
TN,CO,evisa,,,
TN,CR,visa_required,,,
TN,CU,evisa,,,
TN,CV,visa_required,,,
TN,CY,visa_required,,,
TN,CZ,visa_required,,,
TN,DE,visa_required,,,
TN,DJ,visa_on_arrival,,,
TN,DK,visa_required,,,
TN,DM,visa_free,21,,
TN,DO,visa_required,,,
TN,DZ,visa_free,90,,
TN,EC,visa_free,90,,
TN,EE,visa_required,,,
TN,EG,visa_required,,,
TN,ER,visa_required,,,
TN,ES,visa_required,,,
TN,ET,visa_on_arrival,,,
TN,FI,visa_required,,,
TN,FJ,visa_free,120,,
TN,FM,visa_free,30,,
TN,FR,visa_required,,,
TN,GA,visa_free,,,
TN,GB,visa_required,,,
TN,GD,visa_required,,,
TN,GE,visa_required,,,
TN,GH,visa_on_arrival,,,
TN,GM,visa_free,90,,
TN,GN,visa_free,,,
TN,GQ,visa_free,30,,
TN,GR,visa_required,,,
TN,GT,visa_required,,,
TN,GW,visa_on_arrival,,,
TN,GY,evisa,,,
TN,HN,visa_required,,,
TN,HR,visa_required,,,
TN,HT,visa_free,90,,
TN,HU,visa_required,,,
TN,ID,visa_on_arrival,,,
TN,IE,visa_required,,,
TN,IL,evisa,,,
TN,IN,visa_required,,,
TN,IQ,evisa,,,
TN,IR,visa_free,15,,
TN,IS,visa_required,,,
TN,IT,visa_required,,,
TN,JM,visa_required,,,
TN,JO,visa_on_arrival,,,
TN,JP,visa_free,90,,
TN,KE,visa_free,60,,
TN,KG,evisa,,,
TN,KH,visa_on_arrival,,,
TN,KI,visa_required,,,
TN,KM,visa_on_arrival,,,
TN,KN,evisa,,,
TN,KP,visa_required,,,
TN,KR,eta,,,
TN,KW,visa_required,,,
TN,KZ,evisa,,,
TN,LA,visa_on_arrival,,,
TN,LB,visa_on_arrival,,,
TN,LC,visa_required,,,
TN,LI,visa_required,,,
TN,LK,eta,,,
TN,LR,evisa,,,
TN,LS,visa_required,,,
TN,LT,visa_required,,,
TN,LU,visa_required,,,
TN,LV,visa_required,,,
TN,LY,visa_free,,,
TN,MA,visa_free,90,,
TN,MC,visa_required,,,
TN,MD,evisa,,,
TN,ME,visa_required,,,
TN,MG,visa_on_arrival,,,
TN,MH,visa_required,,,
TN,MK,visa_required,,,
TN,ML,visa_free,90,,
TN,MM,visa_required,,,
TN,MN,visa_required,,,
TN,MR,visa_free,90,,
TN,MT,visa_required,,,
TN,MU,visa_free,90,,
TN,MV,visa_on_arrival,,,
TN,MW,evisa,,,
TN,MX,visa_required,,,
TN,MY,visa_free,90,,
TN,MZ,visa_on_arrival,,,
TN,NA,visa_on_arrival,,,
TN,NE,visa_free,90,,
TN,NG,evisa,,,
TN,NI,visa_on_arrival,,,
TN,NL,visa_required,,,
TN,NO,visa_required,,,
TN,NP,visa_on_arrival,,,
TN,NR,visa_required,,,
TN,NZ,visa_required,,,
TN,OM,evisa,,,
TN,PA,visa_required,,,
TN,PE,visa_required,,,
TN,PG,evisa,,,
TN,PH,visa_free,30,,
TN,PK,evisa,,,
TN,PL,visa_required,,,
TN,PS,visa_free,,,
TN,PT,visa_required,,,
TN,PW,visa_on_arrival,,,
TN,PY,visa_required,,,
TN,QA,evisa,,,
TN,RO,visa_required,,,
TN,RS,visa_required,,,
TN,RU,visa_required,,,
TN,RW,visa_free,30,,
TN,SA,visa_required,,,
TN,SB,visa_required,,,
TN,SC,visa_free,90,,
TN,SD,visa_required,,,
TN,SE,visa_required,,,
TN,SG,evisa,,,
TN,SI,visa_required,,,
TN,SK,visa_required,,,
TN,SL,visa_on_arrival,,,
TN,SM,visa_required,,,
TN,SN,visa_free,90,,
TN,SO,evisa,,,
TN,SR,evisa,,,
TN,SS,evisa,,,
TN,ST,evisa,,,
TN,SV,evisa,,,
TN,SY,visa_free,,,
TN,SZ,visa_required,,,
TN,TD,evisa,,,
TN,TG,evisa,,,
TN,TH,visa_on_arrival,,,
TN,TJ,visa_on_arrival,,,
TN,TL,visa_on_arrival,,,
TN,TM,visa_required,,,
TN,TO,visa_required,,,
TN,TR,visa_free,90,,
TN,TT,visa_required,,,
TN,TV,visa_on_arrival,,,
TN,TW,visa_required,,,
TN,TZ,visa_on_arrival,,,
TN,UA,visa_required,,,
TN,UG,evisa,,,
TN,US,visa_required,,,
TN,UY,visa_required,,,
TN,UZ,evisa,,,
TN,VA,visa_required,,,
TN,VC,visa_free,90,,
TN,VE,visa_required,,,
TN,VN,evisa,,,
TN,VU,visa_free,120,,
TN,WS,visa_on_arrival,,,
TN,XK,visa_required,,,
TN,YE,visa_required,,,
TN,ZA,visa_free,90,,
TN,ZM,evisa,,,
TN,ZW,evisa,,,
TO,AD,visa_free,90,,
TO,AE,evisa,,,
TO,AF,visa_required,,,
TO,AG,evisa,,,
TO,AL,evisa,,,
TO,AM,evisa,,,
TO,AO,visa_free,30,,
TO,AR,visa_required,,,
TO,AT,visa_free,90,,
TO,AU,evisa,,,
TO,AZ,visa_required,,,
TO,BA,visa_free,90,,
TO,BB,visa_free,180,,
TO,BD,visa_free,90,,
TO,BE,visa_free,90,,
TO,BF,evisa,,,
TO,BG,visa_free,90,,
TO,BH,evisa,,,
TO,BI,visa_on_arrival,,,
TO,BJ,evisa,,,
TO,BN,visa_required,,,
TO,BO,evisa,,,
TO,BR,visa_required,,,
TO,BS,visa_free,90,,
TO,BT,evisa,,,
TO,BW,visa_free,90,,
TO,BY,visa_required,,,
TO,BZ,visa_free,,,
TO,CA,visa_required,,,
TO,CD,evisa,,,
TO,CF,visa_required,,,
TO,CG,visa_required,,,
TO,CH,visa_free,90,,
TO,CI,eta,,,
TO,CL,visa_free,90,,
TO,CM,evisa,,,
TO,CN,visa_free,30,,
TO,CO,evisa,,,
TO,CR,visa_free,30,,
TO,CU,evisa,,,
TO,CV,visa_required,,,
TO,CY,visa_free,90,,
TO,CZ,visa_free,90,,
TO,DE,visa_free,90,,
TO,DJ,visa_on_arrival,,,
TO,DK,visa_free,90,,
TO,DM,visa_free,180,,
TO,DO,visa_free,30,,
TO,DZ,visa_required,,,
TO,EC,visa_free,90,,
TO,EE,visa_free,90,,
TO,EG,visa_on_arrival,,,
TO,ER,visa_required,,,
TO,ES,visa_free,90,,
TO,ET,evisa,,,
TO,FI,visa_free,90,,
TO,FJ,visa_free,120,,
TO,FM,visa_free,30,,
TO,FR,visa_free,90,,
TO,GA,evisa,,,
TO,GB,eta,,,
TO,GD,visa_free,90,,
TO,GE,evisa,,,
TO,GH,visa_required,,,
TO,GM,visa_free,90,,
TO,GN,evisa,,,
TO,GQ,evisa,,,
TO,GR,visa_free,90,,
TO,GT,visa_required,,,
TO,GW,visa_on_arrival,,,
TO,GY,evisa,,,
TO,HN,visa_required,,,
TO,HR,visa_free,90,,
TO,HT,visa_free,90,,
TO,HU,visa_free,90,,
TO,ID,evisa,,,
TO,IE,visa_free,90,,
TO,IL,eta,,,
TO,IN,evisa,,,
TO,IQ,evisa,,,
TO,IR,visa_on_arrival,,,
TO,IS,visa_free,90,,
TO,IT,visa_free,90,,
TO,JM,visa_free,,,
TO,JO,visa_on_arrival,,,
TO,JP,visa_required,,,
TO,KE,visa_free,90,,
TO,KG,evisa,,,
TO,KH,visa_on_arrival,,,
TO,KI,visa_free,90,,
TO,KM,visa_on_arrival,,,
TO,KN,eta,,,
TO,KP,visa_required,,,
TO,KR,visa_free,30,,
TO,KW,visa_required,,,
TO,KZ,evisa,,,
TO,LA,visa_required,,,
TO,LB,visa_required,,,
TO,LC,visa_free,42,,
TO,LI,visa_free,90,,
TO,LK,eta,,,
TO,LR,evisa,,,
TO,LS,visa_free,90,,
TO,LT,visa_free,90,,
TO,LU,visa_free,90,,
TO,LV,visa_free,90,,
TO,LY,evisa,,,
TO,MA,visa_required,,,
TO,MC,visa_free,90,,
TO,MD,visa_free,90,,
TO,ME,visa_free,90,,
TO,MG,visa_on_arrival,,,
TO,MH,visa_on_arrival,,,
TO,MK,visa_required,,,
TO,ML,visa_required,,,
TO,MM,visa_required,,,
TO,MN,evisa,,,
TO,MR,evisa,,,
TO,MT,visa_free,90,,
TO,MU,visa_free,90,,
TO,MV,visa_on_arrival,,,
TO,MW,evisa,,,
TO,MX,visa_required,,,
TO,MY,visa_free,30,,
TO,MZ,visa_on_arrival,,,
TO,NA,visa_on_arrival,,,
TO,NE,visa_required,,,
TO,NG,evisa,,,
TO,NI,visa_on_arrival,,,
TO,NL,visa_free,90,,
TO,NO,visa_free,90,,
TO,NP,visa_on_arrival,,,
TO,NR,visa_on_arrival,,,
TO,NZ,visa_required,,,
TO,OM,evisa,,,
TO,PA,visa_free,90,,
TO,PE,visa_free,180,,
TO,PG,visa_on_arrival,,,
TO,PH,visa_required,,,
TO,PK,evisa,,,
TO,PL,visa_free,90,,
TO,PS,visa_free,,,
TO,PT,visa_free,90,,
TO,PW,visa_on_arrival,,,
TO,PY,visa_required,,,
TO,QA,evisa,,,
TO,RO,visa_free,90,,
TO,RS,visa_required,,,
TO,RU,evisa,,,
TO,RW,visa_free,30,,
TO,SA,evisa,,,
TO,SB,visa_on_arrival,,,
TO,SC,visa_free,90,,
TO,SD,visa_required,,,
TO,SE,visa_free,90,,
TO,SG,visa_free,30,,
TO,SI,visa_free,90,,
TO,SK,visa_free,90,,
TO,SL,visa_on_arrival,,,
TO,SM,visa_free,90,,
TO,SN,visa_required,,,
TO,SO,evisa,,,
TO,SR,eta,,,
TO,SS,evisa,,,
TO,ST,evisa,,,
TO,SV,evisa,,,
TO,SY,evisa,,,
TO,SZ,visa_free,30,,
TO,TD,evisa,,,
TO,TG,evisa,,,
TO,TH,visa_free,60,,
TO,TJ,visa_required,,,
TO,TL,visa_on_arrival,,,
TO,TM,visa_required,,,
TO,TN,visa_required,,,
TO,TR,visa_required,,,
TO,TT,visa_free,,,
TO,TV,visa_on_arrival,,,
TO,TW,visa_required,,,
TO,TZ,visa_free,90,,
TO,UA,visa_required,,,
TO,UG,visa_free,90,,
TO,US,visa_required,,,
TO,UY,visa_required,,,
TO,UZ,evisa,,,
TO,VA,visa_free,90,,
TO,VC,visa_free,90,,
TO,VE,visa_required,,,
TO,VN,evisa,,,
TO,VU,visa_free,120,,
TO,WS,visa_on_arrival,,,
TO,XK,visa_free,90,,
TO,YE,visa_required,,,
TO,ZA,visa_required,,,
TO,ZM,visa_free,90,,
TO,ZW,visa_free,90,,
TR,AD,visa_required,,,
TR,AE,evisa,,,https://www.mfa.gov.tr/visa-information-for-foreigners.en.mfa
TR,AF,visa_required,,,
TR,AG,visa_free,180,,
TR,AL,visa_free,,,
TR,AM,visa_on_arrival,,,
TR,AO,visa_free,30,,
TR,AR,visa_free,90,,
TR,AT,visa_required,,,
TR,AU,evisa,,,
TR,AZ,visa_free,90,,
TR,BA,visa_free,90,,
TR,BB,visa_free,180,,
TR,BD,visa_on_arrival,,,
TR,BE,visa_required,,,
TR,BF,evisa,,,
TR,BG,visa_required,,,
TR,BH,evisa,,,
TR,BI,visa_on_arrival,,,
TR,BJ,evisa,,,
TR,BN,visa_free,30,,
TR,BO,visa_free,90,,
TR,BR,visa_free,90,,
TR,BS,visa_free,240,,
TR,BT,evisa,,,
TR,BW,visa_free,90,,
TR,BY,visa_free,30,,
TR,BZ,visa_free,90,,
TR,CA,visa_required,,,
TR,CD,evisa,,,
TR,CF,visa_required,,,
TR,CG,visa_required,,,
TR,CH,visa_required,,,
TR,CI,eta,,,
TR,CL,visa_free,90,,
TR,CM,evisa,,,
TR,CN,visa_required,,,
TR,CO,visa_free,90,,
TR,CR,visa_free,30,,
TR,CU,evisa,,,
TR,CV,visa_required,,2026-07-15,https://ease.gov.cv/
TR,CY,visa_required,,,
TR,CZ,visa_required,,,
TR,DE,visa_required,,,
TR,DJ,evisa,,2026-07-15,https://www.evisa.gouv.dj/
TR,DK,visa_required,,,
TR,DM,visa_free,21,,
TR,DO,visa_free,30,,
TR,DZ,visa_required,,,
TR,EC,visa_free,90,,
TR,EE,visa_required,,,
TR,EG,visa_on_arrival,,,
TR,ER,visa_required,,,
TR,ES,visa_required,,,
TR,ET,visa_on_arrival,,,
TR,FI,visa_required,,,
TR,FJ,visa_free,120,,
TR,FM,visa_free,30,,
TR,FR,visa_required,,,
TR,GA,evisa,,,
TR,GB,visa_required,,,
TR,GD,visa_required,,,
TR,GE,visa_free,365,,
TR,GH,visa_required,,,
TR,GM,visa_free,90,,
TR,GN,evisa,,,
TR,GQ,visa_free,90,,
TR,GR,visa_required,,,
TR,GT,visa_free,90,,
TR,GW,visa_on_arrival,,,
TR,GY,evisa,,,
TR,HN,visa_free,90,,
TR,HR,visa_required,,,
TR,HT,visa_free,90,,
TR,HU,visa_required,,,
TR,ID,visa_free,30,,https://jdih.kemenimipas.go.id/
TR,IE,visa_required,,,
TR,IL,evisa,,,
TR,IN,visa_required,,,
TR,IQ,evisa,,,
TR,IR,visa_free,90,,
TR,IS,visa_required,,,
TR,IT,visa_required,,,
TR,JM,visa_free,90,,
TR,JO,visa_free,90,,
TR,JP,visa_free,90,,
TR,KE,eta,,,
TR,KG,visa_free,90,,
TR,KH,visa_on_arrival,,,
TR,KI,visa_required,,,
TR,KM,visa_on_arrival,,,
TR,KN,eta,,,
TR,KP,visa_required,,,
TR,KR,eta,,,
TR,KW,visa_on_arrival,,,
TR,KZ,visa_free,90,,
TR,LA,visa_on_arrival,,,
TR,LB,visa_on_arrival,,,
TR,LC,visa_free,42,,
TR,LI,visa_required,,,
TR,LK,eta,,,https://www.immigration.gov.lk/pages_e.php?id=14
TR,LR,evisa,,,
TR,LS,visa_required,,,
TR,LT,visa_required,,,
TR,LU,visa_required,,,
TR,LV,visa_required,,,
TR,LY,evisa,,,
TR,MA,visa_free,90,,
TR,MC,visa_required,,,
TR,MD,visa_free,90,,
TR,ME,visa_free,30,2026-08-08,https://www.aa.com.tr/en/europe/montenegro-reintroduces-visa-free-regime-for-turkish-citizens-stay-limited-to-30-days/3778827
TR,MG,visa_on_arrival,,,
TR,MH,visa_on_arrival,,,
TR,MK,visa_free,90,,
TR,ML,visa_required,,,
TR,MM,evisa,,,
TR,MN,visa_free,30,,
TR,MR,evisa,,,
TR,MT,visa_required,,,
TR,MU,visa_free,90,,
TR,MV,visa_on_arrival,,,
TR,MW,evisa,,,
TR,MX,eta,,,
TR,MY,visa_free,90,,
TR,MZ,visa_on_arrival,,,
TR,NA,visa_on_arrival,,,
TR,NE,visa_required,,,
TR,NG,evisa,,,
TR,NI,visa_free,90,,
TR,NL,visa_required,,,
TR,NO,visa_required,,,
TR,NP,visa_on_arrival,,,
TR,NR,visa_required,,,
TR,NZ,visa_required,,,
TR,OM,visa_free,30,,
TR,PA,visa_free,90,,
TR,PE,visa_free,180,,
TR,PG,evisa,,,
TR,PH,visa_free,30,,
TR,PK,evisa,,,
TR,PL,visa_required,,,
TR,PS,visa_free,,,
TR,PT,visa_required,,,
TR,PW,visa_on_arrival,,,
TR,PY,visa_free,90,,
TR,QA,visa_on_arrival,,,
TR,RO,visa_required,,,
TR,RS,visa_free,90,,
TR,RU,evisa,,,https://evisa.kdmid.ru/
TR,RW,visa_on_arrival,,,
TR,SA,visa_on_arrival,,,
TR,SB,visa_required,,,
TR,SC,visa_free,90,,
TR,SD,visa_on_arrival,,,
TR,SE,visa_required,,,
TR,SG,visa_free,30,,
TR,SI,visa_required,,,
TR,SK,visa_required,,,
TR,SL,visa_on_arrival,,,
TR,SM,visa_required,,,
TR,SN,visa_on_arrival,,,
TR,SO,evisa,,,
TR,SR,eta,,,
TR,SS,evisa,,,
TR,ST,visa_free,15,,
TR,SV,visa_free,180,,
TR,SY,visa_free,90,,
TR,SZ,visa_free,30,,
TR,TD,evisa,,,
TR,TG,evisa,,,
TR,TH,visa_free,60,,
TR,TJ,visa_required,,,
TR,TL,visa_on_arrival,,,
TR,TM,visa_required,,,
TR,TN,visa_free,90,,
TR,TO,visa_on_arrival,,,
TR,TT,visa_free,90,,
TR,TV,visa_on_arrival,,,
TR,TW,visa_on_arrival,,,
TR,TZ,visa_on_arrival,,,
TR,UA,visa_free,90,,
TR,UG,evisa,,,
TR,US,visa_required,,,
TR,UY,visa_free,90,,
TR,UZ,visa_free,30,,
TR,VA,visa_required,,,
TR,VC,visa_free,90,,
TR,VE,visa_free,90,,
TR,VN,evisa,,,
TR,VU,visa_free,120,,
TR,WS,visa_on_arrival,,,
TR,XK,visa_free,90,,
TR,YE,visa_required,,,
TR,ZA,visa_free,30,,
TR,ZM,visa_free,90,,
TR,ZW,visa_on_arrival,,,
TT,AD,visa_free,90,,
TT,AE,evisa,,,
TT,AF,visa_required,,,
TT,AG,visa_free,180,,
TT,AL,visa_free,90,,
TT,AM,evisa,,,
TT,AO,visa_free,30,,
TT,AR,visa_free,90,,
TT,AT,visa_free,90,,
TT,AU,evisa,,,
TT,AZ,evisa,,,
TT,BA,visa_free,90,,
TT,BB,visa_free,180,,
TT,BD,visa_on_arrival,,,
TT,BE,visa_free,90,,
TT,BF,evisa,,,
TT,BG,visa_free,90,,
TT,BH,evisa,,,
TT,BI,visa_on_arrival,,,
TT,BJ,evisa,,,
TT,BN,visa_required,,,
TT,BO,evisa,,,
TT,BR,visa_free,90,,
TT,BS,visa_free,90,,
TT,BT,evisa,,,
TT,BW,visa_free,90,,
TT,BY,visa_required,,,
TT,BZ,visa_free,,,
TT,CA,visa_required,,,
TT,CD,evisa,,,
TT,CF,visa_required,,,
TT,CG,visa_required,,,
TT,CH,visa_free,90,,
TT,CI,eta,,,
TT,CL,visa_free,90,,
TT,CM,evisa,,,
TT,CN,visa_required,,,
TT,CO,visa_free,90,,
TT,CR,visa_free,180,,
TT,CU,evisa,,,
TT,CV,visa_required,,,
TT,CY,visa_free,90,,
TT,CZ,visa_free,90,,
TT,DE,visa_free,90,,
TT,DJ,visa_on_arrival,,,
TT,DK,visa_free,90,,
TT,DM,visa_free,180,,
TT,DO,visa_free,30,,
TT,DZ,visa_required,,,
TT,EC,visa_free,90,,
TT,EE,visa_free,90,,
TT,EG,visa_on_arrival,,,
TT,ER,visa_required,,,
TT,ES,visa_free,90,,
TT,ET,evisa,,,
TT,FI,visa_free,90,,
TT,FJ,visa_free,120,,
TT,FM,visa_free,30,,
TT,FR,visa_free,90,,
TT,GA,evisa,,,
TT,GB,visa_required,,,
TT,GD,visa_free,90,,
TT,GE,evisa,,,
TT,GH,visa_free,60,,
TT,GM,visa_free,90,,
TT,GN,evisa,,,
TT,GQ,evisa,,,
TT,GR,visa_free,90,,
TT,GT,visa_free,90,,
TT,GW,visa_on_arrival,,,
TT,GY,visa_free,180,,
TT,HN,visa_free,90,,
TT,HR,visa_free,90,,
TT,HT,visa_free,90,,
TT,HU,visa_free,90,,
TT,ID,evisa,,,
TT,IE,visa_required,,,
TT,IL,eta,,,
TT,IN,evisa,,,
TT,IQ,evisa,,,
TT,IR,visa_on_arrival,,,
TT,IS,visa_free,90,,
TT,IT,visa_free,90,,
TT,JM,visa_free,,,
TT,JO,visa_on_arrival,,,
TT,JP,visa_required,,,
TT,KE,visa_free,90,,
TT,KG,evisa,,,
TT,KH,visa_on_arrival,,,
TT,KI,visa_free,90,,
TT,KM,visa_on_arrival,,,
TT,KN,eta,,,
TT,KP,visa_required,,,
TT,KR,eta,,,
TT,KW,visa_required,,,
TT,KZ,evisa,,,
TT,LA,visa_on_arrival,,,
TT,LB,visa_required,,,
TT,LC,visa_free,42,,
TT,LI,visa_free,90,,
TT,LK,eta,,,
TT,LR,evisa,,,
TT,LS,visa_free,90,,
TT,LT,visa_free,90,,
TT,LU,visa_free,90,,
TT,LV,visa_free,90,,
TT,LY,evisa,,,
TT,MA,visa_required,,,
TT,MC,visa_free,90,,
TT,MD,visa_free,90,,
TT,ME,visa_free,90,,
TT,MG,visa_on_arrival,,,
TT,MH,visa_required,,,
TT,MK,visa_required,,,
TT,ML,visa_required,,,
TT,MM,visa_required,,,
TT,MN,evisa,,,
TT,MR,evisa,,,
TT,MT,visa_free,90,,
TT,MU,visa_free,90,,
TT,MV,visa_on_arrival,,,
TT,MW,visa_free,90,,
TT,MX,visa_free,180,,
TT,MY,visa_free,30,,
TT,MZ,visa_on_arrival,,,
TT,NA,visa_on_arrival,,,
TT,NE,visa_required,,,
TT,NG,evisa,,,
TT,NI,visa_free,90,,
TT,NL,visa_free,90,,
TT,NO,visa_free,90,,
TT,NP,visa_on_arrival,,,
TT,NR,visa_required,,,
TT,NZ,visa_required,,,
TT,OM,evisa,,,
TT,PA,visa_free,90,,
TT,PE,visa_free,180,,
TT,PG,eta,,,
TT,PH,visa_free,30,,
TT,PK,evisa,,,
TT,PL,visa_free,90,,
TT,PS,visa_free,,,
TT,PT,visa_free,90,,
TT,PW,visa_on_arrival,,,
TT,PY,visa_free,90,,
TT,QA,evisa,,,
TT,RO,visa_free,90,,
TT,RS,visa_free,90,,
TT,RU,evisa,,,
TT,RW,visa_free,30,,
TT,SA,evisa,,,
TT,SB,visa_on_arrival,,,
TT,SC,visa_free,90,,
TT,SD,visa_required,,,
TT,SE,visa_free,90,,
TT,SG,visa_free,30,,
TT,SI,visa_free,90,,
TT,SK,visa_free,90,,
TT,SL,visa_on_arrival,,,
TT,SM,visa_free,90,,
TT,SN,visa_on_arrival,,,
TT,SO,evisa,,,
TT,SR,visa_free,180,,
TT,SS,evisa,,,
TT,ST,evisa,,,
TT,SV,visa_free,180,,
TT,SY,evisa,,,
TT,SZ,visa_free,30,,
TT,TD,evisa,,,
TT,TG,evisa,,,
TT,TH,visa_free,60,,
TT,TJ,evisa,,,
TT,TL,visa_on_arrival,,,
TT,TM,visa_required,,,
TT,TN,visa_required,,,
TT,TO,visa_required,,,
TT,TR,visa_free,90,,
TT,TV,visa_on_arrival,,,
TT,TW,visa_required,,,
TT,TZ,visa_free,90,,
TT,UA,evisa,,,
TT,UG,visa_free,90,,
TT,US,visa_required,,,
TT,UY,visa_free,90,,
TT,UZ,visa_free,30,,
TT,VA,visa_free,90,,
TT,VC,visa_free,180,,
TT,VE,visa_free,90,,
TT,VN,evisa,,,
TT,VU,visa_free,120,,
TT,WS,visa_on_arrival,,,
TT,XK,visa_free,90,,
TT,YE,visa_required,,,
TT,ZA,visa_free,90,,
TT,ZM,visa_free,90,,
TT,ZW,visa_free,90,,
TV,AD,visa_free,90,,
TV,AE,evisa,,,
TV,AF,visa_required,,,
TV,AG,visa_free,180,,
TV,AL,evisa,,,
TV,AM,evisa,,,
TV,AO,visa_free,30,,
TV,AR,visa_required,,,
TV,AT,visa_free,90,,
TV,AU,evisa,,,
TV,AZ,visa_required,,,
TV,BA,visa_free,90,,
TV,BB,visa_free,180,,
TV,BD,visa_on_arrival,,,
TV,BE,visa_free,90,,
TV,BF,evisa,,,
TV,BG,visa_free,90,,
TV,BH,evisa,,,
TV,BI,visa_on_arrival,,,
TV,BJ,evisa,,,
TV,BN,visa_required,,,
TV,BO,evisa,,,
TV,BR,visa_required,,,
TV,BS,visa_free,90,,
TV,BT,evisa,,,
TV,BW,visa_free,90,,
TV,BY,visa_required,,,
TV,BZ,visa_free,,,
TV,CA,visa_required,,,
TV,CD,evisa,,,
TV,CF,visa_required,,,
TV,CG,visa_required,,,
TV,CH,visa_free,90,,
TV,CI,eta,,,
TV,CL,visa_required,,,
TV,CM,evisa,,,
TV,CN,visa_required,,,
TV,CO,evisa,,,
TV,CR,visa_free,30,,
TV,CU,evisa,,,
TV,CV,visa_required,,,
TV,CY,visa_free,90,,
TV,CZ,visa_free,90,,
TV,DE,visa_free,90,,
TV,DJ,visa_on_arrival,,,
TV,DK,visa_free,90,,
TV,DM,visa_free,180,,
TV,DO,visa_free,30,,
TV,DZ,visa_required,,,
TV,EC,visa_free,90,,
TV,EE,visa_free,90,,
TV,EG,visa_on_arrival,,,
TV,ER,visa_required,,,
TV,ES,visa_free,90,,
TV,ET,evisa,,,
TV,FI,visa_free,90,,
TV,FJ,visa_free,120,,
TV,FM,visa_free,30,,
TV,FR,visa_free,90,,
TV,GA,evisa,,,
TV,GB,eta,,,
TV,GD,visa_free,90,,
TV,GE,evisa,,,
TV,GH,visa_required,,,
TV,GM,visa_free,90,,
TV,GN,evisa,,,
TV,GQ,evisa,,,
TV,GR,visa_free,90,,
TV,GT,visa_free,90,,
TV,GW,visa_on_arrival,,,
TV,GY,evisa,,,
TV,HN,visa_free,90,,
TV,HR,visa_free,90,,
TV,HT,visa_free,90,,
TV,HU,visa_free,90,,
TV,ID,evisa,,,
TV,IE,visa_free,90,,
TV,IL,evisa,,,
TV,IN,evisa,,,
TV,IQ,evisa,,,
TV,IR,visa_on_arrival,,,
TV,IS,visa_free,90,,
TV,IT,visa_free,90,,
TV,JM,visa_free,,,
TV,JO,visa_on_arrival,,,
TV,JP,visa_required,,,
TV,KE,visa_free,90,,
TV,KG,evisa,,,
TV,KH,visa_on_arrival,,,
TV,KI,visa_free,90,,
TV,KM,visa_on_arrival,,,
TV,KN,eta,,,
TV,KP,visa_required,,,
TV,KR,visa_free,30,,
TV,KW,visa_required,,,
TV,KZ,evisa,,,
TV,LA,visa_on_arrival,,,
TV,LB,visa_required,,,
TV,LC,visa_free,42,,
TV,LI,visa_free,90,,
TV,LK,eta,,,
TV,LR,evisa,,,
TV,LS,visa_free,90,,
TV,LT,visa_free,90,,
TV,LU,visa_free,90,,
TV,LV,visa_free,90,,
TV,LY,evisa,,,
TV,MA,visa_required,,,
TV,MC,visa_free,90,,
TV,MD,visa_free,90,,
TV,ME,visa_free,90,,
TV,MG,visa_on_arrival,,,
TV,MH,visa_on_arrival,,,
TV,MK,visa_required,,,
TV,ML,visa_required,,,
TV,MM,visa_required,,,
TV,MN,evisa,,,
TV,MR,evisa,,,
TV,MT,visa_free,90,,
TV,MU,visa_free,90,,
TV,MV,visa_on_arrival,,,
TV,MW,evisa,,,
TV,MX,visa_required,,,
TV,MY,visa_free,30,,
TV,MZ,visa_on_arrival,,,
TV,NA,evisa,,,
TV,NE,visa_required,,,
TV,NG,evisa,,,
TV,NI,visa_free,90,,
TV,NL,visa_free,90,,
TV,NO,visa_free,90,,
TV,NP,visa_on_arrival,,,
TV,NR,visa_on_arrival,,,
TV,NZ,visa_required,,,
TV,OM,evisa,,,
TV,PA,visa_free,90,,
TV,PE,visa_free,180,,
TV,PG,visa_on_arrival,,,
TV,PH,visa_free,30,,
TV,PK,evisa,,,
TV,PL,visa_free,90,,
TV,PS,visa_free,,,
TV,PT,visa_free,90,,
TV,PW,visa_on_arrival,,,
TV,PY,visa_required,,,
TV,QA,evisa,,,
TV,RO,visa_free,90,,
TV,RS,visa_free,90,,
TV,RU,visa_required,,,
TV,RW,evisa,,,
TV,SA,evisa,,,
TV,SB,visa_on_arrival,,,
TV,SC,visa_free,90,,
TV,SD,visa_required,,,
TV,SE,visa_free,90,,
TV,SG,visa_free,30,,
TV,SI,visa_free,90,,
TV,SK,visa_free,90,,
TV,SL,visa_on_arrival,,,
TV,SM,visa_free,90,,
TV,SN,visa_on_arrival,,,
TV,SO,evisa,,,
TV,SR,eta,,,
TV,SS,evisa,,,
TV,ST,evisa,,,
TV,SV,visa_free,180,,
TV,SY,evisa,,,
TV,SZ,visa_free,30,,
TV,TD,evisa,,,
TV,TG,evisa,,,
TV,TH,evisa,,,
TV,TJ,visa_required,,,
TV,TL,visa_on_arrival,,,
TV,TM,visa_required,,,
TV,TN,visa_required,,,
TV,TO,visa_on_arrival,,,
TV,TR,visa_required,,,
TV,TT,visa_free,,,
TV,TW,visa_free,90,,
TV,TZ,visa_free,90,,
TV,UA,evisa,,,
TV,UG,evisa,,,
TV,US,visa_required,,,
TV,UY,visa_required,,,
TV,UZ,visa_required,,,
TV,VA,visa_free,90,,
TV,VC,visa_free,90,,
TV,VE,visa_required,,,
TV,VN,evisa,,,
TV,VU,visa_free,120,,
TV,WS,visa_on_arrival,,,
TV,XK,visa_free,90,,
TV,YE,visa_required,,,
TV,ZA,visa_required,,,
TV,ZM,visa_free,90,,
TV,ZW,visa_free,90,,
TW,AD,visa_free,90,,
TW,AE,evisa,,,
TW,AF,visa_required,,,
TW,AG,visa_free,30,,
TW,AL,visa_free,90,,
TW,AM,evisa,,,
TW,AO,visa_required,,,
TW,AR,visa_required,,,
TW,AT,visa_free,90,,
TW,AU,eta,,,
TW,AZ,visa_required,,,
TW,BA,visa_free,90,,
TW,BB,visa_required,,,
TW,BD,visa_required,,,
TW,BE,visa_free,90,,
TW,BF,evisa,,,
TW,BG,visa_free,90,,
TW,BH,evisa,,,
TW,BI,visa_on_arrival,,,
TW,BJ,evisa,,,
TW,BN,visa_free,14,,
TW,BO,evisa,,,
TW,BR,visa_required,,,
TW,BS,evisa,,,
TW,BT,evisa,,,
TW,BW,evisa,,,
TW,BY,visa_required,,,
TW,BZ,visa_free,90,,
TW,CA,eta,,,
TW,CD,evisa,,,
TW,CF,visa_required,,,
TW,CG,visa_required,,,
TW,CH,visa_free,90,,
TW,CI,eta,,,
TW,CL,visa_free,90,,
TW,CM,evisa,,,
TW,CN,visa_free,,,
TW,CO,evisa,,,
TW,CR,visa_free,30,,
TW,CU,no_admission,,,
TW,CV,visa_required,,,
TW,CY,visa_free,90,,
TW,CZ,visa_free,90,,
TW,DE,visa_free,90,,
TW,DJ,visa_on_arrival,,,
TW,DK,visa_free,90,,
TW,DM,visa_free,180,,
TW,DO,visa_free,30,,
TW,DZ,visa_required,,,
TW,EC,evisa,,,
TW,EE,visa_free,90,,
TW,EG,visa_on_arrival,,,
TW,ER,visa_required,,,
TW,ES,visa_free,90,,
TW,ET,visa_on_arrival,,,
TW,FI,visa_free,90,,
TW,FJ,visa_free,120,,
TW,FM,visa_free,30,,
TW,FR,visa_free,90,,
TW,GA,evisa,,,
TW,GB,eta,,,
TW,GD,visa_required,,,
TW,GE,no_admission,,,
TW,GH,visa_required,,,
TW,GM,visa_required,,,
TW,GN,evisa,,,
TW,GQ,evisa,,,
TW,GR,visa_free,90,,
TW,GT,visa_free,90,,
TW,GW,visa_on_arrival,,,
TW,GY,evisa,,,
TW,HN,visa_free,90,,
TW,HR,visa_free,90,,
TW,HT,visa_free,90,,
TW,HU,visa_free,90,,
TW,ID,visa_on_arrival,,,
TW,IE,visa_free,90,,
TW,IL,eta,,,
TW,IN,evisa,,,
TW,IQ,evisa,,,
TW,IR,visa_on_arrival,,,
TW,IS,visa_free,90,,
TW,IT,visa_free,90,,
TW,JM,visa_required,,,
TW,JO,visa_on_arrival,,,
TW,JP,visa_free,90,,
TW,KE,eta,,,
TW,KG,evisa,,,
TW,KH,visa_on_arrival,,,
TW,KI,visa_required,,,
TW,KM,visa_on_arrival,,,
TW,KN,eta,,,
TW,KP,visa_required,,,
TW,KR,visa_free,90,,
TW,KW,visa_required,,,
TW,KZ,evisa,,,
TW,LA,visa_on_arrival,,,
TW,LB,visa_required,,,
TW,LC,visa_free,42,,
TW,LI,visa_free,90,,
TW,LK,eta,,,
TW,LR,evisa,,,
TW,LS,visa_required,,,
TW,LT,visa_free,90,,
TW,LU,visa_free,90,,
TW,LV,visa_free,90,,
TW,LY,evisa,,,
TW,MA,visa_required,,,
TW,MC,visa_free,90,,
TW,MD,no_admission,,,
TW,ME,visa_free,90,,
TW,MG,visa_on_arrival,,,
TW,MH,visa_free,90,,
TW,MK,visa_free,90,,
TW,ML,visa_required,,,
TW,MM,evisa,,,
TW,MN,evisa,,,
TW,MR,evisa,,,
TW,MT,visa_free,90,,
TW,MU,visa_on_arrival,,,
TW,MV,visa_on_arrival,,,
TW,MW,evisa,,,
TW,MX,visa_required,,,
TW,MY,visa_free,30,,
TW,MZ,visa_on_arrival,,,
TW,NA,evisa,,,
TW,NE,visa_required,,,
TW,NG,evisa,,,
TW,NI,visa_free,90,,
TW,NL,visa_free,90,,
TW,NO,visa_free,90,,
TW,NP,visa_on_arrival,,,
TW,NR,visa_on_arrival,,,
TW,NZ,eta,,,
TW,OM,visa_on_arrival,,,
TW,PA,visa_free,90,,
TW,PE,visa_free,180,,
TW,PG,eta,,,
TW,PH,visa_free,14,,
TW,PK,visa_required,,,
TW,PL,visa_free,90,,
TW,PS,visa_free,,,
TW,PT,visa_free,90,,
TW,PW,visa_free,90,,
TW,PY,visa_free,90,,
TW,QA,visa_on_arrival,,,
TW,RO,visa_free,90,,
TW,RS,visa_required,,,
TW,RU,evisa,,,
TW,RW,visa_on_arrival,,,
TW,SA,visa_on_arrival,,,
TW,SB,visa_on_arrival,,,
TW,SC,visa_free,90,,
TW,SD,visa_required,,,
TW,SE,visa_free,90,,
TW,SG,visa_free,30,,
TW,SI,visa_free,90,,
TW,SK,visa_free,90,,
TW,SL,evisa,,,
TW,SM,visa_free,90,,
TW,SN,visa_required,,,
TW,SO,evisa,,,
TW,SR,eta,,,
TW,SS,evisa,,,
TW,ST,evisa,,,
TW,SV,evisa,,,
TW,SY,evisa,,,
TW,SZ,visa_free,30,,
TW,TD,evisa,,,
TW,TG,evisa,,,
TW,TH,visa_free,60,,
TW,TJ,evisa,,,
TW,TL,visa_on_arrival,,,
TW,TM,visa_required,,,
TW,TN,visa_required,,,
TW,TO,visa_required,,,
TW,TR,evisa,,,
TW,TT,visa_required,,,
TW,TV,visa_free,90,,
TW,TZ,visa_on_arrival,,,
TW,UA,evisa,,,
TW,UG,evisa,,,
TW,US,eta,,,
TW,UY,visa_required,,,
TW,UZ,visa_required,,,
TW,VA,visa_free,90,,
TW,VC,visa_free,90,,
TW,VE,visa_required,,,
TW,VN,evisa,,,
TW,VU,visa_free,120,,
TW,WS,visa_on_arrival,,,
TW,XK,visa_free,90,,
TW,YE,visa_required,,,
TW,ZA,visa_required,,,
TW,ZM,evisa,,,
TW,ZW,evisa,,,
TZ,AD,visa_required,,,
TZ,AE,evisa,,,
TZ,AF,visa_required,,,
TZ,AG,visa_free,180,,
TZ,AL,evisa,,,
TZ,AM,visa_required,,,
TZ,AO,visa_free,30,,
TZ,AR,visa_required,,,
TZ,AT,visa_required,,,
TZ,AU,evisa,,,
TZ,AZ,visa_required,,,
TZ,BA,visa_required,,,
TZ,BB,visa_free,180,,
TZ,BD,visa_free,90,,
TZ,BE,visa_required,,,
TZ,BF,evisa,,,
TZ,BG,visa_required,,,
TZ,BH,evisa,,,
TZ,BI,visa_free,90,,
TZ,BJ,visa_free,90,,
TZ,BN,visa_required,,,
TZ,BO,evisa,,,
TZ,BR,visa_required,,,
TZ,BS,visa_free,90,,
TZ,BT,evisa,,,
TZ,BW,visa_free,90,,
TZ,BY,visa_required,,,
TZ,BZ,visa_free,,,
TZ,CA,visa_required,,,
TZ,CD,visa_on_arrival,,,
TZ,CF,visa_required,,,
TZ,CG,visa_required,,,
TZ,CH,visa_required,,,
TZ,CI,eta,,,
TZ,CL,visa_required,,,
TZ,CM,evisa,,,
TZ,CN,visa_required,,,
TZ,CO,evisa,,,
TZ,CR,visa_required,,,
TZ,CU,evisa,,,
TZ,CV,visa_required,,,
TZ,CY,visa_required,,,
TZ,CZ,visa_required,,,
TZ,DE,visa_required,,,
TZ,DJ,visa_on_arrival,,,
TZ,DK,visa_required,,,
TZ,DM,visa_free,180,,
TZ,DO,visa_required,,,
TZ,DZ,visa_required,,,
TZ,EC,visa_free,90,,
TZ,EE,visa_required,,,
TZ,EG,visa_required,,,
TZ,ER,visa_required,,,
TZ,ES,visa_required,,,
TZ,ET,visa_on_arrival,,,
TZ,FI,visa_required,,,
TZ,FJ,visa_free,120,,
TZ,FM,visa_free,30,,
TZ,FR,visa_required,,,
TZ,GA,evisa,,,
TZ,GB,visa_required,,,
TZ,GD,visa_free,90,,
TZ,GE,visa_required,,,
TZ,GH,visa_free,90,,
TZ,GM,visa_free,90,,
TZ,GN,evisa,,,
TZ,GQ,evisa,,,
TZ,GR,visa_required,,,
TZ,GT,visa_required,,,
TZ,GW,visa_on_arrival,,,
TZ,GY,evisa,,,
TZ,HN,visa_required,,,
TZ,HR,visa_required,,,
TZ,HT,visa_free,90,,
TZ,HU,visa_required,,,
TZ,ID,visa_on_arrival,,,
TZ,IE,visa_required,,,
TZ,IL,evisa,,,
TZ,IN,evisa,,,
TZ,IQ,evisa,,,
TZ,IR,visa_free,15,,
TZ,IS,visa_required,,,
TZ,IT,visa_required,,,
TZ,JM,visa_free,,,
TZ,JO,visa_required,,,
TZ,JP,visa_required,,,
TZ,KE,visa_free,180,,
TZ,KG,evisa,,,
TZ,KH,visa_on_arrival,,,
TZ,KI,visa_free,90,,
TZ,KM,visa_on_arrival,,,
TZ,KN,eta,,,
TZ,KP,visa_required,,,
TZ,KR,evisa,,,
TZ,KW,visa_required,,,
TZ,KZ,evisa,,,
TZ,LA,visa_on_arrival,,,
TZ,LB,visa_required,,,
TZ,LC,visa_free,42,,
TZ,LI,visa_required,,,
TZ,LK,eta,,,
TZ,LR,evisa,,,
TZ,LS,visa_free,90,,
TZ,LT,visa_required,,,
TZ,LU,visa_required,,,
TZ,LV,visa_required,,,
TZ,LY,evisa,,,
TZ,MA,visa_required,,,
TZ,MC,visa_required,,,
TZ,MD,evisa,,,
TZ,ME,visa_required,,,
TZ,MG,visa_on_arrival,,,
TZ,MH,visa_required,,,
TZ,MK,visa_required,,,
TZ,ML,visa_required,,,
TZ,MM,visa_required,,,
TZ,MN,evisa,,,
TZ,MR,evisa,,,
TZ,MT,visa_required,,,
TZ,MU,visa_free,90,,
TZ,MV,visa_on_arrival,,,
TZ,MW,visa_free,90,,
TZ,MX,visa_required,,,
TZ,MY,visa_free,30,,
TZ,MZ,visa_free,,,
TZ,NA,visa_free,90,,
TZ,NE,visa_required,,,
TZ,NG,evisa,,,
TZ,NI,visa_on_arrival,,,
TZ,NL,visa_required,,,
TZ,NO,visa_required,,,
TZ,NP,visa_on_arrival,,,
TZ,NR,visa_required,,,
TZ,NZ,visa_required,,,
TZ,OM,evisa,,,
TZ,PA,visa_required,,,
TZ,PE,visa_required,,,
TZ,PG,evisa,,,
TZ,PH,visa_free,30,,
TZ,PK,evisa,,,
TZ,PL,visa_required,,,
TZ,PS,visa_required,,,
TZ,PT,visa_required,,,
TZ,PW,visa_on_arrival,,,
TZ,PY,visa_required,,,
TZ,QA,evisa,,,
TZ,RO,visa_required,,,
TZ,RS,visa_required,,,
TZ,RU,visa_required,,,
TZ,RW,visa_free,180,,
TZ,SA,evisa,,,
TZ,SB,visa_required,,,
TZ,SC,visa_free,90,,
TZ,SD,visa_required,,,
TZ,SE,visa_required,,,
TZ,SG,visa_free,30,,
TZ,SI,visa_required,,,
TZ,SK,visa_required,,,
TZ,SL,visa_on_arrival,,,
TZ,SM,visa_required,,,
TZ,SN,visa_on_arrival,,,
TZ,SO,visa_on_arrival,,,
TZ,SR,eta,,,
TZ,SS,visa_free,,,
TZ,ST,evisa,,,
TZ,SV,evisa,,,
TZ,SY,evisa,,,
TZ,SZ,visa_free,30,,
TZ,TD,evisa,,,
TZ,TG,evisa,,,
TZ,TH,evisa,,,
TZ,TJ,evisa,,,
TZ,TL,visa_on_arrival,,,
TZ,TM,visa_required,,,
TZ,TN,visa_required,,,
TZ,TO,visa_required,,,
TZ,TR,visa_required,,,
TZ,TT,visa_required,,,
TZ,TV,visa_on_arrival,,,
TZ,TW,visa_required,,,
TZ,UA,visa_required,,,
TZ,UG,visa_free,90,,
TZ,US,visa_required,,,
TZ,UY,visa_required,,,
TZ,UZ,visa_required,,,
TZ,VA,visa_required,,,
TZ,VC,visa_free,90,,
TZ,VE,visa_required,,,
TZ,VN,evisa,,,
TZ,VU,visa_free,120,,
TZ,WS,visa_on_arrival,,,
TZ,XK,visa_required,,,
TZ,YE,visa_required,,,
TZ,ZA,visa_free,90,,
TZ,ZM,visa_free,90,,
TZ,ZW,visa_free,90,,
UA,AD,visa_free,90,,
UA,AE,visa_free,30,,
UA,AF,visa_required,,,
UA,AG,visa_free,180,,
UA,AL,visa_free,90,,
UA,AM,visa_free,180,,
UA,AO,visa_required,,,
UA,AR,visa_free,90,,
UA,AT,visa_free,90,,
UA,AU,evisa,,,
UA,AZ,visa_free,90,,
UA,BA,visa_free,30,,
UA,BB,visa_free,28,,
UA,BD,visa_on_arrival,,,
UA,BE,visa_free,90,,
UA,BF,evisa,,,
UA,BG,visa_free,90,,
UA,BH,visa_on_arrival,,,
UA,BI,visa_on_arrival,,,
UA,BJ,evisa,,,
UA,BN,visa_free,30,,
UA,BO,evisa,,,
UA,BR,visa_free,90,,
UA,BS,evisa,,,
UA,BT,evisa,,,
UA,BW,evisa,,,
UA,BY,visa_free,,,
UA,BZ,visa_required,,,
UA,CA,visa_required,,,
UA,CD,evisa,,,
UA,CF,visa_required,,,
UA,CG,visa_required,,,
UA,CH,visa_free,90,,
UA,CI,eta,,,
UA,CL,visa_free,90,,
UA,CM,evisa,,,
UA,CN,visa_required,,,
UA,CO,visa_free,90,,
UA,CR,visa_free,180,,
UA,CU,evisa,,,
UA,CV,visa_on_arrival,,,
UA,CY,visa_free,90,,
UA,CZ,visa_free,90,,
UA,DE,visa_free,90,,
UA,DJ,visa_on_arrival,,,
UA,DK,visa_free,90,,
UA,DM,visa_free,90,,
UA,DO,visa_free,30,,
UA,DZ,visa_required,,,
UA,EC,visa_free,90,,
UA,EE,visa_free,90,,
UA,EG,visa_on_arrival,,,
UA,ER,visa_required,,,
UA,ES,visa_free,90,,
UA,ET,visa_on_arrival,,,
UA,FI,visa_free,90,,
UA,FJ,visa_free,120,,
UA,FM,visa_free,30,,
UA,FR,visa_free,90,,
UA,GA,evisa,,,
UA,GB,visa_required,,,
UA,GD,visa_free,90,,
UA,GE,visa_free,730,2026-08-08,https://matsne.gov.ge/en/document/view/2867361
UA,GH,visa_required,,,
UA,GM,visa_required,,,
UA,GN,evisa,,,
UA,GQ,evisa,,,
UA,GR,visa_free,90,,
UA,GT,visa_free,90,,
UA,GW,visa_on_arrival,,,
UA,GY,evisa,,,
UA,HN,visa_free,90,,
UA,HR,visa_free,90,,
UA,HT,visa_free,90,,
UA,HU,visa_free,90,,
UA,ID,visa_on_arrival,,,
UA,IE,visa_free,90,,
UA,IL,eta,,,
UA,IN,evisa,,,
UA,IQ,evisa,,,
UA,IR,visa_on_arrival,,,
UA,IS,visa_free,90,,
UA,IT,visa_free,90,,
UA,JM,visa_free,30,,
UA,JO,visa_on_arrival,,,
UA,JP,visa_required,,,
UA,KE,eta,,,
UA,KG,visa_free,90,,
UA,KH,visa_on_arrival,,,
UA,KI,visa_free,90,,
UA,KM,visa_on_arrival,,,
UA,KN,eta,,,
UA,KP,visa_required,,,
UA,KR,evisa,,,
UA,KW,visa_on_arrival,,,
UA,KZ,visa_free,90,,
UA,LA,visa_on_arrival,,,
UA,LB,visa_on_arrival,,,
UA,LC,visa_required,,,
UA,LI,visa_free,90,,
UA,LK,eta,,,https://www.immigration.gov.lk/pages_e.php?id=14
UA,LR,evisa,,,
UA,LS,visa_required,,,
UA,LT,visa_free,90,,
UA,LU,visa_free,90,,
UA,LV,visa_free,90,,
UA,LY,evisa,,,
UA,MA,visa_required,,,
UA,MC,visa_free,90,,
UA,MD,visa_free,90,,
UA,ME,visa_free,90,,
UA,MG,visa_on_arrival,,,
UA,MH,visa_on_arrival,,,
UA,MK,visa_free,90,,
UA,ML,visa_required,,,
UA,MM,evisa,,,
UA,MN,visa_required,,,
UA,MR,evisa,,,
UA,MT,visa_free,90,,
UA,MU,visa_free,90,,
UA,MV,visa_on_arrival,,,
UA,MW,evisa,,,
UA,MX,eta,,,
UA,MY,visa_free,30,,
UA,MZ,visa_free,30,,
UA,NA,visa_on_arrival,,,
UA,NE,visa_required,,,
UA,NG,evisa,,,
UA,NI,visa_free,90,,
UA,NL,visa_free,90,,
UA,NO,visa_free,90,,
UA,NP,visa_on_arrival,,,
UA,NR,visa_required,,,
UA,NZ,visa_required,,,
UA,OM,visa_on_arrival,,,
UA,PA,visa_free,90,,
UA,PE,visa_free,180,,
UA,PG,evisa,,,
UA,PH,visa_required,,,
UA,PK,evisa,,,
UA,PL,visa_free,90,,
UA,PS,visa_free,,,
UA,PT,visa_free,90,,
UA,PW,visa_on_arrival,,,
UA,PY,visa_free,90,,
UA,QA,visa_on_arrival,,,
UA,RO,visa_free,90,,
UA,RS,visa_free,90,,
UA,RU,visa_free,90,,
UA,RW,visa_on_arrival,,,
UA,SA,visa_on_arrival,,,
UA,SB,visa_required,,,
UA,SC,visa_free,90,,
UA,SD,visa_required,,,
UA,SE,visa_free,90,,
UA,SG,evisa,,,
UA,SI,visa_free,90,,
UA,SK,visa_free,90,,
UA,SL,visa_on_arrival,,,
UA,SM,visa_free,90,,
UA,SN,visa_on_arrival,,,
UA,SO,evisa,,,
UA,SR,eta,,,
UA,SS,evisa,,,
UA,ST,evisa,,,
UA,SV,visa_free,180,,
UA,SY,evisa,,,
UA,SZ,visa_free,30,,
UA,TD,evisa,,,
UA,TG,evisa,,,
UA,TH,visa_free,60,,
UA,TJ,visa_free,90,,
UA,TL,visa_on_arrival,,,
UA,TM,visa_required,,,
UA,TN,visa_required,,,
UA,TO,visa_on_arrival,,,
UA,TR,visa_free,90,,
UA,TT,visa_required,,,
UA,TV,visa_on_arrival,,,
UA,TW,visa_required,,,
UA,TZ,visa_on_arrival,,,
UA,UG,evisa,,,
UA,US,visa_required,,,
UA,UY,visa_free,90,,
UA,UZ,visa_free,,,
UA,VA,visa_free,90,,
UA,VC,visa_free,90,,
UA,VE,visa_required,,,
UA,VN,evisa,,,
UA,VU,visa_free,120,,
UA,WS,visa_on_arrival,,,
UA,XK,visa_free,90,,
UA,YE,visa_required,,,
UA,ZA,visa_required,,,
UA,ZM,visa_free,90,,
UA,ZW,visa_on_arrival,,,
UG,AD,visa_required,,,
UG,AE,evisa,,,
UG,AF,visa_required,,,
UG,AG,visa_free,180,,
UG,AL,evisa,,,
UG,AM,visa_required,,,
UG,AO,visa_required,,,
UG,AR,visa_required,,,
UG,AT,visa_required,,,
UG,AU,evisa,,,
UG,AZ,visa_required,,,
UG,BA,visa_required,,,
UG,BB,visa_free,180,,
UG,BD,visa_on_arrival,,,
UG,BE,visa_required,,,
UG,BF,evisa,,,
UG,BG,visa_required,,,
UG,BH,evisa,,,
UG,BI,visa_free,90,,
UG,BJ,visa_free,90,,
UG,BN,visa_required,,,
UG,BO,evisa,,,
UG,BR,visa_required,,,
UG,BS,visa_free,90,,
UG,BT,evisa,,,
UG,BW,visa_free,90,,
UG,BY,visa_required,,,
UG,BZ,visa_free,,,
UG,CA,visa_required,,,
UG,CD,evisa,,,
UG,CF,visa_required,,,
UG,CG,visa_required,,,
UG,CH,visa_required,,,
UG,CI,eta,,,
UG,CL,visa_required,,,
UG,CM,evisa,,,
UG,CN,visa_required,,,
UG,CO,evisa,,,
UG,CR,visa_required,,,
UG,CU,evisa,,,
UG,CV,visa_required,,,
UG,CY,visa_required,,,
UG,CZ,visa_required,,,
UG,DE,visa_required,,,
UG,DJ,visa_on_arrival,,,
UG,DK,visa_required,,,
UG,DM,visa_free,180,,
UG,DO,visa_required,,,
UG,DZ,visa_required,,,
UG,EC,visa_free,90,,
UG,EE,visa_required,,,
UG,EG,visa_required,,,
UG,ER,visa_free,,,
UG,ES,visa_required,,,
UG,ET,visa_on_arrival,,,
UG,FI,visa_required,,,
UG,FJ,visa_free,120,,
UG,FM,visa_free,30,,
UG,FR,visa_required,,,
UG,GA,evisa,,,
UG,GB,visa_required,,,
UG,GD,visa_free,90,,
UG,GE,visa_required,,,
UG,GH,visa_free,90,,
UG,GM,visa_free,90,,
UG,GN,evisa,,,
UG,GQ,evisa,,,
UG,GR,visa_required,,,
UG,GT,visa_required,,,
UG,GW,visa_on_arrival,,,
UG,GY,evisa,,,
UG,HN,visa_required,,,
UG,HR,visa_required,,,
UG,HT,visa_free,90,,
UG,HU,visa_required,,,
UG,ID,evisa,,,
UG,IE,visa_required,,,
UG,IL,evisa,,,
UG,IN,evisa,,,
UG,IQ,evisa,,,
UG,IR,visa_on_arrival,,,
UG,IS,visa_required,,,
UG,IT,visa_required,,,
UG,JM,visa_free,,,
UG,JO,visa_required,,,
UG,JP,visa_required,,,
UG,KE,visa_free,180,,
UG,KG,evisa,,,
UG,KH,visa_on_arrival,,,
UG,KI,visa_free,90,,
UG,KM,visa_on_arrival,,,
UG,KN,eta,,,
UG,KP,visa_required,,,
UG,KR,evisa,,,
UG,KW,visa_required,,,
UG,KZ,evisa,,,
UG,LA,visa_on_arrival,,,
UG,LB,visa_required,,,
UG,LC,visa_on_arrival,,,
UG,LI,visa_required,,,
UG,LK,eta,,,
UG,LR,evisa,,,
UG,LS,visa_free,90,,
UG,LT,visa_required,,,
UG,LU,visa_required,,,
UG,LV,visa_required,,,
UG,LY,evisa,,,
UG,MA,visa_required,,,
UG,MC,visa_required,,,
UG,MD,evisa,,,
UG,ME,visa_required,,,
UG,MG,visa_on_arrival,,,
UG,MH,visa_required,,,
UG,MK,visa_required,,,
UG,ML,visa_required,,,
UG,MM,evisa,,,
UG,MN,evisa,,,
UG,MR,evisa,,,
UG,MT,visa_required,,,
UG,MU,visa_required,,,
UG,MV,visa_on_arrival,,,
UG,MW,visa_free,90,,
UG,MX,visa_required,,,
UG,MY,visa_free,30,,
UG,MZ,visa_on_arrival,,,
UG,NA,visa_on_arrival,,,
UG,NE,visa_required,,,
UG,NG,evisa,,,
UG,NI,visa_on_arrival,,,
UG,NL,visa_required,,,
UG,NO,visa_required,,,
UG,NP,visa_on_arrival,,,
UG,NR,visa_required,,,
UG,NZ,visa_required,,,
UG,OM,evisa,,,
UG,PA,visa_required,,,
UG,PE,visa_required,,,
UG,PG,evisa,,,
UG,PH,visa_free,30,,
UG,PK,evisa,,,
UG,PL,visa_required,,,
UG,PS,visa_required,,,
UG,PT,visa_required,,,
UG,PW,visa_on_arrival,,,
UG,PY,visa_required,,,
UG,QA,evisa,,,
UG,RO,visa_required,,,
UG,RS,visa_required,,,
UG,RU,visa_required,,,
UG,RW,visa_free,180,,
UG,SA,evisa,,,
UG,SB,visa_required,,,
UG,SC,visa_free,90,,
UG,SD,visa_required,,,
UG,SE,visa_required,,,
UG,SG,visa_free,30,,
UG,SI,visa_required,,,
UG,SK,visa_required,,,
UG,SL,visa_on_arrival,,,
UG,SM,visa_required,,,
UG,SN,visa_on_arrival,,,
UG,SO,visa_on_arrival,,,
UG,SR,eta,,,
UG,SS,visa_free,,,
UG,ST,evisa,,,
UG,SV,evisa,,,
UG,SY,evisa,,,
UG,SZ,visa_free,30,,
UG,TD,evisa,,,
UG,TG,evisa,,,
UG,TH,evisa,,,
UG,TJ,visa_required,,,
UG,TL,visa_on_arrival,,,
UG,TM,visa_required,,,
UG,TN,visa_required,,,
UG,TO,visa_required,,,
UG,TR,visa_required,,,
UG,TT,visa_required,,,
UG,TV,visa_on_arrival,,,
UG,TW,visa_required,,,
UG,TZ,visa_free,90,,
UG,UA,visa_required,,,
UG,US,visa_required,,,
UG,UY,visa_required,,,
UG,UZ,visa_required,,,
UG,VA,visa_required,,,
UG,VC,visa_free,90,,
UG,VE,visa_required,,,
UG,VN,evisa,,,
UG,VU,visa_free,120,,
UG,WS,visa_on_arrival,,,
UG,XK,visa_required,,,
UG,YE,visa_required,,,
UG,ZA,evisa,,,
UG,ZM,visa_free,90,,
UG,ZW,visa_free,90,,
US,AD,visa_free,90,,
US,AE,visa_free,90,,
US,AF,visa_required,,,
US,AG,visa_free,180,,
US,AL,visa_free,360,,
US,AM,visa_free,180,,
US,AO,visa_free,30,,
US,AR,visa_free,90,,
US,AT,visa_free,90,,
US,AU,eta,,,https://immi.homeaffairs.gov.au/
US,AZ,evisa,,,
US,BA,visa_free,90,,
US,BB,visa_free,180,,
US,BD,visa_on_arrival,,,
US,BE,visa_free,90,,
US,BF,evisa,,,
US,BG,visa_free,90,,
US,BH,visa_on_arrival,,,
US,BI,visa_on_arrival,,,
US,BJ,evisa,,,
US,BN,visa_free,90,,
US,BO,visa_free,90,,
US,BR,evisa,,,
US,BS,visa_free,240,,
US,BT,evisa,,,
US,BW,visa_free,90,,
US,BY,evisa,,,
US,BZ,visa_free,180,,
US,CA,visa_free,180,,
US,CD,evisa,,,
US,CF,visa_required,,,
US,CG,visa_required,,,
US,CH,visa_free,90,,
US,CI,eta,,,
US,CL,visa_free,90,,
US,CM,evisa,,,
US,CN,visa_required,,,
US,CO,visa_free,90,,
US,CR,visa_free,180,,
US,CU,evisa,,,
US,CV,visa_free,30,,
US,CY,visa_free,90,,
US,CZ,visa_free,90,,
US,DE,visa_free,90,,
US,DJ,visa_on_arrival,,,
US,DK,visa_free,90,,
US,DM,visa_free,180,,
US,DO,visa_free,30,,
US,DZ,visa_required,,,
US,EC,visa_free,90,,
US,EE,visa_free,90,,
US,EG,visa_on_arrival,,,
US,ER,visa_required,,,
US,ES,visa_free,90,,
US,ET,visa_on_arrival,,,
US,FI,visa_free,90,,
US,FJ,visa_free,120,,
US,FM,visa_free,30,,
US,FR,visa_free,90,,https://travel-europe.europa.eu/etias
US,GA,evisa,,,
US,GB,eta,,,https://www.gov.uk/eta
US,GD,visa_free,90,,
US,GE,visa_free,365,,https://matsne.gov.ge/en/document/view/2867361
US,GH,visa_required,,,
US,GM,visa_on_arrival,,,
US,GN,evisa,,,
US,GQ,evisa,,,
US,GR,visa_free,90,,
US,GT,visa_free,90,,
US,GW,visa_on_arrival,,,
US,GY,visa_free,90,,
US,HN,visa_free,90,,
US,HR,visa_free,90,,
US,HT,visa_free,90,,
US,HU,visa_free,90,,
US,ID,visa_on_arrival,,,
US,IE,visa_free,90,,
US,IL,eta,,,https://israel-entry.piba.gov.il/
US,IN,evisa,,,
US,IQ,evisa,,,
US,IR,visa_required,,,
US,IS,visa_free,90,,
US,IT,visa_free,90,,
US,JM,visa_free,180,,
US,JO,visa_on_arrival,,,
US,JP,visa_free,90,,
US,KE,eta,,,https://www.etakenya.go.ke/
US,KG,visa_free,60,,
US,KH,visa_on_arrival,,,
US,KI,visa_free,90,,
US,KM,visa_on_arrival,,,
US,KN,eta,,,
US,KP,visa_required,,,
US,KR,visa_free,90,,
US,KW,visa_on_arrival,,,
US,KZ,visa_free,30,,
US,LA,visa_on_arrival,,,
US,LB,visa_on_arrival,,,
US,LC,visa_free,42,,
US,LI,visa_free,90,,
US,LK,eta,,,https://www.immigration.gov.lk/pages_e.php?id=14
US,LR,visa_required,,,
US,LS,visa_free,,,
US,LT,visa_free,90,,
US,LU,visa_free,90,,
US,LV,visa_free,90,,
US,LY,evisa,,,
US,MA,visa_free,90,,
US,MC,visa_free,90,,
US,MD,visa_free,90,,
US,ME,visa_free,90,,
US,MG,visa_on_arrival,,,
US,MH,visa_free,,,
US,MK,visa_free,90,,
US,ML,visa_required,,,
US,MM,evisa,,,
US,MN,visa_free,90,,
US,MR,evisa,,,
US,MT,visa_free,90,,
US,MU,visa_free,90,,
US,MV,visa_on_arrival,,,
US,MW,evisa,,,
US,MX,visa_free,180,,
US,MY,visa_free,90,,
US,MZ,visa_free,30,,
US,NA,visa_on_arrival,,,
US,NE,visa_required,,,
US,NG,evisa,,,
US,NI,visa_free,90,,
US,NL,visa_free,90,,
US,NO,visa_free,90,,
US,NP,visa_on_arrival,,,
US,NR,visa_required,,,
US,NZ,eta,,,
US,OM,visa_on_arrival,,,
US,PA,visa_free,180,,
US,PE,visa_free,180,,
US,PG,eta,,,
US,PH,visa_free,30,,
US,PK,evisa,,,
US,PL,visa_free,90,,
US,PS,visa_free,,,
US,PT,visa_free,90,,
US,PW,visa_free,360,,
US,PY,visa_free,90,,
US,QA,visa_on_arrival,,,
US,RO,visa_free,90,,
US,RS,visa_free,90,,
US,RU,visa_required,,,
US,RW,visa_on_arrival,,,
US,SA,visa_on_arrival,,,
US,SB,visa_on_arrival,,,
US,SC,visa_free,90,,
US,SD,visa_required,,,
US,SE,visa_free,90,,
US,SG,visa_free,30,,
US,SI,visa_free,90,,
US,SK,visa_free,90,,
US,SL,visa_on_arrival,,,
US,SM,visa_free,90,,
US,SN,visa_free,90,,
US,SO,evisa,,,
US,SR,eta,,,
US,SS,evisa,,,
US,ST,visa_free,15,,
US,SV,visa_free,180,,
US,SY,evisa,,,
US,SZ,visa_free,30,,
US,TD,evisa,,,
US,TG,evisa,,,
US,TH,visa_free,60,,https://consular.mfa.go.th/
US,TJ,visa_free,30,,
US,TL,visa_on_arrival,,,
US,TM,visa_required,,,
US,TN,visa_free,90,,
US,TO,visa_on_arrival,,,
US,TR,visa_free,90,,
US,TT,visa_free,90,,
US,TV,visa_on_arrival,,,
US,TW,visa_free,90,,
US,TZ,visa_on_arrival,,,
US,UA,visa_free,90,,
US,UG,evisa,,,
US,UY,visa_free,90,,
US,UZ,evisa,,,
US,VA,visa_free,90,,
US,VC,visa_free,180,,
US,VE,visa_required,,,
US,VN,evisa,,,
US,VU,visa_free,120,,
US,WS,visa_on_arrival,,,
US,XK,visa_free,90,,
US,YE,visa_required,,,
US,ZA,visa_free,90,,
US,ZM,visa_free,90,,
US,ZW,visa_on_arrival,,,
UY,AD,visa_free,90,,
UY,AE,visa_free,90,,
UY,AF,visa_required,,,
UY,AG,evisa,,,
UY,AL,visa_free,90,,
UY,AM,visa_free,180,,
UY,AO,visa_free,30,,
UY,AR,visa_free,90,,
UY,AT,visa_free,90,,
UY,AU,evisa,,,
UY,AZ,visa_required,,,
UY,BA,visa_free,90,,
UY,BB,visa_free,90,,
UY,BD,visa_on_arrival,,,
UY,BE,visa_free,90,,
UY,BF,evisa,,,
UY,BG,visa_free,90,,
UY,BH,visa_on_arrival,,,
UY,BI,visa_on_arrival,,,
UY,BJ,evisa,,,
UY,BN,visa_required,,,
UY,BO,visa_free,90,,
UY,BR,visa_free,90,,
UY,BS,visa_free,90,,
UY,BT,evisa,,,
UY,BW,visa_free,90,,
UY,BY,visa_free,30,,
UY,BZ,visa_free,,,
UY,CA,visa_required,,,
UY,CD,evisa,,,
UY,CF,visa_required,,,
UY,CG,visa_required,,,
UY,CH,visa_free,90,,
UY,CI,eta,,,
UY,CL,visa_free,90,,
UY,CM,evisa,,,
UY,CN,visa_free,30,,https://www.fmprc.gov.cn/eng/xw/fyrbt/202602/t20260215_11860467.html
UY,CO,visa_free,90,,
UY,CR,visa_free,180,,
UY,CU,evisa,,,
UY,CV,visa_on_arrival,,,
UY,CY,visa_free,90,,
UY,CZ,visa_free,90,,
UY,DE,visa_free,90,,
UY,DJ,visa_on_arrival,,,
UY,DK,visa_free,90,,
UY,DM,visa_free,21,,
UY,DO,visa_free,30,,
UY,DZ,visa_required,,,
UY,EC,visa_free,90,,
UY,EE,visa_free,90,,
UY,EG,visa_on_arrival,,,
UY,ER,visa_required,,,
UY,ES,visa_free,90,,
UY,ET,evisa,,,
UY,FI,visa_free,90,,
UY,FJ,visa_free,120,,
UY,FM,visa_free,30,,
UY,FR,visa_free,90,,
UY,GA,evisa,,,
UY,GB,eta,,,
UY,GD,visa_free,90,,
UY,GE,visa_free,90,,
UY,GH,visa_required,,,
UY,GM,visa_required,,,
UY,GN,evisa,,,
UY,GQ,evisa,,,
UY,GR,visa_free,90,,
UY,GT,visa_free,90,,
UY,GW,visa_on_arrival,,,
UY,GY,visa_free,90,,
UY,HN,visa_free,90,,
UY,HR,visa_free,90,,
UY,HT,visa_free,90,,
UY,HU,visa_free,90,,
UY,ID,evisa,,,
UY,IE,visa_free,90,,
UY,IL,eta,,,
UY,IN,evisa,,,
UY,IQ,evisa,,,
UY,IR,visa_on_arrival,,,
UY,IS,visa_free,90,,
UY,IT,visa_free,90,,
UY,JM,visa_free,30,,
UY,JO,visa_on_arrival,,,
UY,JP,visa_free,90,,
UY,KE,eta,,,
UY,KG,evisa,,,
UY,KH,visa_on_arrival,,,
UY,KI,visa_free,90,,
UY,KM,visa_on_arrival,,,
UY,KN,eta,,,
UY,KP,visa_required,,,
UY,KR,eta,,,
UY,KW,visa_required,,,
UY,KZ,evisa,,,
UY,LA,visa_on_arrival,,,
UY,LB,visa_on_arrival,,,
UY,LC,visa_free,42,,
UY,LI,visa_free,90,,
UY,LK,eta,,,
UY,LR,evisa,,,
UY,LS,visa_required,,,
UY,LT,visa_free,90,,
UY,LU,visa_free,90,,
UY,LV,visa_free,90,,
UY,LY,evisa,,,
UY,MA,visa_required,,,
UY,MC,visa_free,90,,
UY,MD,visa_free,90,,
UY,ME,visa_free,90,,
UY,MG,visa_on_arrival,,,
UY,MH,visa_on_arrival,,,
UY,MK,visa_free,90,,
UY,ML,visa_required,,,
UY,MM,evisa,,,
UY,MN,visa_free,30,,
UY,MR,evisa,,,
UY,MT,visa_free,90,,
UY,MU,visa_on_arrival,,,
UY,MV,visa_on_arrival,,,
UY,MW,evisa,,,
UY,MX,visa_free,180,,
UY,MY,visa_free,90,,
UY,MZ,visa_on_arrival,,,
UY,NA,visa_on_arrival,,,
UY,NE,visa_required,,,
UY,NG,evisa,,,
UY,NI,visa_free,90,,
UY,NL,visa_free,90,,
UY,NO,visa_free,90,,
UY,NP,visa_on_arrival,,,
UY,NR,visa_required,,,
UY,NZ,eta,,,
UY,OM,visa_on_arrival,,,
UY,PA,visa_free,90,,
UY,PE,visa_free,180,,
UY,PG,eta,,,
UY,PH,visa_free,30,,
UY,PK,evisa,,,
UY,PL,visa_free,90,,
UY,PS,visa_free,,,
UY,PT,visa_free,90,,
UY,PW,visa_on_arrival,,,
UY,PY,visa_free,90,,
UY,QA,visa_on_arrival,,,
UY,RO,visa_free,90,,
UY,RS,visa_free,90,,
UY,RU,visa_free,90,,
UY,RW,visa_on_arrival,,,
UY,SA,evisa,,,
UY,SB,visa_required,,,
UY,SC,visa_free,90,,
UY,SD,visa_required,,,
UY,SE,visa_free,90,,
UY,SG,visa_free,30,,
UY,SI,visa_free,90,,
UY,SK,visa_free,90,,
UY,SL,evisa,,,
UY,SM,visa_free,90,,
UY,SN,visa_required,,,
UY,SO,evisa,,,
UY,SR,eta,,,
UY,SS,evisa,,,
UY,ST,evisa,,,
UY,SV,visa_free,180,,
UY,SY,evisa,,,
UY,SZ,visa_free,30,,
UY,TD,evisa,,,
UY,TG,evisa,,,
UY,TH,visa_free,60,,
UY,TJ,evisa,,,
UY,TL,visa_on_arrival,,,
UY,TM,visa_required,,,
UY,TN,visa_required,,,
UY,TO,visa_required,,,
UY,TR,visa_free,90,,
UY,TT,visa_free,90,,
UY,TV,visa_on_arrival,,,
UY,TW,visa_required,,,
UY,TZ,visa_on_arrival,,,
UY,UA,visa_free,90,,
UY,UG,evisa,,,
UY,US,visa_required,,,
UY,UZ,evisa,,,
UY,VA,visa_free,90,,
UY,VC,visa_free,90,,
UY,VE,visa_free,90,,
UY,VN,evisa,,,
UY,VU,visa_free,120,,
UY,WS,visa_on_arrival,,,
UY,XK,visa_free,90,,
UY,YE,visa_required,,,
UY,ZA,visa_free,90,,
UY,ZM,visa_on_arrival,,,
UY,ZW,visa_on_arrival,,,
UZ,AD,visa_required,,,
UZ,AE,visa_free,30,,
UZ,AF,visa_required,,,
UZ,AG,visa_free,180,,
UZ,AL,evisa,,,
UZ,AM,visa_free,180,,
UZ,AO,visa_required,,,
UZ,AR,visa_required,,,
UZ,AT,visa_required,,,
UZ,AU,evisa,,,
UZ,AZ,visa_free,90,,
UZ,BA,visa_required,,,
UZ,BB,visa_free,28,,
UZ,BD,visa_required,,,
UZ,BE,visa_required,,,
UZ,BF,evisa,,,
UZ,BG,visa_required,,,
UZ,BH,evisa,,,
UZ,BI,visa_on_arrival,,,
UZ,BJ,evisa,,,
UZ,BN,visa_required,,,
UZ,BO,evisa,,,
UZ,BR,visa_required,,,
UZ,BS,evisa,,,
UZ,BT,evisa,,,
UZ,BW,evisa,,,
UZ,BY,visa_free,,,
UZ,BZ,visa_required,,,
UZ,CA,visa_required,,,
UZ,CD,evisa,,,
UZ,CF,visa_required,,,
UZ,CG,visa_required,,,
UZ,CH,visa_required,,,
UZ,CI,eta,,,
UZ,CL,visa_required,,,
UZ,CM,evisa,,,
UZ,CN,visa_free,30,,
UZ,CO,evisa,,,
UZ,CR,visa_required,,,
UZ,CU,visa_required,,,
UZ,CV,visa_required,,,
UZ,CY,visa_required,,,
UZ,CZ,visa_required,,,
UZ,DE,visa_required,,,
UZ,DJ,visa_on_arrival,,,
UZ,DK,visa_required,,,
UZ,DM,visa_free,21,,
UZ,DO,visa_required,,,
UZ,DZ,visa_required,,,
UZ,EC,evisa,,,
UZ,EE,visa_required,,,
UZ,EG,visa_required,,,
UZ,ER,visa_required,,,
UZ,ES,visa_required,,,
UZ,ET,evisa,,,
UZ,FI,visa_required,,,
UZ,FJ,visa_required,,,
UZ,FM,visa_free,30,,
UZ,FR,visa_required,,,
UZ,GA,evisa,,,
UZ,GB,visa_required,,,
UZ,GD,visa_free,,,
UZ,GE,visa_free,365,,
UZ,GH,visa_required,,,
UZ,GM,visa_required,,,
UZ,GN,evisa,,,
UZ,GQ,evisa,,,
UZ,GR,visa_required,,,
UZ,GT,visa_required,,,
UZ,GW,visa_on_arrival,,,
UZ,GY,evisa,,,
UZ,HN,visa_required,,,
UZ,HR,visa_required,,,
UZ,HT,visa_free,90,,
UZ,HU,visa_required,,,
UZ,ID,visa_on_arrival,,,
UZ,IE,visa_required,,,
UZ,IL,evisa,,,
UZ,IN,evisa,,,
UZ,IQ,evisa,,,
UZ,IR,visa_free,15,,
UZ,IS,visa_required,,,
UZ,IT,visa_required,,,
UZ,JM,visa_on_arrival,,,
UZ,JO,visa_on_arrival,,,
UZ,JP,visa_required,,,
UZ,KE,eta,,,
UZ,KG,visa_free,60,,
UZ,KH,visa_on_arrival,,,
UZ,KI,visa_required,,,
UZ,KM,visa_on_arrival,,,
UZ,KN,evisa,,,
UZ,KP,visa_required,,,
UZ,KR,evisa,,,
UZ,KW,visa_required,,,
UZ,KZ,visa_free,30,,
UZ,LA,visa_on_arrival,,,
UZ,LB,visa_on_arrival,,,
UZ,LC,visa_required,,,
UZ,LI,visa_required,,,
UZ,LK,eta,,,
UZ,LR,evisa,,,
UZ,LS,visa_required,,,
UZ,LT,visa_required,,,
UZ,LU,visa_required,,,
UZ,LV,visa_required,,,
UZ,LY,evisa,,,
UZ,MA,visa_required,,,
UZ,MC,visa_required,,,
UZ,MD,visa_free,90,,
UZ,ME,visa_required,,,
UZ,MG,visa_on_arrival,,,
UZ,MH,visa_required,,,
UZ,MK,visa_required,,,
UZ,ML,visa_required,,,
UZ,MM,evisa,,,
UZ,MN,visa_free,30,,
UZ,MR,evisa,,,
UZ,MT,visa_required,,,
UZ,MU,visa_on_arrival,,,
UZ,MV,visa_on_arrival,,,
UZ,MW,evisa,,,
UZ,MX,visa_required,,,
UZ,MY,visa_free,30,,
UZ,MZ,visa_on_arrival,,,
UZ,NA,visa_on_arrival,,,
UZ,NE,visa_required,,,
UZ,NG,evisa,,,
UZ,NI,visa_on_arrival,,,
UZ,NL,visa_required,,,
UZ,NO,visa_required,,,
UZ,NP,visa_on_arrival,,,
UZ,NR,visa_required,,,
UZ,NZ,visa_required,,,
UZ,OM,visa_free,14,,
UZ,PA,visa_required,,,
UZ,PE,visa_required,,,
UZ,PG,evisa,,,
UZ,PH,visa_free,30,,
UZ,PK,evisa,,,
UZ,PL,visa_required,,,
UZ,PS,visa_free,,,
UZ,PT,visa_required,,,
UZ,PW,visa_on_arrival,,,
UZ,PY,visa_required,,,
UZ,QA,visa_on_arrival,,,
UZ,RO,visa_required,,,
UZ,RS,visa_required,,,
UZ,RU,visa_free,90,,
UZ,RW,visa_on_arrival,,,
UZ,SA,visa_on_arrival,,,
UZ,SB,visa_required,,,
UZ,SC,visa_free,90,,
UZ,SD,visa_required,,,
UZ,SE,visa_required,,,
UZ,SG,evisa,,,
UZ,SI,visa_required,,,
UZ,SK,visa_required,,,
UZ,SL,evisa,,,
UZ,SM,visa_required,,,
UZ,SN,visa_required,,,
UZ,SO,evisa,,,
UZ,SR,eta,,,
UZ,SS,evisa,,,
UZ,ST,evisa,,,
UZ,SV,evisa,,,
UZ,SY,visa_on_arrival,,,
UZ,SZ,visa_required,,,
UZ,TD,evisa,,,
UZ,TG,evisa,,,
UZ,TH,visa_free,60,,
UZ,TJ,visa_free,30,,
UZ,TL,visa_on_arrival,,,
UZ,TM,visa_required,,,
UZ,TN,visa_required,,,
UZ,TO,visa_required,,,
UZ,TR,visa_free,90,,
UZ,TT,visa_required,,,
UZ,TV,visa_on_arrival,,,
UZ,TW,visa_required,,,
UZ,TZ,evisa,,,
UZ,UA,visa_free,,,
UZ,UG,evisa,,,
UZ,US,visa_required,,,
UZ,UY,visa_required,,,
UZ,VA,visa_required,,,
UZ,VC,visa_free,90,,
UZ,VE,visa_required,,,
UZ,VN,evisa,,,
UZ,VU,evisa,,,
UZ,WS,visa_on_arrival,,,
UZ,XK,visa_required,,,
UZ,YE,visa_required,,,
UZ,ZA,visa_required,,,
UZ,ZM,evisa,,,
UZ,ZW,visa_on_arrival,,,
VA,AD,visa_free,90,,
VA,AE,visa_free,30,,
VA,AF,visa_required,,,
VA,AG,visa_free,180,,
VA,AL,visa_free,90,,
VA,AM,visa_free,180,,
VA,AO,visa_free,30,,
VA,AR,visa_free,90,,
VA,AT,visa_free,90,,
VA,AU,eta,,,
VA,AZ,evisa,,,
VA,BA,visa_free,90,,
VA,BB,visa_required,,,
VA,BD,visa_on_arrival,,,
VA,BE,visa_free,90,,
VA,BF,evisa,,,
VA,BG,visa_free,90,,
VA,BH,visa_on_arrival,,,
VA,BI,visa_on_arrival,,,
VA,BJ,evisa,,,
VA,BN,visa_required,,,
VA,BO,visa_free,90,,
VA,BR,visa_free,90,,
VA,BS,visa_free,90,,
VA,BT,evisa,,,
VA,BW,visa_free,90,,
VA,BY,visa_free,30,,
VA,BZ,visa_free,,,
VA,CA,eta,,,
VA,CD,evisa,,,
VA,CF,visa_required,,,
VA,CG,visa_required,,,
VA,CH,visa_free,90,,
VA,CI,eta,,,
VA,CL,visa_free,90,,
VA,CM,evisa,,,
VA,CN,visa_required,,,
VA,CO,visa_free,90,,
VA,CR,visa_free,180,,
VA,CU,evisa,,,
VA,CV,visa_free,30,,
VA,CY,visa_free,90,,
VA,CZ,visa_free,90,,
VA,DE,visa_free,90,,
VA,DJ,visa_on_arrival,,,
VA,DK,visa_free,90,,
VA,DM,visa_free,21,,
VA,DO,visa_free,30,,
VA,DZ,visa_required,,,
VA,EC,visa_free,90,,
VA,EE,visa_free,90,,
VA,EG,visa_on_arrival,,,
VA,ER,visa_required,,,
VA,ES,visa_free,90,,
VA,ET,evisa,,,
VA,FI,visa_free,90,,
VA,FJ,visa_free,120,,
VA,FM,visa_free,30,,
VA,FR,visa_free,90,,
VA,GA,evisa,,,
VA,GB,eta,,,
VA,GD,visa_free,90,,
VA,GE,visa_free,365,,
VA,GH,visa_required,,,
VA,GM,visa_free,90,,
VA,GN,evisa,,,
VA,GQ,evisa,,,
VA,GR,visa_free,90,,
VA,GT,visa_free,90,,
VA,GW,visa_on_arrival,,,
VA,GY,evisa,,,
VA,HN,visa_free,90,,
VA,HR,visa_free,90,,
VA,HT,visa_free,90,,
VA,HU,visa_free,90,,
VA,ID,visa_on_arrival,,,
VA,IE,visa_free,90,,
VA,IL,eta,,,
VA,IN,evisa,,,
VA,IQ,evisa,,,
VA,IR,visa_on_arrival,,,
VA,IS,visa_free,90,,
VA,IT,visa_free,90,,
VA,JM,visa_required,,,
VA,JO,visa_on_arrival,,,
VA,JP,visa_required,,,
VA,KE,eta,,,
VA,KG,visa_free,60,,
VA,KH,visa_on_arrival,,,
VA,KI,visa_required,,,
VA,KM,visa_on_arrival,,,
VA,KN,eta,,,
VA,KP,visa_required,,,
VA,KR,visa_free,30,,
VA,KW,visa_on_arrival,,,
VA,KZ,visa_free,30,,
VA,LA,visa_on_arrival,,,
VA,LB,visa_required,,,
VA,LC,visa_required,,,
VA,LI,visa_free,90,,
VA,LK,eta,,,
VA,LR,evisa,,,
VA,LS,visa_required,,,
VA,LT,visa_free,90,,
VA,LU,visa_free,90,,
VA,LV,visa_free,90,,
VA,LY,evisa,,,
VA,MA,visa_required,,,
VA,MC,visa_free,90,,
VA,MD,visa_free,90,,
VA,ME,visa_free,90,,
VA,MG,visa_on_arrival,,,
VA,MH,visa_on_arrival,,,
VA,MK,visa_free,90,,
VA,ML,visa_required,,,
VA,MM,visa_required,,,
VA,MN,evisa,,,
VA,MR,evisa,,,
VA,MT,visa_free,90,,
VA,MU,visa_free,90,,
VA,MV,visa_on_arrival,,,
VA,MW,evisa,,,
VA,MX,visa_required,,,
VA,MY,visa_free,30,,
VA,MZ,visa_on_arrival,,,
VA,NA,visa_on_arrival,,,
VA,NE,visa_required,,,
VA,NG,evisa,,,
VA,NI,visa_free,90,,
VA,NL,visa_free,90,,
VA,NO,visa_free,90,,
VA,NP,visa_on_arrival,,,
VA,NR,visa_required,,,
VA,NZ,eta,,,
VA,OM,visa_on_arrival,,,
VA,PA,visa_free,90,,
VA,PE,visa_free,180,,
VA,PG,eta,,,
VA,PH,visa_free,30,,
VA,PK,evisa,,,
VA,PL,visa_free,90,,
VA,PS,visa_free,,,
VA,PT,visa_free,90,,
VA,PW,visa_on_arrival,,,
VA,PY,visa_required,,,
VA,QA,visa_on_arrival,,,
VA,RO,visa_free,90,,
VA,RS,visa_free,90,,
VA,RU,evisa,,,
VA,RW,visa_on_arrival,,,
VA,SA,visa_required,,,
VA,SB,visa_required,,,
VA,SC,visa_free,90,,
VA,SD,visa_required,,,
VA,SE,visa_free,90,,
VA,SG,visa_free,30,,
VA,SI,visa_free,90,,
VA,SK,visa_free,90,,
VA,SL,evisa,,,
VA,SM,visa_free,90,,
VA,SN,visa_on_arrival,,,
VA,SO,evisa,,,
VA,SR,eta,,,
VA,SS,evisa,,,
VA,ST,visa_free,15,,
VA,SV,visa_free,180,,
VA,SY,evisa,,,
VA,SZ,visa_free,30,,
VA,TD,evisa,,,
VA,TG,evisa,,,
VA,TH,evisa,,,
VA,TJ,visa_on_arrival,,,
VA,TL,visa_on_arrival,,,
VA,TM,visa_required,,,
VA,TN,visa_free,90,,
VA,TO,visa_required,,,
VA,TR,visa_free,90,,
VA,TT,visa_required,,,
VA,TV,visa_on_arrival,,,
VA,TW,visa_free,90,,
VA,TZ,visa_on_arrival,,,
VA,UA,visa_free,90,,
VA,UG,evisa,,,
VA,US,visa_required,,,
VA,UY,visa_free,90,,
VA,UZ,visa_free,30,,
VA,VC,visa_free,90,,
VA,VE,visa_required,,,
VA,VN,evisa,,,
VA,VU,visa_free,120,,
VA,WS,visa_on_arrival,,,
VA,XK,visa_free,90,,
VA,YE,visa_required,,,
VA,ZA,visa_required,,,
VA,ZM,visa_free,90,,
VA,ZW,visa_on_arrival,,,
VC,AD,visa_free,90,,
VC,AE,visa_free,90,,
VC,AF,visa_required,,,
VC,AG,visa_free,,,
VC,AL,evisa,,,
VC,AM,visa_on_arrival,,,
VC,AO,visa_free,30,,
VC,AR,visa_free,90,,
VC,AT,visa_free,90,,
VC,AU,evisa,,,
VC,AZ,visa_required,,,
VC,BA,visa_free,90,,
VC,BB,visa_free,180,,
VC,BD,visa_on_arrival,,,
VC,BE,visa_free,90,,
VC,BF,evisa,,,
VC,BG,visa_free,90,,
VC,BH,evisa,,,
VC,BI,visa_on_arrival,,,
VC,BJ,evisa,,,
VC,BN,visa_required,,,
VC,BO,evisa,,,
VC,BR,visa_free,90,,
VC,BS,visa_free,90,,
VC,BT,evisa,,,
VC,BW,visa_free,90,,
VC,BY,visa_free,30,,
VC,BZ,visa_free,,,
VC,CA,visa_required,,,
VC,CD,evisa,,,
VC,CF,visa_required,,,
VC,CG,visa_required,,,
VC,CH,visa_free,90,,
VC,CI,eta,,,
VC,CL,visa_free,90,,
VC,CM,evisa,,,
VC,CN,visa_required,,,
VC,CO,visa_free,90,,
VC,CR,visa_free,30,,
VC,CU,visa_free,60,,
VC,CV,visa_on_arrival,,,
VC,CY,visa_free,90,,
VC,CZ,visa_free,90,,
VC,DE,visa_free,90,,
VC,DJ,visa_on_arrival,,,
VC,DK,visa_free,90,,
VC,DM,visa_free,,,
VC,DO,visa_free,30,,
VC,DZ,visa_required,,,
VC,EC,visa_free,90,,
VC,EE,visa_free,90,,
VC,EG,visa_on_arrival,,,
VC,ER,visa_required,,,
VC,ES,visa_free,90,,
VC,ET,evisa,,,
VC,FI,visa_free,90,,
VC,FJ,visa_free,120,,
VC,FM,visa_free,30,,
VC,FR,visa_free,90,,
VC,GA,evisa,,,
VC,GB,eta,,,
VC,GD,visa_free,,,
VC,GE,visa_free,365,,
VC,GH,visa_free,90,,
VC,GM,visa_free,90,,
VC,GN,evisa,,,
VC,GQ,evisa,,,
VC,GR,visa_free,90,,
VC,GT,visa_free,90,,
VC,GW,visa_on_arrival,,,
VC,GY,visa_free,180,,
VC,HN,visa_free,90,,
VC,HR,visa_free,90,,
VC,HT,visa_free,90,,
VC,HU,visa_free,90,,
VC,ID,evisa,,,
VC,IE,visa_free,90,,
VC,IL,eta,,,
VC,IN,evisa,,,
VC,IQ,evisa,,,
VC,IR,visa_on_arrival,,,
VC,IS,visa_free,90,,
VC,IT,visa_free,90,,
VC,JM,visa_free,,,
VC,JO,visa_on_arrival,,,
VC,JP,visa_required,,,
VC,KE,visa_free,90,,
VC,KG,evisa,,,
VC,KH,visa_on_arrival,,,
VC,KI,visa_free,90,,
VC,KM,visa_on_arrival,,,
VC,KN,visa_free,,,
VC,KP,visa_required,,,
VC,KR,eta,,,
VC,KW,visa_required,,,
VC,KZ,evisa,,,
VC,LA,visa_on_arrival,,,
VC,LB,visa_required,,,
VC,LC,visa_free,,,
VC,LI,visa_free,90,,
VC,LK,eta,,,
VC,LR,evisa,,,
VC,LS,visa_free,90,,
VC,LT,visa_free,90,,
VC,LU,visa_free,90,,
VC,LV,visa_free,90,,
VC,LY,evisa,,,
VC,MA,visa_required,,,
VC,MC,visa_free,90,,
VC,MD,visa_free,90,,
VC,ME,visa_free,90,,
VC,MG,visa_on_arrival,,,
VC,MH,visa_on_arrival,,,
VC,MK,visa_required,,,
VC,ML,visa_required,,,
VC,MM,visa_required,,,
VC,MN,evisa,,,
VC,MR,evisa,,,
VC,MT,visa_free,90,,
VC,MU,visa_free,90,,
VC,MV,visa_on_arrival,,,
VC,MW,visa_free,90,,
VC,MX,visa_required,,,
VC,MY,visa_free,30,,
VC,MZ,visa_on_arrival,,,
VC,NA,visa_on_arrival,,,
VC,NE,visa_required,,,
VC,NG,evisa,,,
VC,NI,visa_free,90,,
VC,NL,visa_free,90,,
VC,NO,visa_free,90,,
VC,NP,visa_on_arrival,,,
VC,NR,visa_required,,,
VC,NZ,visa_required,,,
VC,OM,evisa,,,
VC,PA,visa_free,90,,
VC,PE,visa_free,180,,
VC,PG,eta,,,
VC,PH,visa_free,30,,
VC,PK,evisa,,,
VC,PL,visa_free,90,,
VC,PS,visa_free,,,
VC,PT,visa_free,90,,
VC,PW,visa_on_arrival,,,
VC,PY,visa_required,,,
VC,QA,evisa,,,
VC,RO,visa_free,90,,
VC,RS,visa_free,30,,
VC,RU,visa_free,90,,
VC,RW,visa_free,30,,
VC,SA,evisa,,,
VC,SB,visa_on_arrival,,,
VC,SC,visa_free,90,,
VC,SD,visa_required,,,
VC,SE,visa_free,90,,
VC,SG,visa_free,30,,
VC,SI,visa_free,90,,
VC,SK,visa_free,90,,
VC,SL,visa_on_arrival,,,
VC,SM,visa_free,90,,
VC,SN,visa_on_arrival,,,
VC,SO,evisa,,,
VC,SR,visa_free,180,,
VC,SS,evisa,,,
VC,ST,evisa,,,
VC,SV,visa_free,180,,
VC,SY,evisa,,,
VC,SZ,visa_required,,,
VC,TD,evisa,,,
VC,TG,evisa,,,
VC,TH,evisa,,,
VC,TJ,visa_free,30,,
VC,TL,visa_on_arrival,,,
VC,TM,visa_required,,,
VC,TN,visa_required,,,
VC,TO,visa_on_arrival,,,
VC,TR,visa_on_arrival,,,
VC,TT,visa_free,,,
VC,TV,visa_on_arrival,,,
VC,TW,visa_free,30,,
VC,TZ,visa_free,90,,
VC,UA,visa_free,90,,
VC,UG,visa_free,90,,
VC,US,visa_required,,,
VC,UY,visa_free,90,,
VC,UZ,visa_free,30,,
VC,VA,visa_free,90,,
VC,VE,visa_free,90,,
VC,VN,evisa,,,
VC,VU,visa_free,120,,
VC,WS,visa_on_arrival,,,
VC,XK,visa_free,90,,
VC,YE,visa_required,,,
VC,ZA,visa_free,90,,
VC,ZM,visa_free,90,,
VC,ZW,visa_free,90,,
VE,AD,visa_free,90,,
VE,AE,evisa,,,
VE,AF,visa_required,,,
VE,AG,visa_free,180,,
VE,AL,visa_free,90,,
VE,AM,evisa,,,
VE,AO,visa_required,,,
VE,AR,visa_free,90,,
VE,AT,visa_free,90,,
VE,AU,evisa,,,
VE,AZ,visa_required,,,
VE,BA,visa_free,90,,
VE,BB,visa_free,28,,
VE,BD,visa_on_arrival,,,
VE,BE,visa_free,90,,
VE,BF,evisa,,,
VE,BG,visa_free,90,,
VE,BH,visa_on_arrival,,,
VE,BI,visa_on_arrival,,,
VE,BJ,evisa,,,
VE,BN,visa_required,,,
VE,BO,visa_free,90,,
VE,BR,visa_free,60,,
VE,BS,visa_free,90,,
VE,BT,evisa,,,
VE,BW,visa_free,90,,
VE,BY,visa_free,90,,
VE,BZ,visa_required,,,
VE,CA,visa_required,,,
VE,CD,evisa,,,
VE,CF,visa_required,,,
VE,CG,visa_required,,,
VE,CH,visa_free,90,,
VE,CI,eta,,,
VE,CL,visa_required,,,
VE,CM,evisa,,,
VE,CN,visa_required,,,
VE,CO,visa_free,90,,
VE,CR,visa_required,,,
VE,CU,evisa,,,
VE,CV,visa_required,,,
VE,CY,visa_free,90,,
VE,CZ,visa_free,90,,
VE,DE,visa_free,90,,
VE,DJ,visa_on_arrival,,,
VE,DK,visa_free,90,,
VE,DM,visa_free,180,,
VE,DO,visa_required,,,
VE,DZ,visa_required,,,
VE,EC,evisa,,,
VE,EE,visa_free,90,,
VE,EG,visa_on_arrival,,,
VE,ER,visa_required,,,
VE,ES,visa_free,90,,
VE,ET,evisa,,,
VE,FI,visa_free,90,,
VE,FJ,visa_free,120,,
VE,FM,visa_free,30,,
VE,FR,visa_free,90,,
VE,GA,evisa,,,
VE,GB,visa_required,,,
VE,GD,visa_free,90,,
VE,GE,visa_required,,,
VE,GH,visa_required,,,
VE,GM,visa_required,,,
VE,GN,evisa,,,
VE,GQ,evisa,,,
VE,GR,visa_free,90,,
VE,GT,visa_required,,,
VE,GW,visa_on_arrival,,,
VE,GY,evisa,,,
VE,HN,visa_required,,,
VE,HR,visa_free,90,,
VE,HT,visa_free,90,,
VE,HU,visa_free,90,,
VE,ID,visa_on_arrival,,,
VE,IE,visa_required,,,
VE,IL,evisa,,,
VE,IN,evisa,,,
VE,IQ,evisa,,,
VE,IR,visa_free,15,,
VE,IS,visa_free,90,,
VE,IT,visa_free,90,,
VE,JM,visa_free,30,,
VE,JO,visa_on_arrival,,,
VE,JP,visa_required,,,
VE,KE,eta,,,
VE,KG,visa_on_arrival,,,
VE,KH,visa_on_arrival,,,
VE,KI,visa_free,90,,
VE,KM,visa_on_arrival,,,
VE,KN,eta,,,
VE,KP,visa_required,,,
VE,KR,eta,,,
VE,KW,visa_required,,,
VE,KZ,evisa,,,
VE,LA,visa_on_arrival,,,
VE,LB,visa_on_arrival,,,
VE,LC,visa_required,,,
VE,LI,visa_free,90,,
VE,LK,eta,,,
VE,LR,evisa,,,
VE,LS,visa_required,,,
VE,LT,visa_free,90,,
VE,LU,visa_free,90,,
VE,LV,visa_free,90,,
VE,LY,evisa,,,
VE,MA,visa_required,,,
VE,MC,visa_free,90,,
VE,MD,visa_free,90,,
VE,ME,visa_free,90,,
VE,MG,visa_on_arrival,,,
VE,MH,visa_required,,,
VE,MK,visa_free,90,,
VE,ML,visa_required,,,
VE,MM,evisa,,,
VE,MN,evisa,,,
VE,MR,evisa,,,
VE,MT,visa_free,90,,
VE,MU,visa_on_arrival,,,
VE,MV,visa_on_arrival,,,
VE,MW,evisa,,,
VE,MX,visa_required,,,
VE,MY,visa_free,30,,
VE,MZ,visa_on_arrival,,,
VE,NA,visa_on_arrival,,,
VE,NE,visa_required,,,
VE,NG,evisa,,,
VE,NI,visa_required,,,
VE,NL,visa_free,90,,
VE,NO,visa_free,90,,
VE,NP,visa_on_arrival,,,
VE,NR,visa_required,,,
VE,NZ,visa_required,,,
VE,OM,visa_on_arrival,,,
VE,PA,visa_required,,,
VE,PE,visa_required,,,
VE,PG,evisa,,,
VE,PH,visa_free,30,,
VE,PK,evisa,,,
VE,PL,visa_free,90,,
VE,PS,visa_free,,,
VE,PT,visa_free,90,,
VE,PW,visa_on_arrival,,,
VE,PY,visa_free,90,,
VE,QA,visa_on_arrival,,,
VE,RO,visa_free,90,,
VE,RS,visa_free,90,,
VE,RU,visa_free,90,,
VE,RW,visa_on_arrival,,,
VE,SA,evisa,,,
VE,SB,visa_required,,,
VE,SC,visa_free,90,,
VE,SD,visa_required,,,
VE,SE,visa_free,90,,
VE,SG,visa_free,30,,
VE,SI,visa_free,90,,
VE,SK,visa_free,90,,
VE,SL,evisa,,,
VE,SM,visa_free,90,,
VE,SN,visa_required,,,
VE,SO,evisa,,,
VE,SR,evisa,,,
VE,SS,evisa,,,
VE,ST,evisa,,,
VE,SV,evisa,,,
VE,SY,evisa,,,
VE,SZ,visa_required,,,
VE,TD,evisa,,,
VE,TG,evisa,,,
VE,TH,visa_on_arrival,,,
VE,TJ,visa_on_arrival,,,
VE,TL,visa_on_arrival,,,
VE,TM,visa_required,,,
VE,TN,visa_required,,,
VE,TO,visa_required,,,
VE,TR,visa_free,90,,
VE,TT,visa_required,,,
VE,TV,visa_on_arrival,,,
VE,TW,visa_required,,,
VE,TZ,visa_on_arrival,,,
VE,UA,visa_required,,,
VE,UG,evisa,,,
VE,US,visa_required,,,
VE,UY,visa_free,90,,
VE,UZ,evisa,,,
VE,VA,visa_free,90,,
VE,VC,visa_free,90,,
VE,VN,evisa,,,
VE,VU,evisa,,,
VE,WS,visa_on_arrival,,,
VE,XK,visa_free,90,,
VE,YE,visa_required,,,
VE,ZA,visa_free,90,,
VE,ZM,visa_on_arrival,,,
VE,ZW,visa_on_arrival,,,
VN,AD,visa_required,,,
VN,AE,evisa,,,
VN,AF,visa_required,,,
VN,AG,evisa,,,
VN,AL,evisa,,,
VN,AM,evisa,,,
VN,AO,visa_required,,,
VN,AR,visa_required,,,
VN,AT,visa_required,,,
VN,AU,evisa,,,
VN,AZ,evisa,,,
VN,BA,visa_required,,,
VN,BB,visa_free,90,,
VN,BD,visa_required,,,
VN,BE,visa_required,,,
VN,BF,evisa,,,
VN,BG,visa_required,,,
VN,BH,evisa,,,
VN,BI,visa_on_arrival,,,
VN,BJ,evisa,,,
VN,BN,visa_free,14,,
VN,BO,evisa,,,
VN,BR,visa_required,,,
VN,BS,evisa,,,
VN,BT,evisa,,,
VN,BW,evisa,,,
VN,BY,visa_free,30,,
VN,BZ,visa_required,,,
VN,CA,visa_required,,,
VN,CD,evisa,,,
VN,CF,visa_required,,,
VN,CG,visa_required,,,
VN,CH,visa_required,,,
VN,CI,eta,,,
VN,CL,visa_free,90,,
VN,CM,evisa,,,
VN,CN,visa_required,,,
VN,CO,evisa,,,
VN,CR,visa_required,,,
VN,CU,evisa,,,
VN,CV,visa_required,,,https://www.ease.gov.cv/
VN,CY,visa_required,,,
VN,CZ,visa_required,,,
VN,DE,visa_required,,,
VN,DJ,visa_on_arrival,,,
VN,DK,visa_required,,,
VN,DM,visa_free,21,,
VN,DO,visa_required,,,
VN,DZ,visa_required,,,
VN,EC,evisa,,,
VN,EE,visa_required,,,
VN,EG,visa_required,,,
VN,ER,visa_required,,,
VN,ES,visa_required,,,
VN,ET,evisa,,,
VN,FI,visa_required,,,
VN,FJ,visa_required,,,
VN,FM,visa_free,30,,
VN,FR,visa_required,,,
VN,GA,evisa,,,
VN,GB,visa_required,,,
VN,GD,visa_required,,,
VN,GE,evisa,,,
VN,GH,visa_required,,,
VN,GM,visa_required,,,
VN,GN,evisa,,,
VN,GQ,evisa,,,
VN,GR,visa_required,,,
VN,GT,visa_required,,,
VN,GW,visa_on_arrival,,,
VN,GY,evisa,,,
VN,HN,visa_required,,,
VN,HR,visa_required,,,
VN,HT,visa_free,90,,
VN,HU,visa_required,,,
VN,ID,visa_free,30,,
VN,IE,visa_required,,,
VN,IL,evisa,,,
VN,IN,evisa,,,
VN,IQ,evisa,,,
VN,IR,visa_free,15,,
VN,IS,visa_required,,,
VN,IT,visa_required,,,
VN,JM,visa_required,,,
VN,JO,visa_on_arrival,,,
VN,JP,evisa,,,
VN,KE,eta,,,
VN,KG,visa_free,60,,
VN,KH,visa_free,30,,
VN,KI,visa_required,,,
VN,KM,visa_on_arrival,,,
VN,KN,evisa,,,
VN,KP,visa_required,,,
VN,KR,evisa,,,
VN,KW,visa_required,,,
VN,KZ,visa_free,30,,
VN,LA,visa_free,30,,
VN,LB,visa_required,,,
VN,LC,visa_on_arrival,,,
VN,LI,visa_required,,,
VN,LK,eta,,,
VN,LR,evisa,,,
VN,LS,visa_required,,,
VN,LT,visa_required,,,
VN,LU,visa_required,,,
VN,LV,visa_required,,,
VN,LY,evisa,,,
VN,MA,visa_required,,,
VN,MC,visa_required,,,
VN,MD,evisa,,,
VN,ME,visa_required,,,
VN,MG,visa_on_arrival,,,
VN,MH,visa_on_arrival,,,
VN,MK,visa_required,,,
VN,ML,visa_required,,,
VN,MM,visa_free,14,,
VN,MN,visa_free,30,,
VN,MR,evisa,,,
VN,MT,visa_required,,,
VN,MU,visa_on_arrival,,,
VN,MV,visa_on_arrival,,,
VN,MW,evisa,,,
VN,MX,visa_required,,,
VN,MY,visa_free,30,,
VN,MZ,visa_on_arrival,,,
VN,NA,visa_on_arrival,,,
VN,NE,visa_required,,,
VN,NG,evisa,,,
VN,NI,visa_required,,,
VN,NL,visa_required,,,
VN,NO,visa_required,,,
VN,NP,visa_on_arrival,,,
VN,NR,visa_required,,,
VN,NZ,visa_required,,,
VN,OM,evisa,,,
VN,PA,visa_free,90,,
VN,PE,visa_required,,,
VN,PG,eta,,,
VN,PH,visa_free,30,,
VN,PK,evisa,,,
VN,PL,visa_required,,,
VN,PS,visa_free,,,
VN,PT,visa_required,,,
VN,PW,visa_on_arrival,,,
VN,PY,visa_required,,,
VN,QA,evisa,,,
VN,RO,visa_required,,,
VN,RS,visa_required,,,
VN,RU,evisa,,,
VN,RW,visa_free,30,,
VN,SA,evisa,,,
VN,SB,visa_required,,,
VN,SC,visa_free,90,,
VN,SD,visa_required,,,
VN,SE,visa_required,,,
VN,SG,visa_free,30,,
VN,SI,visa_required,,,
VN,SK,visa_required,,,
VN,SL,visa_on_arrival,,,
VN,SM,visa_required,,,
VN,SN,visa_required,,,
VN,SO,evisa,,,
VN,SR,eta,,,
VN,SS,evisa,,,
VN,ST,evisa,,,
VN,SV,evisa,,,
VN,SY,evisa,,,
VN,SZ,visa_required,,,
VN,TD,evisa,,,
VN,TG,evisa,,,
VN,TH,visa_free,60,,
VN,TJ,visa_on_arrival,,,
VN,TL,visa_on_arrival,,,
VN,TM,visa_required,,,
VN,TN,visa_required,,,
VN,TO,visa_required,,,
VN,TR,visa_required,,,
VN,TT,visa_required,,,
VN,TV,visa_on_arrival,,,
VN,TW,eta,,,
VN,TZ,visa_on_arrival,,,
VN,UA,visa_required,,,
VN,UG,evisa,,,
VN,US,visa_required,,,
VN,UY,visa_required,,,
VN,UZ,evisa,,,
VN,VA,visa_required,,,
VN,VC,visa_free,90,,
VN,VE,visa_required,,,
VN,VU,evisa,,,
VN,WS,visa_on_arrival,,,
VN,XK,visa_required,,,
VN,YE,visa_required,,,
VN,ZA,visa_required,,,
VN,ZM,evisa,,,
VN,ZW,evisa,,,
VU,AD,visa_required,,,
VU,AE,evisa,,,
VU,AF,visa_required,,,
VU,AG,visa_free,180,,
VU,AL,evisa,,,
VU,AM,evisa,,,
VU,AO,visa_free,30,,
VU,AR,visa_required,,,
VU,AT,visa_required,,,
VU,AU,evisa,,,
VU,AZ,visa_required,,,
VU,BA,visa_free,90,,
VU,BB,visa_free,180,,
VU,BD,visa_required,,,
VU,BE,visa_required,,,
VU,BF,evisa,,,
VU,BG,visa_required,,,
VU,BH,evisa,,,
VU,BI,visa_on_arrival,,,
VU,BJ,evisa,,,
VU,BN,visa_required,,,
VU,BO,evisa,,,
VU,BR,visa_required,,,
VU,BS,visa_free,90,,
VU,BT,evisa,,,
VU,BW,visa_free,90,,
VU,BY,visa_free,30,,
VU,BZ,visa_free,,,
VU,CA,visa_required,,,
VU,CD,evisa,,,
VU,CF,visa_required,,,
VU,CG,visa_required,,,
VU,CH,visa_required,,,
VU,CI,eta,,,
VU,CL,visa_required,,,
VU,CM,evisa,,,
VU,CN,visa_required,,,
VU,CO,evisa,,,
VU,CR,visa_free,30,,
VU,CU,evisa,,,
VU,CV,visa_required,,,
VU,CY,visa_required,,,
VU,CZ,visa_required,,,
VU,DE,visa_required,,,
VU,DJ,visa_on_arrival,,,
VU,DK,visa_required,,,
VU,DM,visa_free,180,,
VU,DO,visa_free,30,,
VU,DZ,visa_required,,,
VU,EC,visa_free,90,,
VU,EE,visa_required,,,
VU,EG,visa_on_arrival,,,
VU,ER,visa_required,,,
VU,ES,visa_required,,,
VU,ET,evisa,,,
VU,FI,visa_required,,,
VU,FJ,visa_free,120,,
VU,FM,visa_free,30,,
VU,FR,visa_required,,,
VU,GA,evisa,,,
VU,GB,visa_required,,,
VU,GD,visa_free,90,,
VU,GE,evisa,,,
VU,GH,visa_required,,,
VU,GM,visa_free,90,,
VU,GN,evisa,,,
VU,GQ,evisa,,,
VU,GR,visa_required,,,
VU,GT,visa_free,90,,
VU,GW,visa_on_arrival,,,
VU,GY,evisa,,,
VU,HN,visa_free,90,,
VU,HR,visa_required,,,
VU,HT,visa_free,90,,
VU,HU,visa_required,,,
VU,ID,evisa,,,
VU,IE,visa_required,,,
VU,IL,eta,,,
VU,IN,evisa,,,
VU,IQ,evisa,,,
VU,IR,visa_on_arrival,,,
VU,IS,visa_required,,,
VU,IT,visa_required,,,
VU,JM,visa_free,,,
VU,JO,visa_on_arrival,,,
VU,JP,visa_required,,,
VU,KE,visa_free,90,,
VU,KG,evisa,,,
VU,KH,visa_on_arrival,,,
VU,KI,visa_free,90,,
VU,KM,visa_on_arrival,,,
VU,KN,eta,,,
VU,KP,visa_required,,,
VU,KR,evisa,,,
VU,KW,visa_required,,,
VU,KZ,evisa,,,
VU,LA,visa_on_arrival,,,
VU,LB,visa_required,,,
VU,LC,visa_free,42,,
VU,LI,visa_required,,,
VU,LK,eta,,,
VU,LR,evisa,,,
VU,LS,visa_free,90,,
VU,LT,visa_required,,,
VU,LU,visa_required,,,
VU,LV,visa_required,,,
VU,LY,evisa,,,
VU,MA,visa_required,,,
VU,MC,visa_required,,,
VU,MD,visa_free,90,,
VU,ME,visa_required,,,
VU,MG,visa_on_arrival,,,
VU,MH,visa_on_arrival,,,
VU,MK,visa_required,,,
VU,ML,visa_required,,,
VU,MM,visa_required,,,
VU,MN,evisa,,,
VU,MR,evisa,,,
VU,MT,visa_required,,,
VU,MU,visa_free,90,,
VU,MV,visa_on_arrival,,,
VU,MW,visa_free,,,
VU,MX,visa_required,,,
VU,MY,visa_free,30,,
VU,MZ,visa_on_arrival,,,
VU,NA,visa_on_arrival,,,
VU,NE,visa_required,,,
VU,NG,evisa,,,
VU,NI,visa_free,90,,
VU,NL,visa_required,,,
VU,NO,visa_required,,,
VU,NP,visa_on_arrival,,,
VU,NR,visa_on_arrival,,,
VU,NZ,visa_required,,,
VU,OM,evisa,,,
VU,PA,visa_free,90,,
VU,PE,visa_free,180,,
VU,PG,visa_on_arrival,,,
VU,PH,visa_free,30,,
VU,PK,evisa,,,
VU,PL,visa_required,,,
VU,PS,visa_free,,,
VU,PT,visa_required,,,
VU,PW,visa_on_arrival,,,
VU,PY,visa_required,,,
VU,QA,evisa,,,
VU,RO,visa_required,,,
VU,RS,visa_required,,,
VU,RU,visa_free,90,,
VU,RW,visa_free,30,,
VU,SA,evisa,,,
VU,SB,visa_on_arrival,,,
VU,SC,visa_free,90,,
VU,SD,visa_required,,,
VU,SE,visa_required,,,
VU,SG,visa_free,30,,
VU,SI,visa_required,,,
VU,SK,visa_required,,,
VU,SL,visa_on_arrival,,,
VU,SM,visa_required,,,
VU,SN,visa_on_arrival,,,
VU,SO,evisa,,,
VU,SR,eta,,,
VU,SS,evisa,,,
VU,ST,evisa,,,
VU,SV,visa_free,180,,
VU,SY,evisa,,,
VU,SZ,visa_free,30,,
VU,TD,evisa,,,
VU,TG,evisa,,,
VU,TH,visa_on_arrival,,,
VU,TJ,visa_required,,,
VU,TL,visa_on_arrival,,,
VU,TM,visa_required,,,
VU,TN,visa_required,,,
VU,TO,visa_on_arrival,,,
VU,TR,visa_required,,,
VU,TT,visa_free,,,
VU,TV,visa_on_arrival,,,
VU,TW,visa_required,,,
VU,TZ,visa_free,90,,
VU,UA,evisa,,,
VU,UG,visa_free,90,,
VU,US,visa_required,,,
VU,UY,visa_required,,,
VU,UZ,evisa,,,
VU,VA,visa_required,,,
VU,VC,visa_free,90,,
VU,VE,visa_required,,,
VU,VN,evisa,,,
VU,WS,visa_on_arrival,,,
VU,XK,visa_free,90,,
VU,YE,visa_required,,,
VU,ZA,visa_required,,,
VU,ZM,visa_free,90,,
VU,ZW,visa_free,90,,
WS,AD,visa_free,90,,
WS,AE,evisa,,,
WS,AF,visa_required,,,
WS,AG,visa_free,180,,
WS,AL,evisa,,,
WS,AM,evisa,,,
WS,AO,visa_required,,,
WS,AR,visa_required,,,
WS,AT,visa_free,90,,
WS,AU,evisa,,,
WS,AZ,visa_required,,,
WS,BA,visa_free,90,,
WS,BB,visa_free,180,,
WS,BD,visa_free,90,,
WS,BE,visa_free,90,,
WS,BF,evisa,,,
WS,BG,visa_free,90,,
WS,BH,evisa,,,
WS,BI,visa_on_arrival,,,
WS,BJ,evisa,,,
WS,BN,visa_required,,,
WS,BO,evisa,,,
WS,BR,visa_required,,,
WS,BS,visa_free,90,,
WS,BT,evisa,,,
WS,BW,visa_free,90,,
WS,BY,visa_required,,,
WS,BZ,visa_free,,,
WS,CA,eta,,,
WS,CD,evisa,,,
WS,CF,visa_required,,,
WS,CG,visa_required,,,
WS,CH,visa_free,90,,
WS,CI,eta,,,
WS,CL,visa_required,,,
WS,CM,evisa,,,
WS,CN,visa_free,30,,
WS,CO,visa_free,90,,
WS,CR,visa_free,30,,
WS,CU,evisa,,,
WS,CV,visa_required,,,
WS,CY,visa_free,90,,
WS,CZ,visa_free,90,,
WS,DE,visa_free,90,,
WS,DJ,visa_on_arrival,,,
WS,DK,visa_free,90,,
WS,DM,visa_free,180,,
WS,DO,visa_required,,,
WS,DZ,visa_required,,,
WS,EC,visa_free,90,,
WS,EE,visa_free,90,,
WS,EG,visa_on_arrival,,,
WS,ER,visa_required,,,
WS,ES,visa_free,90,,
WS,ET,evisa,,,
WS,FI,visa_free,90,,
WS,FJ,visa_free,120,,
WS,FM,visa_free,30,,
WS,FR,visa_free,90,,
WS,GA,evisa,,,
WS,GB,eta,,,
WS,GD,visa_free,90,,
WS,GE,evisa,,,
WS,GH,visa_required,,,
WS,GM,visa_free,90,,
WS,GN,evisa,,,
WS,GQ,evisa,,,
WS,GR,visa_free,90,,
WS,GT,visa_required,,,
WS,GW,visa_on_arrival,,,
WS,GY,evisa,,,
WS,HN,visa_required,,,
WS,HR,visa_free,90,,
WS,HT,visa_free,90,,
WS,HU,visa_free,90,,
WS,ID,evisa,,,
WS,IE,visa_free,90,,
WS,IL,eta,,,
WS,IN,evisa,,,
WS,IQ,evisa,,,
WS,IR,visa_on_arrival,,,
WS,IS,visa_free,90,,
WS,IT,visa_free,90,,
WS,JM,visa_free,,,
WS,JO,visa_on_arrival,,,
WS,JP,visa_required,,,
WS,KE,visa_free,90,,
WS,KG,evisa,,,
WS,KH,visa_on_arrival,,,
WS,KI,visa_free,90,,
WS,KM,visa_on_arrival,,,
WS,KN,evisa,,,
WS,KP,visa_required,,,
WS,KR,visa_free,30,,
WS,KW,visa_required,,,
WS,KZ,evisa,,,
WS,LA,visa_on_arrival,,,
WS,LB,visa_on_arrival,,,
WS,LC,visa_free,42,,
WS,LI,visa_free,90,,
WS,LK,eta,,,
WS,LR,evisa,,,
WS,LS,visa_free,90,,
WS,LT,visa_free,90,,
WS,LU,visa_free,90,,
WS,LV,visa_free,90,,
WS,LY,evisa,,,
WS,MA,visa_required,,,
WS,MC,visa_free,90,,
WS,MD,visa_free,90,,
WS,ME,visa_free,90,,
WS,MG,visa_on_arrival,,,
WS,MH,visa_on_arrival,,,
WS,MK,visa_required,,,
WS,ML,visa_required,,,
WS,MM,visa_required,,,
WS,MN,evisa,,,
WS,MR,evisa,,,
WS,MT,visa_free,90,,
WS,MU,visa_free,90,,
WS,MV,visa_on_arrival,,,
WS,MW,evisa,,,
WS,MX,visa_required,,,
WS,MY,visa_free,30,,
WS,MZ,visa_on_arrival,,,
WS,NA,visa_on_arrival,,,
WS,NE,visa_required,,,
WS,NG,evisa,,,
WS,NI,visa_on_arrival,,,
WS,NL,visa_free,90,,
WS,NO,visa_free,90,,
WS,NP,visa_on_arrival,,,
WS,NR,visa_on_arrival,,,
WS,NZ,visa_required,,,
WS,OM,evisa,,,
WS,PA,visa_free,90,,
WS,PE,visa_free,180,,
WS,PG,visa_on_arrival,,,
WS,PH,visa_free,30,,
WS,PK,visa_free,30,,
WS,PL,visa_free,90,,
WS,PS,visa_free,,,
WS,PT,visa_free,90,,
WS,PW,visa_on_arrival,,,
WS,PY,visa_required,,,
WS,QA,evisa,,,
WS,RO,visa_free,90,,
WS,RS,visa_required,,,
WS,RU,visa_free,60,,
WS,RW,visa_free,30,,
WS,SA,evisa,,,
WS,SB,visa_on_arrival,,,
WS,SC,visa_free,90,,
WS,SD,visa_required,,,
WS,SE,visa_free,90,,
WS,SG,visa_free,30,,
WS,SI,visa_free,90,,
WS,SK,visa_free,90,,
WS,SL,visa_on_arrival,,,
WS,SM,visa_free,90,,
WS,SN,visa_on_arrival,,,
WS,SO,evisa,,,
WS,SR,eta,,,
WS,SS,evisa,,,
WS,ST,evisa,,,
WS,SV,evisa,,,
WS,SY,evisa,,,
WS,SZ,visa_free,30,,
WS,TD,evisa,,,
WS,TG,evisa,,,
WS,TH,evisa,,,
WS,TJ,visa_required,,,
WS,TL,visa_on_arrival,,,
WS,TM,visa_required,,,
WS,TN,visa_required,,,
WS,TO,visa_on_arrival,,,
WS,TR,visa_required,,,
WS,TT,visa_free,,,
WS,TV,visa_on_arrival,,,
WS,TW,visa_required,,,
WS,TZ,visa_free,90,,
WS,UA,evisa,,,
WS,UG,evisa,,,
WS,US,visa_required,,,
WS,UY,visa_required,,,
WS,UZ,evisa,,,
WS,VA,visa_free,90,,
WS,VC,visa_free,90,,
WS,VE,visa_required,,,
WS,VN,evisa,,,
WS,VU,visa_free,120,,
WS,XK,visa_free,90,,
WS,YE,visa_required,,,
WS,ZA,visa_required,,,
WS,ZM,visa_free,90,,
WS,ZW,visa_free,90,,
XK,AD,visa_free,90,,
XK,AE,visa_free,90,,
XK,AF,visa_required,,,
XK,AG,visa_free,90,,
XK,AL,visa_free,90,,
XK,AM,no_admission,,,
XK,AO,visa_required,,,
XK,AR,visa_required,,,
XK,AT,visa_free,90,,
XK,AU,evisa,,,
XK,AZ,visa_required,,,
XK,BA,visa_required,,,
XK,BB,visa_required,,,
XK,BD,visa_on_arrival,,,
XK,BE,visa_free,90,,
XK,BF,evisa,,,
XK,BG,visa_free,90,,
XK,BH,evisa,,,
XK,BI,visa_on_arrival,,,
XK,BJ,evisa,,,
XK,BN,visa_free,14,,
XK,BO,evisa,,,
XK,BR,visa_required,,,
XK,BS,evisa,,,
XK,BT,evisa,,,
XK,BW,visa_required,,,
XK,BY,visa_required,,,
XK,BZ,visa_required,,,
XK,CA,visa_required,,,
XK,CD,evisa,,,
XK,CF,visa_required,,,
XK,CG,visa_required,,,
XK,CH,visa_free,90,,
XK,CI,eta,,,
XK,CL,visa_required,,,
XK,CM,evisa,,,
XK,CN,visa_required,,,
XK,CO,evisa,,,
XK,CR,visa_required,,,
XK,CU,no_admission,,,
XK,CV,visa_on_arrival,,,
XK,CY,visa_free,90,,
XK,CZ,visa_free,90,,
XK,DE,visa_free,90,,
XK,DJ,visa_on_arrival,,,
XK,DK,visa_free,90,,
XK,DM,visa_free,21,,
XK,DO,visa_required,,,
XK,DZ,visa_required,,,
XK,EC,visa_free,90,,
XK,EE,visa_free,90,,
XK,EG,evisa,,,
XK,ER,visa_required,,,
XK,ES,visa_free,90,,
XK,ET,visa_on_arrival,,,
XK,FI,visa_free,90,,
XK,FJ,visa_required,,,
XK,FM,visa_free,30,,
XK,FR,visa_free,90,,
XK,GA,evisa,,,
XK,GB,visa_required,,,
XK,GD,visa_required,,,
XK,GE,visa_required,,,
XK,GH,visa_required,,,
XK,GM,visa_free,90,,
XK,GN,evisa,,,
XK,GQ,evisa,,,
XK,GR,visa_free,90,,
XK,GT,visa_required,,,
XK,GW,visa_on_arrival,,,
XK,GY,evisa,,,
XK,HN,visa_required,,,
XK,HR,visa_free,90,,
XK,HT,visa_free,90,,
XK,HU,visa_free,90,,
XK,ID,evisa,,,
XK,IE,visa_required,,,
XK,IL,eta,,,
XK,IN,visa_required,,,
XK,IQ,evisa,,,
XK,IR,visa_on_arrival,,,
XK,IS,visa_free,90,,
XK,IT,visa_free,90,,
XK,JM,visa_on_arrival,,,
XK,JO,visa_on_arrival,,,
XK,JP,visa_required,,,
XK,KE,eta,,,
XK,KG,visa_required,,,
XK,KH,no_admission,,,
XK,KI,visa_required,,,
XK,KM,visa_on_arrival,,,
XK,KN,evisa,,,
XK,KP,visa_required,,,
XK,KR,evisa,,,
XK,KW,visa_required,,,
XK,KZ,evisa,,,
XK,LA,visa_on_arrival,,,
XK,LB,visa_required,,,
XK,LC,visa_required,,,
XK,LI,visa_free,90,,
XK,LK,eta,,,
XK,LR,evisa,,,
XK,LS,visa_required,,,
XK,LT,visa_free,90,,
XK,LU,visa_free,90,,
XK,LV,visa_free,90,,
XK,LY,evisa,,,
XK,MA,visa_required,,,
XK,MC,visa_free,90,,
XK,MD,evisa,,,
XK,ME,visa_free,30,,
XK,MG,visa_on_arrival,,,
XK,MH,visa_on_arrival,,,
XK,MK,visa_free,90,,
XK,ML,visa_required,,,
XK,MM,visa_required,,,
XK,MN,visa_required,,,
XK,MR,evisa,,,
XK,MT,visa_free,90,,
XK,MU,visa_required,,,
XK,MV,visa_on_arrival,,,
XK,MW,evisa,,,
XK,MX,visa_required,,,
XK,MY,visa_free,30,,
XK,MZ,visa_on_arrival,,,
XK,NA,evisa,,,
XK,NE,visa_required,,,
XK,NG,evisa,,,
XK,NI,visa_required,,,
XK,NL,visa_free,90,,
XK,NO,visa_free,90,,
XK,NP,visa_on_arrival,,,
XK,NR,visa_required,,,
XK,NZ,visa_required,,,
XK,OM,evisa,,,
XK,PA,visa_required,,,
XK,PE,visa_required,,,
XK,PG,evisa,,,
XK,PH,visa_required,,,
XK,PK,evisa,,,
XK,PL,visa_free,90,,
XK,PS,visa_free,,,
XK,PT,visa_free,90,,
XK,PW,visa_on_arrival,,,
XK,PY,visa_required,,,
XK,QA,evisa,,,
XK,RO,visa_free,90,,
XK,RS,visa_free,,,
XK,RU,visa_required,,,
XK,RW,visa_on_arrival,,,
XK,SA,evisa,,,
XK,SB,visa_required,,,
XK,SC,no_admission,,,
XK,SD,visa_required,,,
XK,SE,visa_free,90,,
XK,SG,evisa,,,
XK,SI,visa_free,90,,
XK,SK,visa_free,90,,
XK,SL,evisa,,,
XK,SM,visa_free,90,,
XK,SN,visa_required,,,
XK,SO,evisa,,,
XK,SR,eta,,,
XK,SS,evisa,,,
XK,ST,evisa,,,
XK,SV,evisa,,,
XK,SY,evisa,,,
XK,SZ,visa_required,,,
XK,TD,evisa,,,
XK,TG,evisa,,,
XK,TH,visa_free,60,,
XK,TJ,visa_required,,,
XK,TL,visa_on_arrival,,,
XK,TM,visa_required,,,
XK,TN,visa_required,,,
XK,TO,visa_required,,,
XK,TR,visa_free,90,,
XK,TT,visa_required,,,
XK,TV,visa_on_arrival,,,
XK,TW,visa_free,90,,
XK,TZ,visa_on_arrival,,,
XK,UA,visa_required,,,
XK,UG,evisa,,,
XK,US,visa_required,,,
XK,UY,visa_required,,,
XK,UZ,visa_required,,,
XK,VA,visa_free,90,,
XK,VC,visa_free,90,,
XK,VE,visa_required,,,
XK,VN,evisa,,,
XK,VU,evisa,,,
XK,WS,visa_on_arrival,,,
XK,YE,visa_required,,,
XK,ZA,visa_required,,,
XK,ZM,evisa,,,
XK,ZW,evisa,,,
YE,AD,visa_required,,,
YE,AE,evisa,,,
YE,AF,visa_required,,,
YE,AG,evisa,,,
YE,AL,evisa,,,
YE,AM,visa_required,,,
YE,AO,visa_required,,,
YE,AR,visa_required,,,
YE,AT,visa_required,,,
YE,AU,evisa,,,
YE,AZ,visa_required,,,
YE,BA,visa_required,,,
YE,BB,visa_required,,,
YE,BD,visa_required,,,
YE,BE,visa_required,,,
YE,BF,evisa,,,
YE,BG,visa_required,,,
YE,BH,evisa,,,
YE,BI,visa_on_arrival,,,
YE,BJ,evisa,,,
YE,BN,visa_required,,,
YE,BO,evisa,,,
YE,BR,visa_required,,,
YE,BS,evisa,,,
YE,BT,evisa,,,
YE,BW,evisa,,,
YE,BY,visa_required,,,
YE,BZ,visa_required,,,
YE,CA,visa_required,,,
YE,CD,evisa,,,
YE,CF,visa_required,,,
YE,CG,visa_required,,,
YE,CH,visa_required,,,
YE,CI,eta,,,
YE,CL,visa_required,,,
YE,CM,evisa,,,
YE,CN,visa_required,,,
YE,CO,evisa,,,
YE,CR,visa_required,,,
YE,CU,visa_required,,,
YE,CV,visa_required,,,
YE,CY,visa_required,,,
YE,CZ,visa_required,,,
YE,DE,visa_required,,,
YE,DJ,visa_on_arrival,,,
YE,DK,visa_required,,,
YE,DM,visa_free,21,,
YE,DO,visa_required,,,
YE,DZ,visa_required,,,
YE,EC,evisa,,,
YE,EE,visa_required,,,
YE,EG,visa_required,,,
YE,ER,visa_required,,,
YE,ES,visa_required,,,
YE,ET,evisa,,,
YE,FI,visa_required,,,
YE,FJ,visa_required,,,
YE,FM,visa_free,30,,
YE,FR,visa_required,,,
YE,GA,evisa,,,
YE,GB,visa_required,,,
YE,GD,visa_required,,,
YE,GE,visa_required,,,
YE,GH,visa_required,,,
YE,GM,visa_required,,,
YE,GN,evisa,,,
YE,GQ,evisa,,,
YE,GR,visa_required,,,
YE,GT,visa_required,,,
YE,GW,visa_on_arrival,,,
YE,GY,evisa,,,
YE,HN,visa_required,,,
YE,HR,visa_required,,,
YE,HT,visa_free,90,,
YE,HU,visa_required,,,
YE,ID,evisa,,,
YE,IE,visa_required,,,
YE,IL,evisa,,,
YE,IN,visa_required,,,
YE,IQ,evisa,,,
YE,IR,visa_on_arrival,,,
YE,IS,visa_required,,,
YE,IT,visa_required,,,
YE,JM,visa_required,,,
YE,JO,visa_required,,,
YE,JP,visa_required,,,
YE,KE,eta,,,
YE,KG,evisa,,,
YE,KH,visa_on_arrival,,,
YE,KI,visa_required,,,
YE,KM,visa_on_arrival,,,
YE,KN,evisa,,,
YE,KP,visa_required,,,
YE,KR,evisa,,,
YE,KW,visa_required,,,
YE,KZ,evisa,,,
YE,LA,visa_on_arrival,,,
YE,LB,visa_on_arrival,,,
YE,LC,visa_required,,,
YE,LI,visa_required,,,
YE,LK,eta,,,
YE,LR,evisa,,,
YE,LS,visa_required,,,
YE,LT,visa_required,,,
YE,LU,visa_required,,,
YE,LV,visa_required,,,
YE,LY,no_admission,,,
YE,MA,visa_required,,,
YE,MC,visa_required,,,
YE,MD,evisa,,,
YE,ME,visa_required,,,
YE,MG,visa_on_arrival,,,
YE,MH,visa_required,,,
YE,MK,visa_required,,,
YE,ML,visa_required,,,
YE,MM,visa_required,,,
YE,MN,visa_required,,,
YE,MR,evisa,,,
YE,MT,visa_required,,,
YE,MU,visa_required,,,
YE,MV,visa_on_arrival,,,
YE,MW,evisa,,,
YE,MX,visa_required,,,
YE,MY,visa_free,90,,
YE,MZ,visa_on_arrival,,,
YE,NA,evisa,,,
YE,NE,visa_required,,,
YE,NG,evisa,,,
YE,NI,visa_required,,,
YE,NL,visa_required,,,
YE,NO,visa_required,,,
YE,NP,visa_on_arrival,,,
YE,NR,visa_required,,,
YE,NZ,visa_required,,,
YE,OM,evisa,,,
YE,PA,visa_required,,,
YE,PE,visa_required,,,
YE,PG,evisa,,,
YE,PH,visa_required,,,
YE,PK,evisa,,,
YE,PL,visa_required,,,
YE,PS,visa_free,,,
YE,PT,visa_required,,,
YE,PW,visa_on_arrival,,,
YE,PY,visa_required,,,
YE,QA,evisa,,,
YE,RO,visa_required,,,
YE,RS,visa_required,,,
YE,RU,visa_required,,,
YE,RW,visa_on_arrival,,,
YE,SA,visa_required,,,
YE,SB,visa_required,,,
YE,SC,visa_free,90,,
YE,SD,visa_free,30,,
YE,SE,visa_required,,,
YE,SG,evisa,,,
YE,SI,visa_required,,,
YE,SK,visa_required,,,
YE,SL,evisa,,,
YE,SM,visa_required,,,
YE,SN,visa_required,,,
YE,SO,evisa,,,
YE,SR,eta,,,
YE,SS,evisa,,,
YE,ST,evisa,,,
YE,SV,evisa,,,
YE,SY,visa_free,,,
YE,SZ,visa_required,,,
YE,TD,evisa,,,
YE,TG,evisa,,,
YE,TH,evisa,,,
YE,TJ,visa_on_arrival,,,
YE,TL,visa_on_arrival,,,
YE,TM,visa_required,,,
YE,TN,visa_required,,,
YE,TO,visa_required,,,
YE,TR,visa_required,,,
YE,TT,visa_required,,,
YE,TV,visa_on_arrival,,,
YE,TW,visa_required,,,
YE,TZ,evisa,,,
YE,UA,visa_required,,,
YE,UG,evisa,,,
YE,US,no_admission,,,
YE,UY,visa_required,,,
YE,UZ,visa_required,,,
YE,VA,visa_required,,,
YE,VC,visa_free,90,,
YE,VE,visa_required,,,
YE,VN,evisa,,,
YE,VU,evisa,,,
YE,WS,visa_on_arrival,,,
YE,XK,visa_required,,,
YE,ZA,visa_required,,,
YE,ZM,evisa,,,
YE,ZW,evisa,,,
ZA,AD,visa_required,,,
ZA,AE,evisa,,,
ZA,AF,visa_required,,,
ZA,AG,visa_free,180,,
ZA,AL,evisa,,,
ZA,AM,visa_on_arrival,,,
ZA,AO,visa_free,30,,
ZA,AR,visa_free,90,,
ZA,AT,visa_required,,,
ZA,AU,evisa,,,
ZA,AZ,evisa,,,
ZA,BA,visa_required,,,
ZA,BB,visa_free,180,,
ZA,BD,visa_required,,,
ZA,BE,visa_required,,,
ZA,BF,evisa,,,
ZA,BG,visa_required,,,
ZA,BH,evisa,,,
ZA,BI,visa_on_arrival,,,
ZA,BJ,visa_free,90,,
ZA,BN,visa_required,,,
ZA,BO,visa_free,90,,
ZA,BR,visa_free,90,,
ZA,BS,visa_free,90,,
ZA,BT,evisa,,,
ZA,BW,visa_free,90,,
ZA,BY,visa_required,,,
ZA,BZ,visa_free,,,
ZA,CA,visa_required,,,
ZA,CD,evisa,,,
ZA,CF,visa_required,,,
ZA,CG,visa_required,,,
ZA,CH,visa_required,,,
ZA,CI,eta,,,
ZA,CL,visa_free,90,,
ZA,CM,evisa,,,
ZA,CN,visa_required,,,
ZA,CO,evisa,,,
ZA,CR,visa_free,180,,
ZA,CU,evisa,,,
ZA,CV,visa_on_arrival,,,
ZA,CY,visa_required,,,
ZA,CZ,visa_required,,,
ZA,DE,visa_required,,,
ZA,DJ,visa_on_arrival,,,
ZA,DK,visa_required,,,
ZA,DM,visa_free,180,,
ZA,DO,visa_free,30,,
ZA,DZ,visa_required,,,
ZA,EC,visa_free,90,,
ZA,EE,visa_required,,,
ZA,EG,visa_on_arrival,,,
ZA,ER,visa_required,,,
ZA,ES,visa_required,,,
ZA,ET,visa_on_arrival,,,
ZA,FI,visa_required,,,
ZA,FJ,visa_free,120,,
ZA,FM,visa_free,30,,
ZA,FR,visa_required,,,
ZA,GA,visa_free,30,,
ZA,GB,visa_required,,,
ZA,GD,visa_free,90,,
ZA,GE,visa_free,365,,
ZA,GH,visa_free,90,,
ZA,GM,visa_free,90,,
ZA,GN,evisa,,,
ZA,GQ,evisa,,,
ZA,GR,visa_required,,,
ZA,GT,visa_free,90,,
ZA,GW,visa_on_arrival,,,
ZA,GY,visa_free,30,,
ZA,HN,visa_free,90,,
ZA,HR,visa_required,,,
ZA,HT,visa_free,90,,
ZA,HU,visa_required,,,
ZA,ID,visa_on_arrival,,,
ZA,IE,visa_required,,,
ZA,IL,eta,,,
ZA,IN,evisa,,,
ZA,IQ,evisa,,,
ZA,IR,visa_on_arrival,,,
ZA,IS,visa_required,,,
ZA,IT,visa_required,,,
ZA,JM,visa_free,,,
ZA,JO,visa_on_arrival,,,
ZA,JP,evisa,,,
ZA,KE,visa_free,90,,
ZA,KG,visa_on_arrival,,,
ZA,KH,visa_on_arrival,,,
ZA,KI,visa_free,90,,
ZA,KM,visa_on_arrival,,,
ZA,KN,eta,,,
ZA,KP,visa_required,,,
ZA,KR,eta,,,
ZA,KW,visa_required,,,
ZA,KZ,evisa,,,
ZA,LA,visa_on_arrival,,,
ZA,LB,visa_required,,,
ZA,LC,visa_free,42,,
ZA,LI,visa_required,,,
ZA,LK,eta,,,
ZA,LR,visa_required,,,
ZA,LS,visa_free,,,
ZA,LT,visa_required,,,
ZA,LU,visa_required,,,
ZA,LV,visa_required,,,
ZA,LY,evisa,,,
ZA,MA,visa_required,,,
ZA,MC,visa_required,,,
ZA,MD,evisa,,,
ZA,ME,visa_required,,,
ZA,MG,visa_on_arrival,,,
ZA,MH,visa_on_arrival,,,
ZA,MK,visa_required,,,
ZA,ML,visa_required,,,
ZA,MM,evisa,,,
ZA,MN,evisa,,,
ZA,MR,evisa,,,
ZA,MT,visa_required,,,
ZA,MU,visa_free,90,,
ZA,MV,visa_on_arrival,,,
ZA,MW,visa_free,90,,
ZA,MX,visa_required,,,
ZA,MY,visa_free,90,,
ZA,MZ,visa_free,,,
ZA,NA,visa_free,90,,
ZA,NE,visa_required,,,
ZA,NG,evisa,,,
ZA,NI,visa_free,90,,
ZA,NL,visa_required,,,
ZA,NO,visa_required,,,
ZA,NP,visa_on_arrival,,,
ZA,NR,visa_required,,,
ZA,NZ,visa_required,,,
ZA,OM,visa_on_arrival,,,
ZA,PA,visa_free,90,,
ZA,PE,visa_free,180,,
ZA,PG,eta,,,
ZA,PH,visa_free,30,,
ZA,PK,evisa,,,
ZA,PL,visa_required,,,
ZA,PS,visa_free,,,
ZA,PT,visa_required,,,
ZA,PW,visa_on_arrival,,,
ZA,PY,visa_free,90,,
ZA,QA,visa_on_arrival,,,
ZA,RO,visa_required,,,
ZA,RS,visa_required,,,
ZA,RU,visa_free,90,,
ZA,RW,visa_free,30,,
ZA,SA,visa_on_arrival,,,
ZA,SB,visa_required,,,
ZA,SC,visa_free,90,,
ZA,SD,visa_required,,,
ZA,SE,visa_required,,,
ZA,SG,visa_free,30,,
ZA,SI,visa_required,,,
ZA,SK,visa_required,,,
ZA,SL,visa_on_arrival,,,
ZA,SM,visa_required,,,
ZA,SN,visa_on_arrival,,,
ZA,SO,evisa,,,
ZA,SR,evisa,,,
ZA,SS,evisa,,,
ZA,ST,evisa,,,
ZA,SV,visa_free,180,,
ZA,SY,evisa,,,
ZA,SZ,visa_free,30,,
ZA,TD,evisa,,,
ZA,TG,evisa,,,
ZA,TH,visa_free,60,,
ZA,TJ,visa_on_arrival,,,
ZA,TL,visa_on_arrival,,,
ZA,TM,visa_required,,,
ZA,TN,visa_free,90,,
ZA,TO,visa_required,,,
ZA,TR,evisa,,,
ZA,TT,visa_free,90,,
ZA,TV,visa_on_arrival,,,
ZA,TW,visa_required,,,
ZA,TZ,visa_free,90,,
ZA,UA,evisa,,,
ZA,UG,evisa,,,
ZA,US,visa_required,,,
ZA,UY,visa_free,90,,
ZA,UZ,visa_required,,,
ZA,VA,visa_required,,,
ZA,VC,visa_free,90,,
ZA,VE,visa_free,90,,
ZA,VN,evisa,,,
ZA,VU,visa_free,120,,
ZA,WS,visa_on_arrival,,,
ZA,XK,visa_required,,,
ZA,YE,visa_required,,,
ZA,ZM,visa_free,90,,
ZA,ZW,visa_free,90,,
ZM,AD,visa_required,,,
ZM,AE,evisa,,,
ZM,AF,visa_required,,,
ZM,AG,visa_free,180,,
ZM,AL,evisa,,,
ZM,AM,visa_required,,,
ZM,AO,visa_free,30,,
ZM,AR,visa_required,,,
ZM,AT,visa_required,,,
ZM,AU,evisa,,,
ZM,AZ,visa_required,,,
ZM,BA,visa_required,,,
ZM,BB,visa_free,180,,
ZM,BD,visa_free,90,,
ZM,BE,visa_required,,,
ZM,BF,evisa,,,
ZM,BG,visa_required,,,
ZM,BH,evisa,,,
ZM,BI,visa_on_arrival,,,
ZM,BJ,visa_free,90,,
ZM,BN,visa_required,,,
ZM,BO,evisa,,,
ZM,BR,visa_required,,,
ZM,BS,visa_free,90,,
ZM,BT,evisa,,,
ZM,BW,visa_free,90,,
ZM,BY,visa_required,,,
ZM,BZ,visa_free,,,
ZM,CA,visa_required,,,
ZM,CD,evisa,,,
ZM,CF,visa_required,,,
ZM,CG,visa_required,,,
ZM,CH,visa_required,,,
ZM,CI,eta,,,
ZM,CL,visa_required,,,
ZM,CM,evisa,,,
ZM,CN,visa_required,,,
ZM,CO,evisa,,,
ZM,CR,visa_required,,,
ZM,CU,evisa,,,
ZM,CV,visa_required,,,
ZM,CY,visa_required,,,
ZM,CZ,visa_required,,,
ZM,DE,visa_required,,,
ZM,DJ,visa_on_arrival,,,
ZM,DK,visa_required,,,
ZM,DM,visa_free,180,,
ZM,DO,visa_required,,,
ZM,DZ,visa_required,,,
ZM,EC,visa_free,90,,
ZM,EE,visa_required,,,
ZM,EG,visa_required,,,
ZM,ER,visa_required,,,
ZM,ES,visa_required,,,
ZM,ET,visa_on_arrival,,,
ZM,FI,visa_required,,,
ZM,FJ,visa_free,120,,
ZM,FM,visa_free,30,,
ZM,FR,visa_required,,,
ZM,GA,evisa,,,
ZM,GB,visa_required,,,
ZM,GD,visa_free,90,,
ZM,GE,evisa,,,
ZM,GH,visa_on_arrival,,,
ZM,GM,visa_free,90,,
ZM,GN,evisa,,,
ZM,GQ,evisa,,,
ZM,GR,visa_required,,,
ZM,GT,visa_required,,,
ZM,GW,visa_on_arrival,,,
ZM,GY,evisa,,,
ZM,HN,visa_required,,,
ZM,HR,visa_required,,,
ZM,HT,visa_free,90,,
ZM,HU,visa_required,,,
ZM,ID,evisa,,,
ZM,IE,visa_required,,,
ZM,IL,evisa,,,
ZM,IN,evisa,,,
ZM,IQ,evisa,,,
ZM,IR,visa_on_arrival,,,
ZM,IS,visa_required,,,
ZM,IT,visa_required,,,
ZM,JM,visa_free,,,
ZM,JO,visa_required,,,
ZM,JP,visa_required,,,
ZM,KE,visa_free,90,,
ZM,KG,evisa,,,
ZM,KH,visa_on_arrival,,,
ZM,KI,visa_free,90,,
ZM,KM,visa_on_arrival,,,
ZM,KN,eta,,,
ZM,KP,visa_required,,,
ZM,KR,evisa,,,
ZM,KW,visa_required,,,
ZM,KZ,evisa,,,
ZM,LA,visa_required,,,
ZM,LB,visa_required,,,
ZM,LC,visa_free,42,,
ZM,LI,visa_required,,,
ZM,LK,eta,,,
ZM,LR,evisa,,,
ZM,LS,visa_free,90,,
ZM,LT,visa_required,,,
ZM,LU,visa_required,,,
ZM,LV,visa_required,,,
ZM,LY,evisa,,,
ZM,MA,visa_required,,,
ZM,MC,visa_required,,,
ZM,MD,visa_required,,,
ZM,ME,visa_required,,,
ZM,MG,visa_on_arrival,,,
ZM,MH,visa_required,,,
ZM,MK,visa_required,,,
ZM,ML,visa_required,,,
ZM,MM,visa_required,,,
ZM,MN,evisa,,,
ZM,MR,evisa,,,
ZM,MT,visa_required,,,
ZM,MU,visa_free,90,,
ZM,MV,visa_on_arrival,,,
ZM,MW,visa_free,90,,https://evisa.gov.mw/
ZM,MX,visa_required,,,
ZM,MY,visa_free,30,,
ZM,MZ,visa_free,,,
ZM,NA,visa_free,90,,
ZM,NE,visa_required,,,
ZM,NG,evisa,,,
ZM,NI,visa_on_arrival,,,
ZM,NL,visa_required,,,
ZM,NO,visa_required,,,
ZM,NP,visa_on_arrival,,,
ZM,NR,visa_required,,,
ZM,NZ,visa_required,,,
ZM,OM,evisa,,,
ZM,PA,visa_required,,,
ZM,PE,visa_required,,,
ZM,PG,eta,,,
ZM,PH,visa_free,30,,
ZM,PK,evisa,,,
ZM,PL,visa_required,,,
ZM,PS,visa_required,,,
ZM,PT,visa_required,,,
ZM,PW,visa_on_arrival,,,
ZM,PY,visa_required,,,
ZM,QA,evisa,,,
ZM,RO,visa_required,,,
ZM,RS,visa_required,,,
ZM,RU,visa_required,,,
ZM,RW,visa_free,30,,
ZM,SA,evisa,,,
ZM,SB,visa_required,,,
ZM,SC,visa_free,90,,
ZM,SD,visa_required,,,
ZM,SE,visa_required,,,
ZM,SG,visa_free,30,,
ZM,SI,visa_required,,,
ZM,SK,visa_required,,,
ZM,SL,visa_on_arrival,,,
ZM,SM,visa_required,,,
ZM,SN,visa_on_arrival,,,
ZM,SO,evisa,,,
ZM,SR,evisa,,,
ZM,SS,evisa,,,
ZM,ST,evisa,,,
ZM,SV,evisa,,,
ZM,SY,evisa,,,
ZM,SZ,visa_free,30,,
ZM,TD,evisa,,,
ZM,TG,evisa,,,
ZM,TH,evisa,,,
ZM,TJ,visa_required,,,
ZM,TL,visa_on_arrival,,,
ZM,TM,visa_required,,,
ZM,TN,visa_required,,,
ZM,TO,visa_required,,,
ZM,TR,visa_required,,,
ZM,TT,visa_free,,,
ZM,TV,visa_on_arrival,,,
ZM,TW,visa_required,,,
ZM,TZ,visa_free,90,,
ZM,UA,visa_required,,,
ZM,UG,visa_free,90,,
ZM,US,visa_required,,,
ZM,UY,visa_required,,,
ZM,UZ,visa_required,,,
ZM,VA,visa_required,,,
ZM,VC,visa_free,90,,
ZM,VE,visa_required,,,
ZM,VN,evisa,,,
ZM,VU,visa_free,120,,
ZM,WS,visa_on_arrival,,,
ZM,XK,visa_required,,,
ZM,YE,visa_required,,,
ZM,ZA,visa_free,90,,
ZM,ZW,visa_free,90,,
ZW,AD,visa_required,,,
ZW,AE,evisa,,,
ZW,AF,visa_required,,,
ZW,AG,evisa,,,
ZW,AL,evisa,,,
ZW,AM,visa_required,,,
ZW,AO,visa_free,30,,
ZW,AR,visa_required,,,
ZW,AT,visa_required,,,
ZW,AU,evisa,,,
ZW,AZ,visa_required,,,
ZW,BA,visa_required,,,
ZW,BB,visa_free,180,,
ZW,BD,visa_on_arrival,,,
ZW,BE,visa_required,,,
ZW,BF,evisa,,,
ZW,BG,visa_required,,,
ZW,BH,evisa,,,
ZW,BI,visa_on_arrival,,,
ZW,BJ,visa_free,90,,
ZW,BN,visa_required,,,
ZW,BO,evisa,,,
ZW,BR,visa_required,,,
ZW,BS,visa_free,90,,
ZW,BT,evisa,,,
ZW,BW,visa_free,90,,
ZW,BY,visa_required,,,
ZW,BZ,visa_free,,,
ZW,CA,visa_required,,,
ZW,CD,visa_free,90,,
ZW,CF,visa_required,,,
ZW,CG,visa_required,,,
ZW,CH,visa_required,,,
ZW,CI,eta,,,
ZW,CL,visa_required,,,
ZW,CM,evisa,,,
ZW,CN,visa_required,,,
ZW,CO,evisa,,,
ZW,CR,visa_required,,,
ZW,CU,evisa,,,
ZW,CV,visa_required,,,
ZW,CY,visa_required,,,
ZW,CZ,visa_required,,,
ZW,DE,visa_required,,,
ZW,DJ,visa_on_arrival,,,
ZW,DK,visa_required,,,
ZW,DM,visa_free,21,,
ZW,DO,visa_required,,,
ZW,DZ,visa_required,,,
ZW,EC,visa_free,90,,
ZW,EE,visa_required,,,
ZW,EG,visa_required,,,
ZW,ER,visa_required,,,
ZW,ES,visa_required,,,
ZW,ET,visa_on_arrival,,,
ZW,FI,visa_required,,,
ZW,FJ,visa_free,120,,
ZW,FM,visa_free,30,,
ZW,FR,visa_required,,,
ZW,GA,evisa,,,
ZW,GB,visa_required,,,
ZW,GD,visa_required,,,
ZW,GE,evisa,,,
ZW,GH,visa_free,60,,
ZW,GM,visa_free,90,,
ZW,GN,evisa,,,
ZW,GQ,evisa,,,
ZW,GR,visa_required,,,
ZW,GT,visa_required,,,
ZW,GW,visa_on_arrival,,,
ZW,GY,evisa,,,
ZW,HN,visa_required,,,
ZW,HR,visa_required,,,
ZW,HT,visa_free,90,,
ZW,HU,visa_required,,,
ZW,ID,evisa,,,
ZW,IE,visa_required,,,
ZW,IL,evisa,,,
ZW,IN,evisa,,,
ZW,IQ,evisa,,,
ZW,IR,visa_free,15,,
ZW,IS,visa_required,,,
ZW,IT,visa_required,,,
ZW,JM,visa_required,,,
ZW,JO,visa_on_arrival,,,
ZW,JP,visa_required,,,
ZW,KE,visa_free,90,,
ZW,KG,evisa,,,
ZW,KH,visa_on_arrival,,,
ZW,KI,visa_required,,,
ZW,KM,visa_on_arrival,,,
ZW,KN,eta,,,
ZW,KP,visa_required,,,
ZW,KR,evisa,,,
ZW,KW,visa_required,,,
ZW,KZ,evisa,,,
ZW,LA,visa_required,,,
ZW,LB,visa_required,,,
ZW,LC,visa_on_arrival,,,
ZW,LI,visa_required,,,
ZW,LK,eta,,,
ZW,LR,evisa,,,
ZW,LS,visa_free,,,
ZW,LT,visa_required,,,
ZW,LU,visa_required,,,
ZW,LV,visa_required,,,
ZW,LY,evisa,,,
ZW,MA,visa_required,,,
ZW,MC,visa_required,,,
ZW,MD,visa_required,,,
ZW,ME,visa_required,,,
ZW,MG,visa_on_arrival,,,
ZW,MH,visa_required,,,
ZW,MK,visa_required,,,
ZW,ML,visa_required,,,
ZW,MM,visa_required,,,
ZW,MN,evisa,,,
ZW,MR,evisa,,,
ZW,MT,visa_required,,,
ZW,MU,visa_free,90,,
ZW,MV,visa_on_arrival,,,
ZW,MW,visa_free,90,,
ZW,MX,visa_required,,,
ZW,MY,visa_free,30,,
ZW,MZ,visa_free,,,
ZW,NA,visa_free,90,,
ZW,NE,visa_required,,,
ZW,NG,evisa,,,
ZW,NI,visa_on_arrival,,,
ZW,NL,visa_required,,,
ZW,NO,visa_required,,,
ZW,NP,visa_required,,,
ZW,NR,visa_required,,,
ZW,NZ,visa_required,,,
ZW,OM,evisa,,,
ZW,PA,visa_required,,,
ZW,PE,visa_required,,,
ZW,PG,evisa,,,
ZW,PH,visa_free,30,,
ZW,PK,evisa,,,
ZW,PL,visa_required,,,
ZW,PS,visa_free,,,
ZW,PT,visa_required,,,
ZW,PW,visa_on_arrival,,,
ZW,PY,visa_required,,,
ZW,QA,evisa,,,
ZW,RO,visa_required,,,
ZW,RS,visa_required,,,
ZW,RU,evisa,,,
ZW,RW,visa_free,30,,
ZW,SA,evisa,,,
ZW,SB,visa_required,,,
ZW,SC,visa_free,90,,
ZW,SD,visa_required,,,
ZW,SE,visa_required,,,
ZW,SG,visa_free,30,,
ZW,SI,visa_required,,,
ZW,SK,visa_required,,,
ZW,SL,evisa,,,
ZW,SM,visa_required,,,
ZW,SN,visa_on_arrival,,,
ZW,SO,evisa,,,
ZW,SR,eta,,,
ZW,SS,evisa,,,
ZW,ST,evisa,,,
ZW,SV,evisa,,,
ZW,SY,evisa,,,
ZW,SZ,visa_free,30,,
ZW,TD,evisa,,,
ZW,TG,evisa,,,
ZW,TH,evisa,,,
ZW,TJ,visa_required,,,
ZW,TL,visa_on_arrival,,,
ZW,TM,visa_required,,,
ZW,TN,visa_required,,,
ZW,TO,visa_required,,,
ZW,TR,visa_required,,,
ZW,TT,visa_free,,,
ZW,TV,visa_on_arrival,,,
ZW,TW,visa_required,,,
ZW,TZ,visa_free,90,,
ZW,UA,visa_required,,,
ZW,UG,visa_free,90,,
ZW,US,visa_required,,,
ZW,UY,visa_required,,,
ZW,UZ,visa_required,,,
ZW,VA,visa_required,,,
ZW,VC,visa_free,90,,
ZW,VE,visa_required,,,
ZW,VN,evisa,,,
ZW,VU,visa_free,120,,
ZW,WS,visa_on_arrival,,,
ZW,XK,visa_required,,,
ZW,YE,visa_required,,,
ZW,ZA,visa_free,90,,
ZW,ZM,visa_free,90,,
